Connected to devtools ( ws://127.0.0.1:8081 )
---
loop=<ProactorEventLoop running=True closed=False debug=False>
features=frozenset({'debug', 'devtools'})
Writing logs to 'C:\\Users\\azoun\\code\\MidiRouter\\textual.log'
STARTED FileMonitor({WindowsPath('C:/Users/azoun/code/MidiRouter/src/midi_router/scripts/midi-router-interactive.tcss')})
Load() >>> MidiRouterApp(title='MidiRouterApp', classes={'-dark-mode'}, pseudo_classes={'focus', 'dark'}) method=None
driver=<textual.drivers.web_driver.WebDriver object at 0x0000016732AFF770>
Compose() >>> Screen(id='_default') method=<Widget.on_compose>
Compose() >>> ToastRack(id='textual-toastrack', classes='-textual-system') method=<Widget.on_compose>
Mount() >>> ToastRack(id='textual-toastrack', classes='-textual-system') method=<Widget.on_mount>
Compose() >>> Tooltip(id='textual-tooltip', classes='-textual-system') method=<Widget.on_compose>
Mount() >>> Tooltip(id='textual-tooltip', classes='-textual-system') method=<Widget.on_mount>
Compose() >>> MidiRouterApp(title='MidiRouterApp', classes={'-dark-mode'}, pseudo_classes={'focus', 'dark'}) method=<App.on_compose>
Resize(size=Size(width=212, height=49)) >>> MidiRouterApp(title='MidiRouterApp', classes={'-dark-mode'}, pseudo_classes={'focus', 'dark'}) method=<App.on_resize>
Mount() >>> MidiRouterApp(title='MidiRouterApp', classes={'-dark-mode'}, pseudo_classes={'focus', 'dark'}) method=<MidiRouterApp.on_mount>
MainScreen() INSTALLED name='main'
Compose() >>> MainScreen() method=<Widget.on_compose>
Compose() >>> ToastRack(id='textual-toastrack', classes='-textual-system') method=<Widget.on_compose>
Mount() >>> ToastRack(id='textual-toastrack', classes='-textual-system') method=<Widget.on_mount>
Compose() >>> Tooltip(id='textual-tooltip', classes='-textual-system') method=<Widget.on_compose>
Mount() >>> Tooltip(id='textual-tooltip', classes='-textual-system') method=<Widget.on_mount>
Compose() >>> Header() method=<Widget.on_compose>
Compose() >>> HeaderIcon() method=<Widget.on_compose>
Mount() >>> HeaderIcon() method=<HeaderIcon.on_mount>
Mount() >>> HeaderIcon() method=<Widget.on_mount>
Compose() >>> HeaderTitle() method=<Widget.on_compose>
Mount() >>> HeaderTitle() method=<Widget.on_mount>
Compose() >>> HeaderClockSpace() method=<Widget.on_compose>
Mount() >>> HeaderClockSpace() method=<Widget.on_mount>
Compose() >>> Horizontal() method=<Widget.on_compose>
Compose() >>> Routes(id='routes-view') method=<Widget.on_compose>
Compose() >>> ListView() method=<Widget.on_compose>
Compose() >>> ListItem() method=<Widget.on_compose>
Compose() >>> Label() method=<Widget.on_compose>
Mount() >>> Label() method=<Widget.on_mount>
Compose() >>> ListItem() method=<Widget.on_compose>
Compose() >>> Label() method=<Widget.on_compose>
Mount() >>> Label() method=<Widget.on_mount>
Compose() >>> Vertical() method=<Widget.on_compose>
Compose() >>> Label(id='midi-router-label') method=<Widget.on_compose>
Mount() >>> Label(id='midi-router-label') method=<Widget.on_mount>
Compose() >>> Label() method=<Widget.on_compose>
Mount() >>> Label() method=<Widget.on_mount>
Compose() >>> Footer() method=<Widget.on_compose>
Mount() >>> Footer() method=<Footer.on_mount>
Mount() >>> Footer() method=<Widget.on_mount>
ListView() was focused
MainScreen() is current (PUSHED)
Callback(callback=functools.partial(<bound method DOMNode._initialize_data_bind of HeaderIcon()>)) >>> HeaderIcon() method=<MessagePump.on_callback>
InvokeLater(callback=functools.partial(<bound method Widget.recompose of Footer()>)) >>> Footer() method=<MessagePump.on_invoke_later>
Mount() >>> Screen(id='_default') method=<Screen.on_mount>
Mount() >>> Screen(id='_default') method=<Widget.on_mount>
Mount() >>> Header() method=<Header.on_mount>
Mount() >>> Header() method=<Widget.on_mount>
Mount() >>> ListItem() method=<Widget.on_mount>
Mount() >>> ListItem() method=<Widget.on_mount>
Mount() >>> Vertical() method=<Widget.on_mount>
Callback(callback=functools.partial(<function Widget.mount.<locals>.update_styles at 0x0000016732AE8900>, [])) >>> Screen(id='_default') method=<MessagePump.on_callback>
ScreenResume() >>> Screen(id='_default') method=<Screen.on_screen_resume>
Compose() >>> ScrollBar(name='vertical', classes='-textual-system', window_virtual_size=100, window_size=0, position=0, thickness=2) method=<Widget.on_compose>
Mount() >>> ScrollBar(name='vertical', classes='-textual-system', window_virtual_size=100, window_size=0, position=0, thickness=2) method=<Widget.on_mount>
Callback(callback=functools.partial(<function Widget.mount.<locals>.update_styles at 0x0000016732C056C0>, [])) >>> Screen(id='_default') method=<MessagePump.on_callback>
Layout() >>> Screen(id='_default') method=<Screen.on_layout>
ScreenSuspend() >>> Screen(id='_default') method=<Screen.on_screen_suspend>
Callback(callback=functools.partial(<bound method Reactive._compute of <class 'textual.reactive.Reactive'>>, Screen(id='_default'))) >>> Screen(id='_default') method=<MessagePump.on_callback>
Resize(size=Size(width=212, height=49)) >>> Screen(id='_default') method=<Screen.on_resize>
Show() >>> Screen(id='_default') method=<Widget.on_show>
Callback(callback=functools.partial(<function Widget.mount.<locals>.update_styles at 0x0000016732C074C0>, [HeaderIcon(), HeaderTitle(), HeaderClockSpace()])) >>> Header() method=<MessagePump.on_callback>
Callback(callback=functools.partial(<function Widget.mount.<locals>.update_styles at 0x0000016732CD0720>, [Label()])) >>> ListItem() method=<MessagePump.on_callback>
Callback(callback=functools.partial(<function Widget.mount.<locals>.update_styles at 0x0000016732CD0900>, [Label()])) >>> ListItem() method=<MessagePump.on_callback>
Callback(callback=functools.partial(<function Widget.mount.<locals>.update_styles at 0x0000016732CD0E00>, [Label(id='midi-router-label'), Label()])) >>> Vertical() method=<MessagePump.on_callback>
Layout() >>> Screen(id='_default') method=<Screen.on_layout>
Mount() >>> ListView() method=<ListView.on_mount>
Mount() >>> ListView() method=<Widget.on_mount>
Callback(callback=functools.partial(<function Widget.mount.<locals>.update_styles at 0x0000016732CD0540>, [ListItem(classes='-highlight'), ListItem()])) >>> ListView() method=<MessagePump.on_callback>
Focus(from_app_focus=False) >>> ListView() method=<Widget.on_focus>
InvokeLater(callback=functools.partial(<bound method Widget.scroll_to_widget of ListView()>, ListItem(classes='-highlight'), animate=False)) >>> ListView() method=<MessagePump.on_invoke_later>
Highlighted() >>> ListView() method=None
Mount() >>> Routes(id='routes-view') method=<Widget.on_mount>
Callback(callback=functools.partial(<bound method DOMNode._initialize_data_bind of Routes(id='routes-view')>)) >>> Routes(id='routes-view') method=<MessagePump.on_callback>
Callback(callback=functools.partial(<function Widget.mount.<locals>.update_styles at 0x0000016732C06D40>, [ListView()])) >>> Routes(id='routes-view') method=<MessagePump.on_callback>
DescendantFocus(widget=ListView()) >>> Routes(id='routes-view') method=None
Highlighted() >>> Routes(id='routes-view') method=None
Callback(callback=functools.partial(<function DOMNode._initialize_data_bind.<locals>.make_setter.<locals>.setter at 0x0000016732CD0C20>, None)) >>> Routes(id='routes-view') method=<MessagePump.on_callback>
Mount() >>> Horizontal() method=<Widget.on_mount>
Callback(callback=functools.partial(<function Widget.mount.<locals>.update_styles at 0x0000016732C07740>, [Routes(id='routes-view'), Vertical()])) >>> Horizontal() method=<MessagePump.on_callback>
DescendantFocus(widget=ListView()) >>> Horizontal() method=None
Highlighted() >>> Horizontal() method=None
Mount() >>> MainScreen() method=<MainScreen.on_mount>
Mount() >>> MainScreen() method=<Screen.on_mount>
Mount() >>> MainScreen() method=<Widget.on_mount>
Callback(callback=functools.partial(<bound method Reactive._compute of <class 'textual.reactive.Reactive'>>, Header())) >>> Header() method=<MessagePump.on_callback>
Callback(callback=functools.partial(<bound method Reactive._compute of <class 'textual.reactive.Reactive'>>, Header())) >>> Header() method=<MessagePump.on_callback>
Callback(callback=functools.partial(<bound method DOMNode._initialize_data_bind of MainScreen()>)) >>> MainScreen() method=<MessagePump.on_callback>
Callback(callback=functools.partial(<function Widget.mount.<locals>.update_styles at 0x0000016732C04180>, [Header(), Horizontal(), Footer()])) >>> MainScreen() method=<MessagePump.on_callback>
Callback(callback=functools.partial(<function Screen.set_focus.<locals>.scroll_to_center at 0x0000016732C05D00>, ListView())) >>> MainScreen() method=<MessagePump.on_callback>
InvokeLater(callback=functools.partial(<bound method Screen.refresh_bindings of MainScreen()>)) >>> MainScreen() method=<MessagePump.on_invoke_later>
ScreenResume() >>> MainScreen() method=<Screen.on_screen_resume>
Compose() >>> ScrollBar(name='vertical', classes='-textual-system', window_virtual_size=100, window_size=0, position=0, thickness=2) method=<Widget.on_compose>
Mount() >>> ScrollBar(name='vertical', classes='-textual-system', window_virtual_size=100, window_size=0, position=0, thickness=2) method=<Widget.on_mount>
Layout() >>> MainScreen() method=<Screen.on_layout>
Update(HeaderIcon()) >>> MainScreen() method=<Screen.on_update>
Update(Header()) >>> MainScreen() method=<Screen.on_update>
Layout() >>> MainScreen() method=<Screen.on_layout>
Update(ListItem(classes='-highlight')) >>> MainScreen() method=<Screen.on_update>
Layout() >>> MainScreen() method=<Screen.on_layout>
Update(ListItem()) >>> MainScreen() method=<Screen.on_update>
Layout() >>> MainScreen() method=<Screen.on_layout>
Update(Vertical()) >>> MainScreen() method=<Screen.on_update>
Layout() >>> MainScreen() method=<Screen.on_layout>
Update(ListItem(classes='-highlight')) >>> MainScreen() method=<Screen.on_update>
Update(Label()) >>> MainScreen() method=<Screen.on_update>
Update(ListView()) >>> MainScreen() method=<Screen.on_update>
Layout() >>> MainScreen() method=<Screen.on_layout>
Update(Routes(id='routes-view')) >>> MainScreen() method=<Screen.on_update>
Layout() >>> MainScreen() method=<Screen.on_layout>
Update(Routes(id='routes-view')) >>> MainScreen() method=<Screen.on_update>
DescendantFocus(widget=ListView()) >>> MainScreen() method=None
Update(Horizontal()) >>> MainScreen() method=<Screen.on_update>
Layout() >>> MainScreen() method=<Screen.on_layout>
Highlighted() >>> MainScreen() method=None
Callback(callback=functools.partial(<bound method Reactive._compute of <class 'textual.reactive.Reactive'>>, MainScreen())) >>> MainScreen() method=<MessagePump.on_callback>
Callback(callback=functools.partial(<bound method Reactive._compute of <class 'textual.reactive.Reactive'>>, MainScreen())) >>> MainScreen() method=<MessagePump.on_callback>
Update(HeaderTitle()) >>> MainScreen() method=<Screen.on_update>
Layout() >>> MainScreen() method=<Screen.on_layout>
Callback(callback=functools.partial(<function DOMNode._initialize_data_bind.<locals>.make_setter.<locals>.setter at 0x0000016732CD1440>, Config(ports=PortsConfig(inputs=[InputPort(identifier='in_minilab', name='Arturia MiniLab mkII:Arturia MiniLab mkII MIDI 1', port=None, port_type=<PortType.USB: 'USB'>), InputPort(identifier='in_bsp', name='Arturia BeatStep Pro:Arturia BeatStep Pro Arturia Be', port=None, port_type=<PortType.USB: 'USB'>), InputPort(identifier='in_picotracker', name='PicoTracker:PicoTracker MIDI 1', port=None, port_type=<PortType.USB: 'USB'>)], outputs=[InputPort(identifier='out_bsp', name='Arturia BeatStep Pro:Arturia BeatStep Pro Arturia Be', port=None, port_type=<PortType.USB: 'USB'>), InputPort(identifier='out_nifty1', name='Cre8audioNiftyCASE:Cre8audioNiftyCASE MIDI 1', port=None, port_type=<PortType.USB: 'USB'>), InputPort(identifier='out_nifty2', name='Cre8audioNiftyCASE:Cre8audioNiftyCASE MIDI 1', port=None, port_type=<PortType.USB: 'USB'>), InputPort(identifier='out_picotracker', name='PicoTracker:PicoTracker MIDI 1', port=None, port_type=<PortType.USB: 'USB'>)]), mappings=[Mapping(from_port=PortSpecifier(identifier='in_minilab'), to_port=PortSpecifier(identifier='out_bsp'), from_channel=0, to_channel=0), Mapping(from_port=PortSpecifier(identifier='in_minilab'), to_port=PortSpecifier(identifier='out_bsp'), from_channel=1, to_channel=1), Mapping(from_port=PortSpecifier(identifier='in_minilab'), to_port=PortSpecifier(identifier='out_nifty2'), from_channel=2, to_channel=0), Mapping(from_port=PortSpecifier(identifier='in_minilab'), to_port=PortSpecifier(identifier='out_nifty2'), from_channel=3, to_channel=1), Mapping(from_port=PortSpecifier(identifier='in_picotracker'), to_port=PortSpecifier(identifier='out_bsp'), from_channel=<ChannelConstant.ALL: 'ALL'>, to_channel=<ChannelConstant.ALL: 'ALL'>), Mapping(from_port=PortSpecifier(identifier='in_bsp'), to_port=PortSpecifier(identifier='out_nifty1'), from_channel=0, to_channel=0), Mapping(from_port=PortSpecifier(identifier='in_bsp'), to_port=PortSpecifier(identifier='out_nifty1'), from_channel=1, to_channel=1), Mapping(from_port=PortSpecifier(identifier='in_bsp'), to_port=PortSpecifier(identifier='out_nifty1'), from_channel=9, to_channel=9), Mapping(from_port=PortSpecifier(identifier='in_bsp'), to_port=PortSpecifier(identifier='out_nifty2'), from_channel=10, to_channel=9), Mapping(from_port=PortSpecifier(identifier='in_bsp'), to_port=PortSpecifier(identifier='out_picotracker'), from_channel=<ChannelConstant.ALL: 'ALL'>, to_channel=<ChannelConstant.ALL: 'ALL'>)]))) >>> MainScreen() method=<MessagePump.on_callback>
Callback(callback=functools.partial(<bound method Reactive._compute of <class 'textual.reactive.Reactive'>>, MainScreen())) >>> MainScreen() method=<MessagePump.on_callback>
Resize(size=Size(width=212, height=49)) >>> MainScreen() method=<Screen.on_resize>
Compose() >>> FooterKey(classes='-command-palette') method=<Widget.on_compose>
Mount() >>> FooterKey(classes='-command-palette') method=<Widget.on_mount>
Resize(size=Size(width=194, height=1)) >>> HeaderTitle() method=None
Show() >>> HeaderTitle() method=<Widget.on_show>
Resize(size=Size(width=212, height=1)) >>> Footer() method=None
Resize(size=Size(width=10, height=1), container_size=Size(width=8, height=1)) >>> HeaderClockSpace() method=None
Show() >>> HeaderClockSpace() method=<Widget.on_show>
Resize(size=Size(width=8, height=1), container_size=Size(width=6, height=1)) >>> HeaderIcon() method=None
Show() >>> HeaderIcon() method=<Widget.on_show>
Resize(size=Size(width=212, height=1)) >>> Header() method=None
Show() >>> Header() method=<Widget.on_show>
Resize(size=Size(width=13, height=1)) >>> Label() method=None
Show() >>> Label() method=<Widget.on_show>
Resize(size=Size(width=64, height=1)) >>> Label(id='midi-router-label') method=None
Show() >>> Label(id='midi-router-label') method=<Widget.on_show>
Resize(size=Size(width=106, height=47)) >>> Vertical() method=None
Show() >>> Vertical() method=<Widget.on_show>
Resize(size=Size(width=40, height=1)) >>> Label() method=None
Show() >>> Label() method=<Widget.on_show>
Resize(size=Size(width=104, height=1)) >>> ListItem() method=None
Show() >>> ListItem() method=<Widget.on_show>
Resize(size=Size(width=40, height=1)) >>> Label() method=None
Show() >>> Label() method=<Widget.on_show>
Resize(size=Size(width=104, height=1)) >>> ListItem(classes='-highlight') method=None
Show() >>> ListItem(classes='-highlight') method=<Widget.on_show>
Resize(size=Size(width=104, height=45)) >>> ListView() method=None
Show() >>> ListView() method=<Widget.on_show>
Resize(size=Size(width=106, height=47), virtual_size=Size(width=104, height=45), container_size=Size(width=104, height=45)) >>> Routes(id='routes-view') method=None
Show() >>> Routes(id='routes-view') method=<Widget.on_show>
Resize(size=Size(width=212, height=47)) >>> Horizontal() method=None
Show() >>> Horizontal() method=<Widget.on_show>
ready in 992 milliseconds
Show() >>> MainScreen() method=<Widget.on_show>
Update(HeaderTitle()) >>> MainScreen() method=<Screen.on_update>
Layout() >>> MainScreen() method=<Screen.on_layout>
Update(HeaderClockSpace()) >>> MainScreen() method=<Screen.on_update>
Layout() >>> MainScreen() method=<Screen.on_layout>
Update(HeaderIcon()) >>> MainScreen() method=<Screen.on_update>
Layout() >>> MainScreen() method=<Screen.on_layout>
Update(Header()) >>> MainScreen() method=<Screen.on_update>
Layout() >>> MainScreen() method=<Screen.on_layout>
Update(Label()) >>> MainScreen() method=<Screen.on_update>
Layout() >>> MainScreen() method=<Screen.on_layout>
Update(Label(id='midi-router-label')) >>> MainScreen() method=<Screen.on_update>
Layout() >>> MainScreen() method=<Screen.on_layout>
Update(Vertical()) >>> MainScreen() method=<Screen.on_update>
Layout() >>> MainScreen() method=<Screen.on_layout>
Update(Label()) >>> MainScreen() method=<Screen.on_update>
Layout() >>> MainScreen() method=<Screen.on_layout>
Update(ListItem()) >>> MainScreen() method=<Screen.on_update>
Layout() >>> MainScreen() method=<Screen.on_layout>
Update(Label()) >>> MainScreen() method=<Screen.on_update>
Layout() >>> MainScreen() method=<Screen.on_layout>
Update(ListItem(classes='-highlight')) >>> MainScreen() method=<Screen.on_update>
Layout() >>> MainScreen() method=<Screen.on_layout>
Update(ListView()) >>> MainScreen() method=<Screen.on_update>
Layout() >>> MainScreen() method=<Screen.on_layout>
Update(Routes(id='routes-view')) >>> MainScreen() method=<Screen.on_update>
Layout() >>> MainScreen() method=<Screen.on_layout>
Update(Horizontal()) >>> MainScreen() method=<Screen.on_update>
Layout() >>> MainScreen() method=<Screen.on_layout>
Update(FooterKey(classes='-compact -command-palette')) >>> MainScreen() method=<Screen.on_update>
Callback(callback=functools.partial(<bound method MessagePump.post_message of MidiRouterApp(title='MidiRouterApp', classes={'-dark-mode'}, pseudo_classes={'focus', 'dark'})>, AppBlur())) >>> MidiRouterApp(title='MidiRouterApp', classes={'-dark-mode'}, pseudo_classes={'focus', 'dark'}) method=<MessagePump.on_callback>
Resize(size=Size(width=212, height=49)) >>> MidiRouterApp(title='MidiRouterApp', classes={'-dark-mode'}, pseudo_classes={'focus', 'dark'}) method=<App.on_resize>
Callback(callback=functools.partial(<bound method ToastRack.show of ToastRack(id='textual-toastrack', classes='-textual-system')>, <textual.notifications.Notifications object at 0x0000016732AFC980>)) >>> MidiRouterApp(title='MidiRouterApp', classes={'-dark-mode'}, pseudo_classes={'focus', 'dark'}) method=<MessagePump.on_callback>
Ready() >>> MidiRouterApp(title='MidiRouterApp', classes={'-dark-mode'}, pseudo_classes={'focus', 'dark'}) method=None
Callback(callback=functools.partial(<bound method ToastRack.show of ToastRack(id='textual-toastrack', classes='-textual-system')>, <textual.notifications.Notifications object at 0x0000016732AFC980>)) >>> MidiRouterApp(title='MidiRouterApp', classes={'-dark-mode'}, pseudo_classes={'focus', 'dark'}) method=<MessagePump.on_callback>
DescendantFocus(widget=ListView()) >>> MidiRouterApp(title='MidiRouterApp', classes={'-dark-mode'}, pseudo_classes={'focus', 'dark'}) method=None
Highlighted() >>> MidiRouterApp(title='MidiRouterApp', classes={'-dark-mode'}, pseudo_classes={'focus', 'dark'}) method=None
AppBlur() >>> MidiRouterApp(title='MidiRouterApp', classes={'-dark-mode'}, pseudo_classes={'focus', 'dark'}) method=<App.on_app_blur>
focus was removed
Callback(callback=functools.partial(<bound method Reactive._compute of <class 'textual.reactive.Reactive'>>, MidiRouterApp(title='MidiRouterApp', classes={'-dark-mode'}, pseudo_classes={'dark', 'blur'}))) >>> MidiRouterApp(title='MidiRouterApp', classes={'-dark-mode'}, pseudo_classes={'dark', 'blur'}) method=<MessagePump.on_callback>
Callback(callback=functools.partial(<bound method Reactive._compute of <class 'textual.reactive.Reactive'>>, MidiRouterApp(title='MidiRouterApp', classes={'-dark-mode'}, pseudo_classes={'dark', 'blur'}))) >>> MidiRouterApp(title='MidiRouterApp', classes={'-dark-mode'}, pseudo_classes={'dark', 'blur'}) method=<MessagePump.on_callback>
Show() >>> Footer() method=<Widget.on_show>
Callback(callback=functools.partial(<function Widget.mount.<locals>.update_styles at 0x0000016732E9ECA0>, [FooterKey(classes='-compact -command-palette')])) >>> Footer() method=<MessagePump.on_callback>
InvokeLater(callback=functools.partial(<bound method Widget.recompose of Footer()>)) >>> Footer() method=<MessagePump.on_invoke_later>
InvokeLater(callback=functools.partial(<bound method Screen.refresh_bindings of MainScreen()>)) >>> MainScreen() method=<MessagePump.on_invoke_later>
Resize(size=Size(width=212, height=49)) >>> MainScreen() method=<Screen.on_resize>
Update(Footer()) >>> MainScreen() method=<Screen.on_update>
Layout() >>> MainScreen() method=<Screen.on_layout>
Update(HeaderTitle()) >>> MainScreen() method=<Screen.on_update>
Layout() >>> MainScreen() method=<Screen.on_layout>
Blur() >>> ListView() method=<Widget.on_blur>
Resize(size=Size(width=212, height=49)) >>> Screen(id='_default') method=<Screen.on_resize>
Resize(size=Size(width=12, height=1), container_size=Size(width=10, height=1)) >>> FooterKey(classes='-compact -command-palette') method=None
Show() >>> FooterKey(classes='-compact -command-palette') method=<Widget.on_show>
Layout() >>> MainScreen() method=<Screen.on_layout>
Update(ListView()) >>> MainScreen() method=<Screen.on_update>
Update(FooterKey(classes='-compact -command-palette')) >>> MainScreen() method=<Screen.on_update>
Layout() >>> MainScreen() method=<Screen.on_layout>
DescendantBlur(widget=ListView()) >>> Routes(id='routes-view') method=None
Update(Label()) >>> MainScreen() method=<Screen.on_update>
Update(ListItem()) >>> MainScreen() method=<Screen.on_update>
Update(Label()) >>> MainScreen() method=<Screen.on_update>
Update(ListItem(classes='-highlight')) >>> MainScreen() method=<Screen.on_update>
DescendantBlur(widget=ListView()) >>> Horizontal() method=None
DescendantBlur(widget=ListView()) >>> MainScreen() method=None
DescendantBlur(widget=ListView()) >>> MidiRouterApp(title='MidiRouterApp', classes={'-dark-mode'}, pseudo_classes={'dark', 'blur'}) method=None
Prune() >>> FooterKey(classes='-compact -command-palette') method=<Widget.on_prune>
Unmount() >>> FooterKey(classes='-compact -command-palette') method=<Widget.on_unmount>
Compose() >>> FooterKey(classes='-command-palette') method=<Widget.on_compose>
Mount() >>> FooterKey(classes='-command-palette') method=<Widget.on_mount>
Update(Footer()) >>> MainScreen() method=<Screen.on_update>
Layout() >>> MainScreen() method=<Screen.on_layout>
Update(Footer()) >>> MainScreen() method=<Screen.on_update>
Layout() >>> MainScreen() method=<Screen.on_layout>
Update(FooterKey(classes='-compact -command-palette')) >>> MainScreen() method=<Screen.on_update>
Callback(callback=functools.partial(<function Widget.mount.<locals>.update_styles at 0x0000016732DAF560>, [FooterKey(classes='-compact -command-palette')])) >>> Footer() method=<MessagePump.on_callback>
Update(Footer()) >>> MainScreen() method=<Screen.on_update>
Layout() >>> MainScreen() method=<Screen.on_layout>
Resize(size=Size(width=12, height=1), container_size=Size(width=10, height=1)) >>> FooterKey(classes='-compact -command-palette') method=None
Show() >>> FooterKey(classes='-compact -command-palette') method=<Widget.on_show>
Update(FooterKey(classes='-compact -command-palette')) >>> MainScreen() method=<Screen.on_update>
Layout() >>> MainScreen() method=<Screen.on_layout>
Enter() >>> Vertical() method=<Widget.on_enter>
MouseMove(Vertical(), x=28, y=34, pointer_x=28.0, pointer_y=34.0, delta_x=134, delta_y=35, screen_x=134.0, screen_y=35.0, style=Style(bgcolor=Color('#121212', ColorType.TRUECOLOR, triplet=ColorTriplet(red=18, green=18, blue=18)))) >>> Vertical() method=None
Enter() >>> Horizontal() method=<Widget.on_enter>
MouseMove(Vertical(), x=28, y=34, pointer_x=28.0, pointer_y=34.0, delta_x=134, delta_y=35, screen_x=134.0, screen_y=35.0, style=Style(bgcolor=Color('#121212', ColorType.TRUECOLOR, triplet=ColorTriplet(red=18, green=18, blue=18)))) >>> Horizontal() method=None
Enter() >>> MainScreen() method=<Widget.on_enter>
MouseMove(Vertical(), x=28, y=34, pointer_x=28.0, pointer_y=34.0, delta_x=134, delta_y=35, screen_x=134.0, screen_y=35.0, style=Style(bgcolor=Color('#121212', ColorType.TRUECOLOR, triplet=ColorTriplet(red=18, green=18, blue=18)))) >>> MainScreen() method=None
Enter() >>> MidiRouterApp(title='MidiRouterApp', classes={'-dark-mode'}, pseudo_classes={'dark', 'blur'}) method=None
MouseMove(Vertical(), x=28, y=34, pointer_x=28.0, pointer_y=34.0, delta_x=134, delta_y=35, screen_x=134.0, screen_y=35.0, style=Style(bgcolor=Color('#121212', ColorType.TRUECOLOR, triplet=ColorTriplet(red=18, green=18, blue=18)))) >>> MidiRouterApp(title='MidiRouterApp', classes={'-dark-mode'}, pseudo_classes={'dark', 'blur'}) method=None
Layout() >>> MainScreen() method=<Screen.on_layout>
InvokeLater(callback=functools.partial(<function App._update_mouse_over.<locals>.check_mouse at 0x0000016732DAF060>)) >>> MidiRouterApp(title='MidiRouterApp', classes={'-dark-mode'}, pseudo_classes={'dark', 'blur'}) method=<MessagePump.on_invoke_later>
MouseMove(Vertical(), x=27, y=33, pointer_x=27.0, pointer_y=33.0, delta_x=-1, delta_y=-1, screen_x=133.0, screen_y=34.0, style=Style(bgcolor=Color('#121212', ColorType.TRUECOLOR, triplet=ColorTriplet(red=18, green=18, blue=18)))) >>> Vertical() method=None
MouseMove(Vertical(), x=27, y=33, pointer_x=27.0, pointer_y=33.0, delta_x=-1, delta_y=-1, screen_x=133.0, screen_y=34.0, style=Style(bgcolor=Color('#121212', ColorType.TRUECOLOR, triplet=ColorTriplet(red=18, green=18, blue=18)))) >>> Horizontal() method=None
MouseMove(Vertical(), x=27, y=33, pointer_x=27.0, pointer_y=33.0, delta_x=-1, delta_y=-1, screen_x=133.0, screen_y=34.0, style=Style(bgcolor=Color('#121212', ColorType.TRUECOLOR, triplet=ColorTriplet(red=18, green=18, blue=18)))) >>> MainScreen() method=None
MouseMove(Vertical(), x=27, y=33, pointer_x=27.0, pointer_y=33.0, delta_x=-1, delta_y=-1, screen_x=133.0, screen_y=34.0, style=Style(bgcolor=Color('#121212', ColorType.TRUECOLOR, triplet=ColorTriplet(red=18, green=18, blue=18)))) >>> MidiRouterApp(title='MidiRouterApp', classes={'-dark-mode'}, pseudo_classes={'dark', 'blur'}) method=None
MouseMove(Vertical(), x=19, y=31, pointer_x=19.0, pointer_y=31.0, delta_x=-8, delta_y=-2, screen_x=125.0, screen_y=32.0, style=Style(bgcolor=Color('#121212', ColorType.TRUECOLOR, triplet=ColorTriplet(red=18, green=18, blue=18)))) >>> Vertical() method=None
MouseMove(Vertical(), x=19, y=31, pointer_x=19.0, pointer_y=31.0, delta_x=-8, delta_y=-2, screen_x=125.0, screen_y=32.0, style=Style(bgcolor=Color('#121212', ColorType.TRUECOLOR, triplet=ColorTriplet(red=18, green=18, blue=18)))) >>> Horizontal() method=None
MouseMove(Vertical(), x=19, y=31, pointer_x=19.0, pointer_y=31.0, delta_x=-8, delta_y=-2, screen_x=125.0, screen_y=32.0, style=Style(bgcolor=Color('#121212', ColorType.TRUECOLOR, triplet=ColorTriplet(red=18, green=18, blue=18)))) >>> MainScreen() method=None
MouseMove(Vertical(), x=19, y=31, pointer_x=19.0, pointer_y=31.0, delta_x=-8, delta_y=-2, screen_x=125.0, screen_y=32.0, style=Style(bgcolor=Color('#121212', ColorType.TRUECOLOR, triplet=ColorTriplet(red=18, green=18, blue=18)))) >>> MidiRouterApp(title='MidiRouterApp', classes={'-dark-mode'}, pseudo_classes={'dark', 'blur'}) method=None
MouseMove(Vertical(), x=7, y=27, pointer_x=7.0, pointer_y=27.0, delta_x=-12, delta_y=-4, screen_x=113.0, screen_y=28.0, style=Style(bgcolor=Color('#121212', ColorType.TRUECOLOR, triplet=ColorTriplet(red=18, green=18, blue=18)))) >>> Vertical() method=None
MouseMove(Vertical(), x=7, y=27, pointer_x=7.0, pointer_y=27.0, delta_x=-12, delta_y=-4, screen_x=113.0, screen_y=28.0, style=Style(bgcolor=Color('#121212', ColorType.TRUECOLOR, triplet=ColorTriplet(red=18, green=18, blue=18)))) >>> Horizontal() method=None
MouseMove(Vertical(), x=7, y=27, pointer_x=7.0, pointer_y=27.0, delta_x=-12, delta_y=-4, screen_x=113.0, screen_y=28.0, style=Style(bgcolor=Color('#121212', ColorType.TRUECOLOR, triplet=ColorTriplet(red=18, green=18, blue=18)))) >>> MainScreen() method=None
MouseMove(Vertical(), x=7, y=27, pointer_x=7.0, pointer_y=27.0, delta_x=-12, delta_y=-4, screen_x=113.0, screen_y=28.0, style=Style(bgcolor=Color('#121212', ColorType.TRUECOLOR, triplet=ColorTriplet(red=18, green=18, blue=18)))) >>> MidiRouterApp(title='MidiRouterApp', classes={'-dark-mode'}, pseudo_classes={'dark', 'blur'}) method=None
MouseMove(Vertical(), x=3, y=24, pointer_x=3.0, pointer_y=24.0, delta_x=-4, delta_y=-3, screen_x=109.0, screen_y=25.0, style=Style(bgcolor=Color('#121212', ColorType.TRUECOLOR, triplet=ColorTriplet(red=18, green=18, blue=18)))) >>> Vertical() method=None
MouseMove(Vertical(), x=3, y=24, pointer_x=3.0, pointer_y=24.0, delta_x=-4, delta_y=-3, screen_x=109.0, screen_y=25.0, style=Style(bgcolor=Color('#121212', ColorType.TRUECOLOR, triplet=ColorTriplet(red=18, green=18, blue=18)))) >>> Horizontal() method=None
MouseMove(Vertical(), x=3, y=24, pointer_x=3.0, pointer_y=24.0, delta_x=-4, delta_y=-3, screen_x=109.0, screen_y=25.0, style=Style(bgcolor=Color('#121212', ColorType.TRUECOLOR, triplet=ColorTriplet(red=18, green=18, blue=18)))) >>> MainScreen() method=None
MouseMove(Vertical(), x=3, y=24, pointer_x=3.0, pointer_y=24.0, delta_x=-4, delta_y=-3, screen_x=109.0, screen_y=25.0, style=Style(bgcolor=Color('#121212', ColorType.TRUECOLOR, triplet=ColorTriplet(red=18, green=18, blue=18)))) >>> MidiRouterApp(title='MidiRouterApp', classes={'-dark-mode'}, pseudo_classes={'dark', 'blur'}) method=None
Leave() >>> Vertical() method=<Widget.on_leave>
Enter() >>> Routes(id='routes-view') method=<Widget.on_enter>
MouseMove(Routes(id='routes-view'), x=105, y=21, pointer_x=105.0, pointer_y=21.0, delta_x=-4, delta_y=-3, screen_y=22.0, style=Style(color=Color('#ff0000', ColorType.TRUECOLOR, triplet=ColorTriplet(red=255, green=0, blue=0)), bgcolor=Color('#121212', ColorType.TRUECOLOR, triplet=ColorTriplet(red=18, green=18, blue=18)))) >>> Routes(id='routes-view') method=None
Leave() >>> Horizontal() method=<Widget.on_leave>
Enter() >>> Horizontal() method=<Widget.on_enter>
MouseMove(Routes(id='routes-view'), x=105, y=21, pointer_x=105.0, pointer_y=21.0, delta_x=-4, delta_y=-3, screen_y=22.0, style=Style(color=Color('#ff0000', ColorType.TRUECOLOR, triplet=ColorTriplet(red=255, green=0, blue=0)), bgcolor=Color('#121212', ColorType.TRUECOLOR, triplet=ColorTriplet(red=18, green=18, blue=18)))) >>> Horizontal() method=None
Leave() >>> MainScreen() method=<Widget.on_leave>
Enter() >>> MainScreen() method=<Widget.on_enter>
MouseMove(Routes(id='routes-view'), x=105, y=21, pointer_x=105.0, pointer_y=21.0, delta_x=-4, delta_y=-3, screen_y=22.0, style=Style(color=Color('#ff0000', ColorType.TRUECOLOR, triplet=ColorTriplet(red=255, green=0, blue=0)), bgcolor=Color('#121212', ColorType.TRUECOLOR, triplet=ColorTriplet(red=18, green=18, blue=18)))) >>> MainScreen() method=None
Leave() >>> MidiRouterApp(title='MidiRouterApp', classes={'-dark-mode'}, pseudo_classes={'dark', 'blur'}) method=None
Enter() >>> MidiRouterApp(title='MidiRouterApp', classes={'-dark-mode'}, pseudo_classes={'dark', 'blur'}) method=None
MouseMove(Routes(id='routes-view'), x=105, y=21, pointer_x=105.0, pointer_y=21.0, delta_x=-4, delta_y=-3, screen_y=22.0, style=Style(color=Color('#ff0000', ColorType.TRUECOLOR, triplet=ColorTriplet(red=255, green=0, blue=0)), bgcolor=Color('#121212', ColorType.TRUECOLOR, triplet=ColorTriplet(red=18, green=18, blue=18)))) >>> MidiRouterApp(title='MidiRouterApp', classes={'-dark-mode'}, pseudo_classes={'dark', 'blur'}) method=None
Leave() >>> Routes(id='routes-view') method=<Widget.on_leave>
Enter() >>> ListView() method=<Widget.on_enter>
MouseMove(ListView(), x=103, y=18, pointer_x=103.0, pointer_y=18.0, delta_x=-1, delta_y=-2, screen_x=104.0, screen_y=20.0, style=Style(bgcolor=Color('#1e1e1e', ColorType.TRUECOLOR, triplet=ColorTriplet(red=30, green=30, blue=30)))) >>> ListView() method=None
Leave() >>> Horizontal() method=<Widget.on_leave>
Enter() >>> Routes(id='routes-view') method=<Widget.on_enter>
MouseMove(ListView(), x=103, y=18, pointer_x=103.0, pointer_y=18.0, delta_x=-1, delta_y=-2, screen_x=104.0, screen_y=20.0, style=Style(bgcolor=Color('#1e1e1e', ColorType.TRUECOLOR, triplet=ColorTriplet(red=30, green=30, blue=30)))) >>> Routes(id='routes-view') method=None
Leave() >>> MainScreen() method=<Widget.on_leave>
Enter() >>> Horizontal() method=<Widget.on_enter>
MouseMove(ListView(), x=103, y=18, pointer_x=103.0, pointer_y=18.0, delta_x=-1, delta_y=-2, screen_x=104.0, screen_y=20.0, style=Style(bgcolor=Color('#1e1e1e', ColorType.TRUECOLOR, triplet=ColorTriplet(red=30, green=30, blue=30)))) >>> Horizontal() method=None
Leave() >>> MidiRouterApp(title='MidiRouterApp', classes={'-dark-mode'}, pseudo_classes={'dark', 'blur'}) method=None
Enter() >>> MainScreen() method=<Widget.on_enter>
MouseMove(ListView(), x=103, y=18, pointer_x=103.0, pointer_y=18.0, delta_x=-1, delta_y=-2, screen_x=104.0, screen_y=20.0, style=Style(bgcolor=Color('#1e1e1e', ColorType.TRUECOLOR, triplet=ColorTriplet(red=30, green=30, blue=30)))) >>> MainScreen() method=None
Enter() >>> MidiRouterApp(title='MidiRouterApp', classes={'-dark-mode'}, pseudo_classes={'dark', 'blur'}) method=None
MouseMove(ListView(), x=103, y=18, pointer_x=103.0, pointer_y=18.0, delta_x=-1, delta_y=-2, screen_x=104.0, screen_y=20.0, style=Style(bgcolor=Color('#1e1e1e', ColorType.TRUECOLOR, triplet=ColorTriplet(red=30, green=30, blue=30)))) >>> MidiRouterApp(title='MidiRouterApp', classes={'-dark-mode'}, pseudo_classes={'dark', 'blur'}) method=None
MouseMove(ListView(), x=103, y=17, pointer_x=103.0, pointer_y=17.0, delta_y=-1, screen_x=104.0, screen_y=19.0, style=Style(bgcolor=Color('#1e1e1e', ColorType.TRUECOLOR, triplet=ColorTriplet(red=30, green=30, blue=30)))) >>> ListView() method=None
MouseMove(ListView(), x=103, y=17, pointer_x=103.0, pointer_y=17.0, delta_y=-1, screen_x=104.0, screen_y=19.0, style=Style(bgcolor=Color('#1e1e1e', ColorType.TRUECOLOR, triplet=ColorTriplet(red=30, green=30, blue=30)))) >>> Routes(id='routes-view') method=None
MouseMove(ListView(), x=103, y=17, pointer_x=103.0, pointer_y=17.0, delta_y=-1, screen_x=104.0, screen_y=19.0, style=Style(bgcolor=Color('#1e1e1e', ColorType.TRUECOLOR, triplet=ColorTriplet(red=30, green=30, blue=30)))) >>> Horizontal() method=None
MouseMove(ListView(), x=103, y=17, pointer_x=103.0, pointer_y=17.0, delta_y=-1, screen_x=104.0, screen_y=19.0, style=Style(bgcolor=Color('#1e1e1e', ColorType.TRUECOLOR, triplet=ColorTriplet(red=30, green=30, blue=30)))) >>> MainScreen() method=None
MouseMove(ListView(), x=103, y=17, pointer_x=103.0, pointer_y=17.0, delta_y=-1, screen_x=104.0, screen_y=19.0, style=Style(bgcolor=Color('#1e1e1e', ColorType.TRUECOLOR, triplet=ColorTriplet(red=30, green=30, blue=30)))) >>> MidiRouterApp(title='MidiRouterApp', classes={'-dark-mode'}, pseudo_classes={'dark', 'blur'}) method=None
MouseMove(ListView(), x=102, y=17, pointer_x=102.0, pointer_y=17.0, delta_x=-1, screen_x=103.0, screen_y=19.0, style=Style(bgcolor=Color('#1e1e1e', ColorType.TRUECOLOR, triplet=ColorTriplet(red=30, green=30, blue=30)))) >>> ListView() method=None
MouseMove(ListView(), x=102, y=17, pointer_x=102.0, pointer_y=17.0, delta_x=-1, screen_x=103.0, screen_y=19.0, style=Style(bgcolor=Color('#1e1e1e', ColorType.TRUECOLOR, triplet=ColorTriplet(red=30, green=30, blue=30)))) >>> Routes(id='routes-view') method=None
MouseMove(ListView(), x=102, y=17, pointer_x=102.0, pointer_y=17.0, delta_x=-1, screen_x=103.0, screen_y=19.0, style=Style(bgcolor=Color('#1e1e1e', ColorType.TRUECOLOR, triplet=ColorTriplet(red=30, green=30, blue=30)))) >>> Horizontal() method=None
MouseMove(ListView(), x=102, y=17, pointer_x=102.0, pointer_y=17.0, delta_x=-1, screen_x=103.0, screen_y=19.0, style=Style(bgcolor=Color('#1e1e1e', ColorType.TRUECOLOR, triplet=ColorTriplet(red=30, green=30, blue=30)))) >>> MainScreen() method=None
MouseMove(ListView(), x=102, y=17, pointer_x=102.0, pointer_y=17.0, delta_x=-1, screen_x=103.0, screen_y=19.0, style=Style(bgcolor=Color('#1e1e1e', ColorType.TRUECOLOR, triplet=ColorTriplet(red=30, green=30, blue=30)))) >>> MidiRouterApp(title='MidiRouterApp', classes={'-dark-mode'}, pseudo_classes={'dark', 'blur'}) method=None
MouseMove(ListView(), x=100, y=16, pointer_x=100.0, pointer_y=16.0, delta_x=-2, delta_y=-1, screen_x=101.0, screen_y=18.0, style=Style(bgcolor=Color('#1e1e1e', ColorType.TRUECOLOR, triplet=ColorTriplet(red=30, green=30, blue=30)))) >>> ListView() method=None
MouseMove(ListView(), x=100, y=16, pointer_x=100.0, pointer_y=16.0, delta_x=-2, delta_y=-1, screen_x=101.0, screen_y=18.0, style=Style(bgcolor=Color('#1e1e1e', ColorType.TRUECOLOR, triplet=ColorTriplet(red=30, green=30, blue=30)))) >>> Routes(id='routes-view') method=None
MouseMove(ListView(), x=100, y=16, pointer_x=100.0, pointer_y=16.0, delta_x=-2, delta_y=-1, screen_x=101.0, screen_y=18.0, style=Style(bgcolor=Color('#1e1e1e', ColorType.TRUECOLOR, triplet=ColorTriplet(red=30, green=30, blue=30)))) >>> Horizontal() method=None
MouseMove(ListView(), x=100, y=16, pointer_x=100.0, pointer_y=16.0, delta_x=-2, delta_y=-1, screen_x=101.0, screen_y=18.0, style=Style(bgcolor=Color('#1e1e1e', ColorType.TRUECOLOR, triplet=ColorTriplet(red=30, green=30, blue=30)))) >>> MainScreen() method=None
MouseMove(ListView(), x=100, y=16, pointer_x=100.0, pointer_y=16.0, delta_x=-2, delta_y=-1, screen_x=101.0, screen_y=18.0, style=Style(bgcolor=Color('#1e1e1e', ColorType.TRUECOLOR, triplet=ColorTriplet(red=30, green=30, blue=30)))) >>> MidiRouterApp(title='MidiRouterApp', classes={'-dark-mode'}, pseudo_classes={'dark', 'blur'}) method=None
MouseMove(ListView(), x=92, y=14, pointer_x=92.0, pointer_y=14.0, delta_x=-8, delta_y=-2, screen_x=93.0, screen_y=16.0, style=Style(bgcolor=Color('#1e1e1e', ColorType.TRUECOLOR, triplet=ColorTriplet(red=30, green=30, blue=30)))) >>> ListView() method=None
MouseMove(ListView(), x=92, y=14, pointer_x=92.0, pointer_y=14.0, delta_x=-8, delta_y=-2, screen_x=93.0, screen_y=16.0, style=Style(bgcolor=Color('#1e1e1e', ColorType.TRUECOLOR, triplet=ColorTriplet(red=30, green=30, blue=30)))) >>> Routes(id='routes-view') method=None
MouseMove(ListView(), x=92, y=14, pointer_x=92.0, pointer_y=14.0, delta_x=-8, delta_y=-2, screen_x=93.0, screen_y=16.0, style=Style(bgcolor=Color('#1e1e1e', ColorType.TRUECOLOR, triplet=ColorTriplet(red=30, green=30, blue=30)))) >>> Horizontal() method=None
MouseMove(ListView(), x=92, y=14, pointer_x=92.0, pointer_y=14.0, delta_x=-8, delta_y=-2, screen_x=93.0, screen_y=16.0, style=Style(bgcolor=Color('#1e1e1e', ColorType.TRUECOLOR, triplet=ColorTriplet(red=30, green=30, blue=30)))) >>> MainScreen() method=None
MouseMove(ListView(), x=92, y=14, pointer_x=92.0, pointer_y=14.0, delta_x=-8, delta_y=-2, screen_x=93.0, screen_y=16.0, style=Style(bgcolor=Color('#1e1e1e', ColorType.TRUECOLOR, triplet=ColorTriplet(red=30, green=30, blue=30)))) >>> MidiRouterApp(title='MidiRouterApp', classes={'-dark-mode'}, pseudo_classes={'dark', 'blur'}) method=None
MouseMove(ListView(), x=88, y=11, pointer_x=88.0, pointer_y=11.0, delta_x=-4, delta_y=-3, screen_x=89.0, screen_y=13.0, style=Style(bgcolor=Color('#1e1e1e', ColorType.TRUECOLOR, triplet=ColorTriplet(red=30, green=30, blue=30)))) >>> ListView() method=None
MouseMove(ListView(), x=88, y=11, pointer_x=88.0, pointer_y=11.0, delta_x=-4, delta_y=-3, screen_x=89.0, screen_y=13.0, style=Style(bgcolor=Color('#1e1e1e', ColorType.TRUECOLOR, triplet=ColorTriplet(red=30, green=30, blue=30)))) >>> Routes(id='routes-view') method=None
MouseMove(ListView(), x=88, y=11, pointer_x=88.0, pointer_y=11.0, delta_x=-4, delta_y=-3, screen_x=89.0, screen_y=13.0, style=Style(bgcolor=Color('#1e1e1e', ColorType.TRUECOLOR, triplet=ColorTriplet(red=30, green=30, blue=30)))) >>> Horizontal() method=None
MouseMove(ListView(), x=88, y=11, pointer_x=88.0, pointer_y=11.0, delta_x=-4, delta_y=-3, screen_x=89.0, screen_y=13.0, style=Style(bgcolor=Color('#1e1e1e', ColorType.TRUECOLOR, triplet=ColorTriplet(red=30, green=30, blue=30)))) >>> MainScreen() method=None
MouseMove(ListView(), x=88, y=11, pointer_x=88.0, pointer_y=11.0, delta_x=-4, delta_y=-3, screen_x=89.0, screen_y=13.0, style=Style(bgcolor=Color('#1e1e1e', ColorType.TRUECOLOR, triplet=ColorTriplet(red=30, green=30, blue=30)))) >>> MidiRouterApp(title='MidiRouterApp', classes={'-dark-mode'}, pseudo_classes={'dark', 'blur'}) method=None
MouseMove(ListView(), x=86, y=10, pointer_x=86.0, pointer_y=10.0, delta_x=-2, delta_y=-1, screen_x=87.0, screen_y=12.0, style=Style(bgcolor=Color('#1e1e1e', ColorType.TRUECOLOR, triplet=ColorTriplet(red=30, green=30, blue=30)))) >>> ListView() method=None
MouseMove(ListView(), x=86, y=10, pointer_x=86.0, pointer_y=10.0, delta_x=-2, delta_y=-1, screen_x=87.0, screen_y=12.0, style=Style(bgcolor=Color('#1e1e1e', ColorType.TRUECOLOR, triplet=ColorTriplet(red=30, green=30, blue=30)))) >>> Routes(id='routes-view') method=None
MouseMove(ListView(), x=86, y=10, pointer_x=86.0, pointer_y=10.0, delta_x=-2, delta_y=-1, screen_x=87.0, screen_y=12.0, style=Style(bgcolor=Color('#1e1e1e', ColorType.TRUECOLOR, triplet=ColorTriplet(red=30, green=30, blue=30)))) >>> Horizontal() method=None
MouseMove(ListView(), x=86, y=10, pointer_x=86.0, pointer_y=10.0, delta_x=-2, delta_y=-1, screen_x=87.0, screen_y=12.0, style=Style(bgcolor=Color('#1e1e1e', ColorType.TRUECOLOR, triplet=ColorTriplet(red=30, green=30, blue=30)))) >>> MainScreen() method=None
MouseMove(ListView(), x=86, y=10, pointer_x=86.0, pointer_y=10.0, delta_x=-2, delta_y=-1, screen_x=87.0, screen_y=12.0, style=Style(bgcolor=Color('#1e1e1e', ColorType.TRUECOLOR, triplet=ColorTriplet(red=30, green=30, blue=30)))) >>> MidiRouterApp(title='MidiRouterApp', classes={'-dark-mode'}, pseudo_classes={'dark', 'blur'}) method=None
MouseMove(ListView(), x=84, y=8, pointer_x=84.0, pointer_y=8.0, delta_x=-2, delta_y=-2, screen_x=85.0, screen_y=10.0, style=Style(bgcolor=Color('#1e1e1e', ColorType.TRUECOLOR, triplet=ColorTriplet(red=30, green=30, blue=30)))) >>> ListView() method=None
MouseMove(ListView(), x=84, y=8, pointer_x=84.0, pointer_y=8.0, delta_x=-2, delta_y=-2, screen_x=85.0, screen_y=10.0, style=Style(bgcolor=Color('#1e1e1e', ColorType.TRUECOLOR, triplet=ColorTriplet(red=30, green=30, blue=30)))) >>> Routes(id='routes-view') method=None
MouseMove(ListView(), x=84, y=8, pointer_x=84.0, pointer_y=8.0, delta_x=-2, delta_y=-2, screen_x=85.0, screen_y=10.0, style=Style(bgcolor=Color('#1e1e1e', ColorType.TRUECOLOR, triplet=ColorTriplet(red=30, green=30, blue=30)))) >>> Horizontal() method=None
MouseMove(ListView(), x=84, y=8, pointer_x=84.0, pointer_y=8.0, delta_x=-2, delta_y=-2, screen_x=85.0, screen_y=10.0, style=Style(bgcolor=Color('#1e1e1e', ColorType.TRUECOLOR, triplet=ColorTriplet(red=30, green=30, blue=30)))) >>> MainScreen() method=None
MouseMove(ListView(), x=84, y=8, pointer_x=84.0, pointer_y=8.0, delta_x=-2, delta_y=-2, screen_x=85.0, screen_y=10.0, style=Style(bgcolor=Color('#1e1e1e', ColorType.TRUECOLOR, triplet=ColorTriplet(red=30, green=30, blue=30)))) >>> MidiRouterApp(title='MidiRouterApp', classes={'-dark-mode'}, pseudo_classes={'dark', 'blur'}) method=None
MouseMove(ListView(), x=84, y=7, pointer_x=84.0, pointer_y=7.0, delta_y=-1, screen_x=85.0, screen_y=9.0, style=Style(bgcolor=Color('#1e1e1e', ColorType.TRUECOLOR, triplet=ColorTriplet(red=30, green=30, blue=30)))) >>> ListView() method=None
MouseMove(ListView(), x=84, y=7, pointer_x=84.0, pointer_y=7.0, delta_y=-1, screen_x=85.0, screen_y=9.0, style=Style(bgcolor=Color('#1e1e1e', ColorType.TRUECOLOR, triplet=ColorTriplet(red=30, green=30, blue=30)))) >>> Routes(id='routes-view') method=None
MouseMove(ListView(), x=84, y=7, pointer_x=84.0, pointer_y=7.0, delta_y=-1, screen_x=85.0, screen_y=9.0, style=Style(bgcolor=Color('#1e1e1e', ColorType.TRUECOLOR, triplet=ColorTriplet(red=30, green=30, blue=30)))) >>> Horizontal() method=None
MouseMove(ListView(), x=84, y=7, pointer_x=84.0, pointer_y=7.0, delta_y=-1, screen_x=85.0, screen_y=9.0, style=Style(bgcolor=Color('#1e1e1e', ColorType.TRUECOLOR, triplet=ColorTriplet(red=30, green=30, blue=30)))) >>> MainScreen() method=None
MouseMove(ListView(), x=84, y=7, pointer_x=84.0, pointer_y=7.0, delta_y=-1, screen_x=85.0, screen_y=9.0, style=Style(bgcolor=Color('#1e1e1e', ColorType.TRUECOLOR, triplet=ColorTriplet(red=30, green=30, blue=30)))) >>> MidiRouterApp(title='MidiRouterApp', classes={'-dark-mode'}, pseudo_classes={'dark', 'blur'}) method=None
MouseMove(ListView(), x=84, y=6, pointer_x=84.0, pointer_y=6.0, delta_y=-1, screen_x=85.0, screen_y=8.0, style=Style(bgcolor=Color('#1e1e1e', ColorType.TRUECOLOR, triplet=ColorTriplet(red=30, green=30, blue=30)))) >>> ListView() method=None
MouseMove(ListView(), x=84, y=6, pointer_x=84.0, pointer_y=6.0, delta_y=-1, screen_x=85.0, screen_y=8.0, style=Style(bgcolor=Color('#1e1e1e', ColorType.TRUECOLOR, triplet=ColorTriplet(red=30, green=30, blue=30)))) >>> Routes(id='routes-view') method=None
MouseMove(ListView(), x=84, y=6, pointer_x=84.0, pointer_y=6.0, delta_y=-1, screen_x=85.0, screen_y=8.0, style=Style(bgcolor=Color('#1e1e1e', ColorType.TRUECOLOR, triplet=ColorTriplet(red=30, green=30, blue=30)))) >>> Horizontal() method=None
MouseMove(ListView(), x=84, y=6, pointer_x=84.0, pointer_y=6.0, delta_y=-1, screen_x=85.0, screen_y=8.0, style=Style(bgcolor=Color('#1e1e1e', ColorType.TRUECOLOR, triplet=ColorTriplet(red=30, green=30, blue=30)))) >>> MainScreen() method=None
MouseMove(ListView(), x=84, y=6, pointer_x=84.0, pointer_y=6.0, delta_y=-1, screen_x=85.0, screen_y=8.0, style=Style(bgcolor=Color('#1e1e1e', ColorType.TRUECOLOR, triplet=ColorTriplet(red=30, green=30, blue=30)))) >>> MidiRouterApp(title='MidiRouterApp', classes={'-dark-mode'}, pseudo_classes={'dark', 'blur'}) method=None
MouseMove(ListView(), x=84, y=5, pointer_x=84.0, pointer_y=5.0, delta_y=-1, screen_x=85.0, screen_y=7.0, style=Style(bgcolor=Color('#1e1e1e', ColorType.TRUECOLOR, triplet=ColorTriplet(red=30, green=30, blue=30)))) >>> ListView() method=None
MouseMove(ListView(), x=84, y=5, pointer_x=84.0, pointer_y=5.0, delta_y=-1, screen_x=85.0, screen_y=7.0, style=Style(bgcolor=Color('#1e1e1e', ColorType.TRUECOLOR, triplet=ColorTriplet(red=30, green=30, blue=30)))) >>> Routes(id='routes-view') method=None
MouseMove(ListView(), x=84, y=5, pointer_x=84.0, pointer_y=5.0, delta_y=-1, screen_x=85.0, screen_y=7.0, style=Style(bgcolor=Color('#1e1e1e', ColorType.TRUECOLOR, triplet=ColorTriplet(red=30, green=30, blue=30)))) >>> Horizontal() method=None
MouseMove(ListView(), x=84, y=5, pointer_x=84.0, pointer_y=5.0, delta_y=-1, screen_x=85.0, screen_y=7.0, style=Style(bgcolor=Color('#1e1e1e', ColorType.TRUECOLOR, triplet=ColorTriplet(red=30, green=30, blue=30)))) >>> MainScreen() method=None
MouseMove(ListView(), x=84, y=5, pointer_x=84.0, pointer_y=5.0, delta_y=-1, screen_x=85.0, screen_y=7.0, style=Style(bgcolor=Color('#1e1e1e', ColorType.TRUECOLOR, triplet=ColorTriplet(red=30, green=30, blue=30)))) >>> MidiRouterApp(title='MidiRouterApp', classes={'-dark-mode'}, pseudo_classes={'dark', 'blur'}) method=None
MouseMove(ListView(), x=83, y=5, pointer_x=83.0, pointer_y=5.0, delta_x=-1, screen_x=84.0, screen_y=7.0, style=Style(bgcolor=Color('#1e1e1e', ColorType.TRUECOLOR, triplet=ColorTriplet(red=30, green=30, blue=30)))) >>> ListView() method=None
MouseMove(ListView(), x=83, y=5, pointer_x=83.0, pointer_y=5.0, delta_x=-1, screen_x=84.0, screen_y=7.0, style=Style(bgcolor=Color('#1e1e1e', ColorType.TRUECOLOR, triplet=ColorTriplet(red=30, green=30, blue=30)))) >>> Routes(id='routes-view') method=None
MouseMove(ListView(), x=83, y=5, pointer_x=83.0, pointer_y=5.0, delta_x=-1, screen_x=84.0, screen_y=7.0, style=Style(bgcolor=Color('#1e1e1e', ColorType.TRUECOLOR, triplet=ColorTriplet(red=30, green=30, blue=30)))) >>> Horizontal() method=None
MouseMove(ListView(), x=83, y=5, pointer_x=83.0, pointer_y=5.0, delta_x=-1, screen_x=84.0, screen_y=7.0, style=Style(bgcolor=Color('#1e1e1e', ColorType.TRUECOLOR, triplet=ColorTriplet(red=30, green=30, blue=30)))) >>> MainScreen() method=None
MouseMove(ListView(), x=83, y=5, pointer_x=83.0, pointer_y=5.0, delta_x=-1, screen_x=84.0, screen_y=7.0, style=Style(bgcolor=Color('#1e1e1e', ColorType.TRUECOLOR, triplet=ColorTriplet(red=30, green=30, blue=30)))) >>> MidiRouterApp(title='MidiRouterApp', classes={'-dark-mode'}, pseudo_classes={'dark', 'blur'}) method=None
MouseMove(ListView(), x=81, y=4, pointer_x=81.0, pointer_y=4.0, delta_x=-2, delta_y=-1, screen_x=82.0, screen_y=6.0, style=Style(bgcolor=Color('#1e1e1e', ColorType.TRUECOLOR, triplet=ColorTriplet(red=30, green=30, blue=30)))) >>> ListView() method=None
MouseMove(ListView(), x=81, y=4, pointer_x=81.0, pointer_y=4.0, delta_x=-2, delta_y=-1, screen_x=82.0, screen_y=6.0, style=Style(bgcolor=Color('#1e1e1e', ColorType.TRUECOLOR, triplet=ColorTriplet(red=30, green=30, blue=30)))) >>> Routes(id='routes-view') method=None
MouseMove(ListView(), x=81, y=4, pointer_x=81.0, pointer_y=4.0, delta_x=-2, delta_y=-1, screen_x=82.0, screen_y=6.0, style=Style(bgcolor=Color('#1e1e1e', ColorType.TRUECOLOR, triplet=ColorTriplet(red=30, green=30, blue=30)))) >>> Horizontal() method=None
MouseMove(ListView(), x=81, y=4, pointer_x=81.0, pointer_y=4.0, delta_x=-2, delta_y=-1, screen_x=82.0, screen_y=6.0, style=Style(bgcolor=Color('#1e1e1e', ColorType.TRUECOLOR, triplet=ColorTriplet(red=30, green=30, blue=30)))) >>> MainScreen() method=None
MouseMove(ListView(), x=81, y=4, pointer_x=81.0, pointer_y=4.0, delta_x=-2, delta_y=-1, screen_x=82.0, screen_y=6.0, style=Style(bgcolor=Color('#1e1e1e', ColorType.TRUECOLOR, triplet=ColorTriplet(red=30, green=30, blue=30)))) >>> MidiRouterApp(title='MidiRouterApp', classes={'-dark-mode'}, pseudo_classes={'dark', 'blur'}) method=None
MouseMove(ListView(), x=78, y=4, pointer_x=78.0, pointer_y=4.0, delta_x=-3, screen_x=79.0, screen_y=6.0, style=Style(bgcolor=Color('#1e1e1e', ColorType.TRUECOLOR, triplet=ColorTriplet(red=30, green=30, blue=30)))) >>> ListView() method=None
MouseMove(ListView(), x=78, y=4, pointer_x=78.0, pointer_y=4.0, delta_x=-3, screen_x=79.0, screen_y=6.0, style=Style(bgcolor=Color('#1e1e1e', ColorType.TRUECOLOR, triplet=ColorTriplet(red=30, green=30, blue=30)))) >>> Routes(id='routes-view') method=None
MouseMove(ListView(), x=78, y=4, pointer_x=78.0, pointer_y=4.0, delta_x=-3, screen_x=79.0, screen_y=6.0, style=Style(bgcolor=Color('#1e1e1e', ColorType.TRUECOLOR, triplet=ColorTriplet(red=30, green=30, blue=30)))) >>> Horizontal() method=None
MouseMove(ListView(), x=78, y=4, pointer_x=78.0, pointer_y=4.0, delta_x=-3, screen_x=79.0, screen_y=6.0, style=Style(bgcolor=Color('#1e1e1e', ColorType.TRUECOLOR, triplet=ColorTriplet(red=30, green=30, blue=30)))) >>> MainScreen() method=None
MouseMove(ListView(), x=78, y=4, pointer_x=78.0, pointer_y=4.0, delta_x=-3, screen_x=79.0, screen_y=6.0, style=Style(bgcolor=Color('#1e1e1e', ColorType.TRUECOLOR, triplet=ColorTriplet(red=30, green=30, blue=30)))) >>> MidiRouterApp(title='MidiRouterApp', classes={'-dark-mode'}, pseudo_classes={'dark', 'blur'}) method=None
MouseMove(ListView(), x=77, y=3, pointer_x=77.0, pointer_y=3.0, delta_x=-1, delta_y=-1, screen_x=78.0, screen_y=5.0, style=Style(bgcolor=Color('#1e1e1e', ColorType.TRUECOLOR, triplet=ColorTriplet(red=30, green=30, blue=30)))) >>> ListView() method=None
MouseMove(ListView(), x=77, y=3, pointer_x=77.0, pointer_y=3.0, delta_x=-1, delta_y=-1, screen_x=78.0, screen_y=5.0, style=Style(bgcolor=Color('#1e1e1e', ColorType.TRUECOLOR, triplet=ColorTriplet(red=30, green=30, blue=30)))) >>> Routes(id='routes-view') method=None
MouseMove(ListView(), x=77, y=3, pointer_x=77.0, pointer_y=3.0, delta_x=-1, delta_y=-1, screen_x=78.0, screen_y=5.0, style=Style(bgcolor=Color('#1e1e1e', ColorType.TRUECOLOR, triplet=ColorTriplet(red=30, green=30, blue=30)))) >>> Horizontal() method=None
MouseMove(ListView(), x=77, y=3, pointer_x=77.0, pointer_y=3.0, delta_x=-1, delta_y=-1, screen_x=78.0, screen_y=5.0, style=Style(bgcolor=Color('#1e1e1e', ColorType.TRUECOLOR, triplet=ColorTriplet(red=30, green=30, blue=30)))) >>> MainScreen() method=None
MouseMove(ListView(), x=77, y=3, pointer_x=77.0, pointer_y=3.0, delta_x=-1, delta_y=-1, screen_x=78.0, screen_y=5.0, style=Style(bgcolor=Color('#1e1e1e', ColorType.TRUECOLOR, triplet=ColorTriplet(red=30, green=30, blue=30)))) >>> MidiRouterApp(title='MidiRouterApp', classes={'-dark-mode'}, pseudo_classes={'dark', 'blur'}) method=None
MouseMove(ListView(), x=74, y=3, pointer_x=74.0, pointer_y=3.0, delta_x=-3, screen_x=75.0, screen_y=5.0, style=Style(bgcolor=Color('#1e1e1e', ColorType.TRUECOLOR, triplet=ColorTriplet(red=30, green=30, blue=30)))) >>> ListView() method=None
MouseMove(ListView(), x=74, y=3, pointer_x=74.0, pointer_y=3.0, delta_x=-3, screen_x=75.0, screen_y=5.0, style=Style(bgcolor=Color('#1e1e1e', ColorType.TRUECOLOR, triplet=ColorTriplet(red=30, green=30, blue=30)))) >>> Routes(id='routes-view') method=None
MouseMove(ListView(), x=74, y=3, pointer_x=74.0, pointer_y=3.0, delta_x=-3, screen_x=75.0, screen_y=5.0, style=Style(bgcolor=Color('#1e1e1e', ColorType.TRUECOLOR, triplet=ColorTriplet(red=30, green=30, blue=30)))) >>> Horizontal() method=None
MouseMove(ListView(), x=74, y=3, pointer_x=74.0, pointer_y=3.0, delta_x=-3, screen_x=75.0, screen_y=5.0, style=Style(bgcolor=Color('#1e1e1e', ColorType.TRUECOLOR, triplet=ColorTriplet(red=30, green=30, blue=30)))) >>> MainScreen() method=None
MouseMove(ListView(), x=74, y=3, pointer_x=74.0, pointer_y=3.0, delta_x=-3, screen_x=75.0, screen_y=5.0, style=Style(bgcolor=Color('#1e1e1e', ColorType.TRUECOLOR, triplet=ColorTriplet(red=30, green=30, blue=30)))) >>> MidiRouterApp(title='MidiRouterApp', classes={'-dark-mode'}, pseudo_classes={'dark', 'blur'}) method=None
MouseMove(ListView(), x=73, y=2, pointer_x=73.0, pointer_y=2.0, delta_x=-1, delta_y=-1, screen_x=74.0, screen_y=4.0, style=Style(bgcolor=Color('#1e1e1e', ColorType.TRUECOLOR, triplet=ColorTriplet(red=30, green=30, blue=30)))) >>> ListView() method=None
MouseMove(ListView(), x=73, y=2, pointer_x=73.0, pointer_y=2.0, delta_x=-1, delta_y=-1, screen_x=74.0, screen_y=4.0, style=Style(bgcolor=Color('#1e1e1e', ColorType.TRUECOLOR, triplet=ColorTriplet(red=30, green=30, blue=30)))) >>> Routes(id='routes-view') method=None
MouseMove(ListView(), x=73, y=2, pointer_x=73.0, pointer_y=2.0, delta_x=-1, delta_y=-1, screen_x=74.0, screen_y=4.0, style=Style(bgcolor=Color('#1e1e1e', ColorType.TRUECOLOR, triplet=ColorTriplet(red=30, green=30, blue=30)))) >>> Horizontal() method=None
MouseMove(ListView(), x=73, y=2, pointer_x=73.0, pointer_y=2.0, delta_x=-1, delta_y=-1, screen_x=74.0, screen_y=4.0, style=Style(bgcolor=Color('#1e1e1e', ColorType.TRUECOLOR, triplet=ColorTriplet(red=30, green=30, blue=30)))) >>> MainScreen() method=None
MouseMove(ListView(), x=73, y=2, pointer_x=73.0, pointer_y=2.0, delta_x=-1, delta_y=-1, screen_x=74.0, screen_y=4.0, style=Style(bgcolor=Color('#1e1e1e', ColorType.TRUECOLOR, triplet=ColorTriplet(red=30, green=30, blue=30)))) >>> MidiRouterApp(title='MidiRouterApp', classes={'-dark-mode'}, pseudo_classes={'dark', 'blur'}) method=None
MouseMove(ListView(), x=72, y=2, pointer_x=72.0, pointer_y=2.0, delta_x=-1, screen_x=73.0, screen_y=4.0, style=Style(bgcolor=Color('#1e1e1e', ColorType.TRUECOLOR, triplet=ColorTriplet(red=30, green=30, blue=30)))) >>> ListView() method=None
MouseMove(ListView(), x=72, y=2, pointer_x=72.0, pointer_y=2.0, delta_x=-1, screen_x=73.0, screen_y=4.0, style=Style(bgcolor=Color('#1e1e1e', ColorType.TRUECOLOR, triplet=ColorTriplet(red=30, green=30, blue=30)))) >>> Routes(id='routes-view') method=None
MouseMove(ListView(), x=72, y=2, pointer_x=72.0, pointer_y=2.0, delta_x=-1, screen_x=73.0, screen_y=4.0, style=Style(bgcolor=Color('#1e1e1e', ColorType.TRUECOLOR, triplet=ColorTriplet(red=30, green=30, blue=30)))) >>> Horizontal() method=None
MouseMove(ListView(), x=72, y=2, pointer_x=72.0, pointer_y=2.0, delta_x=-1, screen_x=73.0, screen_y=4.0, style=Style(bgcolor=Color('#1e1e1e', ColorType.TRUECOLOR, triplet=ColorTriplet(red=30, green=30, blue=30)))) >>> MainScreen() method=None
MouseMove(ListView(), x=72, y=2, pointer_x=72.0, pointer_y=2.0, delta_x=-1, screen_x=73.0, screen_y=4.0, style=Style(bgcolor=Color('#1e1e1e', ColorType.TRUECOLOR, triplet=ColorTriplet(red=30, green=30, blue=30)))) >>> MidiRouterApp(title='MidiRouterApp', classes={'-dark-mode'}, pseudo_classes={'dark', 'blur'}) method=None
MouseMove(ListView(), x=71, y=2, pointer_x=71.0, pointer_y=2.0, delta_x=-1, screen_x=72.0, screen_y=4.0, style=Style(bgcolor=Color('#1e1e1e', ColorType.TRUECOLOR, triplet=ColorTriplet(red=30, green=30, blue=30)))) >>> ListView() method=None
MouseMove(ListView(), x=71, y=2, pointer_x=71.0, pointer_y=2.0, delta_x=-1, screen_x=72.0, screen_y=4.0, style=Style(bgcolor=Color('#1e1e1e', ColorType.TRUECOLOR, triplet=ColorTriplet(red=30, green=30, blue=30)))) >>> Routes(id='routes-view') method=None
MouseMove(ListView(), x=71, y=2, pointer_x=71.0, pointer_y=2.0, delta_x=-1, screen_x=72.0, screen_y=4.0, style=Style(bgcolor=Color('#1e1e1e', ColorType.TRUECOLOR, triplet=ColorTriplet(red=30, green=30, blue=30)))) >>> Horizontal() method=None
MouseMove(ListView(), x=71, y=2, pointer_x=71.0, pointer_y=2.0, delta_x=-1, screen_x=72.0, screen_y=4.0, style=Style(bgcolor=Color('#1e1e1e', ColorType.TRUECOLOR, triplet=ColorTriplet(red=30, green=30, blue=30)))) >>> MainScreen() method=None
MouseMove(ListView(), x=71, y=2, pointer_x=71.0, pointer_y=2.0, delta_x=-1, screen_x=72.0, screen_y=4.0, style=Style(bgcolor=Color('#1e1e1e', ColorType.TRUECOLOR, triplet=ColorTriplet(red=30, green=30, blue=30)))) >>> MidiRouterApp(title='MidiRouterApp', classes={'-dark-mode'}, pseudo_classes={'dark', 'blur'}) method=None
MouseMove(ListView(), x=70, y=2, pointer_x=70.0, pointer_y=2.0, delta_x=-1, screen_x=71.0, screen_y=4.0, style=Style(bgcolor=Color('#1e1e1e', ColorType.TRUECOLOR, triplet=ColorTriplet(red=30, green=30, blue=30)))) >>> ListView() method=None
MouseMove(ListView(), x=70, y=2, pointer_x=70.0, pointer_y=2.0, delta_x=-1, screen_x=71.0, screen_y=4.0, style=Style(bgcolor=Color('#1e1e1e', ColorType.TRUECOLOR, triplet=ColorTriplet(red=30, green=30, blue=30)))) >>> Routes(id='routes-view') method=None
MouseMove(ListView(), x=70, y=2, pointer_x=70.0, pointer_y=2.0, delta_x=-1, screen_x=71.0, screen_y=4.0, style=Style(bgcolor=Color('#1e1e1e', ColorType.TRUECOLOR, triplet=ColorTriplet(red=30, green=30, blue=30)))) >>> Horizontal() method=None
MouseMove(ListView(), x=70, y=2, pointer_x=70.0, pointer_y=2.0, delta_x=-1, screen_x=71.0, screen_y=4.0, style=Style(bgcolor=Color('#1e1e1e', ColorType.TRUECOLOR, triplet=ColorTriplet(red=30, green=30, blue=30)))) >>> MainScreen() method=None
MouseMove(ListView(), x=70, y=2, pointer_x=70.0, pointer_y=2.0, delta_x=-1, screen_x=71.0, screen_y=4.0, style=Style(bgcolor=Color('#1e1e1e', ColorType.TRUECOLOR, triplet=ColorTriplet(red=30, green=30, blue=30)))) >>> MidiRouterApp(title='MidiRouterApp', classes={'-dark-mode'}, pseudo_classes={'dark', 'blur'}) method=None
MouseMove(ListView(), x=68, y=2, pointer_x=68.0, pointer_y=2.0, delta_x=-2, screen_x=69.0, screen_y=4.0, style=Style(bgcolor=Color('#1e1e1e', ColorType.TRUECOLOR, triplet=ColorTriplet(red=30, green=30, blue=30)))) >>> ListView() method=None
MouseMove(ListView(), x=68, y=2, pointer_x=68.0, pointer_y=2.0, delta_x=-2, screen_x=69.0, screen_y=4.0, style=Style(bgcolor=Color('#1e1e1e', ColorType.TRUECOLOR, triplet=ColorTriplet(red=30, green=30, blue=30)))) >>> Routes(id='routes-view') method=None
MouseMove(ListView(), x=68, y=2, pointer_x=68.0, pointer_y=2.0, delta_x=-2, screen_x=69.0, screen_y=4.0, style=Style(bgcolor=Color('#1e1e1e', ColorType.TRUECOLOR, triplet=ColorTriplet(red=30, green=30, blue=30)))) >>> Horizontal() method=None
MouseMove(ListView(), x=68, y=2, pointer_x=68.0, pointer_y=2.0, delta_x=-2, screen_x=69.0, screen_y=4.0, style=Style(bgcolor=Color('#1e1e1e', ColorType.TRUECOLOR, triplet=ColorTriplet(red=30, green=30, blue=30)))) >>> MainScreen() method=None
MouseMove(ListView(), x=68, y=2, pointer_x=68.0, pointer_y=2.0, delta_x=-2, screen_x=69.0, screen_y=4.0, style=Style(bgcolor=Color('#1e1e1e', ColorType.TRUECOLOR, triplet=ColorTriplet(red=30, green=30, blue=30)))) >>> MidiRouterApp(title='MidiRouterApp', classes={'-dark-mode'}, pseudo_classes={'dark', 'blur'}) method=None
MouseMove(ListView(), x=67, y=2, pointer_x=67.0, pointer_y=2.0, delta_x=-1, screen_x=68.0, screen_y=4.0, style=Style(bgcolor=Color('#1e1e1e', ColorType.TRUECOLOR, triplet=ColorTriplet(red=30, green=30, blue=30)))) >>> ListView() method=None
MouseMove(ListView(), x=67, y=2, pointer_x=67.0, pointer_y=2.0, delta_x=-1, screen_x=68.0, screen_y=4.0, style=Style(bgcolor=Color('#1e1e1e', ColorType.TRUECOLOR, triplet=ColorTriplet(red=30, green=30, blue=30)))) >>> Routes(id='routes-view') method=None
MouseMove(ListView(), x=67, y=2, pointer_x=67.0, pointer_y=2.0, delta_x=-1, screen_x=68.0, screen_y=4.0, style=Style(bgcolor=Color('#1e1e1e', ColorType.TRUECOLOR, triplet=ColorTriplet(red=30, green=30, blue=30)))) >>> Horizontal() method=None
MouseMove(ListView(), x=67, y=2, pointer_x=67.0, pointer_y=2.0, delta_x=-1, screen_x=68.0, screen_y=4.0, style=Style(bgcolor=Color('#1e1e1e', ColorType.TRUECOLOR, triplet=ColorTriplet(red=30, green=30, blue=30)))) >>> MainScreen() method=None
MouseMove(ListView(), x=67, y=2, pointer_x=67.0, pointer_y=2.0, delta_x=-1, screen_x=68.0, screen_y=4.0, style=Style(bgcolor=Color('#1e1e1e', ColorType.TRUECOLOR, triplet=ColorTriplet(red=30, green=30, blue=30)))) >>> MidiRouterApp(title='MidiRouterApp', classes={'-dark-mode'}, pseudo_classes={'dark', 'blur'}) method=None
MouseMove(ListView(), x=66, y=2, pointer_x=66.0, pointer_y=2.0, delta_x=-1, screen_x=67.0, screen_y=4.0, style=Style(bgcolor=Color('#1e1e1e', ColorType.TRUECOLOR, triplet=ColorTriplet(red=30, green=30, blue=30)))) >>> ListView() method=None
MouseMove(ListView(), x=66, y=2, pointer_x=66.0, pointer_y=2.0, delta_x=-1, screen_x=67.0, screen_y=4.0, style=Style(bgcolor=Color('#1e1e1e', ColorType.TRUECOLOR, triplet=ColorTriplet(red=30, green=30, blue=30)))) >>> Routes(id='routes-view') method=None
MouseMove(ListView(), x=66, y=2, pointer_x=66.0, pointer_y=2.0, delta_x=-1, screen_x=67.0, screen_y=4.0, style=Style(bgcolor=Color('#1e1e1e', ColorType.TRUECOLOR, triplet=ColorTriplet(red=30, green=30, blue=30)))) >>> Horizontal() method=None
MouseMove(ListView(), x=66, y=2, pointer_x=66.0, pointer_y=2.0, delta_x=-1, screen_x=67.0, screen_y=4.0, style=Style(bgcolor=Color('#1e1e1e', ColorType.TRUECOLOR, triplet=ColorTriplet(red=30, green=30, blue=30)))) >>> MainScreen() method=None
MouseMove(ListView(), x=66, y=2, pointer_x=66.0, pointer_y=2.0, delta_x=-1, screen_x=67.0, screen_y=4.0, style=Style(bgcolor=Color('#1e1e1e', ColorType.TRUECOLOR, triplet=ColorTriplet(red=30, green=30, blue=30)))) >>> MidiRouterApp(title='MidiRouterApp', classes={'-dark-mode'}, pseudo_classes={'dark', 'blur'}) method=None
MouseMove(ListView(), x=65, y=2, pointer_x=65.0, pointer_y=2.0, delta_x=-1, screen_x=66.0, screen_y=4.0, style=Style(bgcolor=Color('#1e1e1e', ColorType.TRUECOLOR, triplet=ColorTriplet(red=30, green=30, blue=30)))) >>> ListView() method=None
MouseMove(ListView(), x=65, y=2, pointer_x=65.0, pointer_y=2.0, delta_x=-1, screen_x=66.0, screen_y=4.0, style=Style(bgcolor=Color('#1e1e1e', ColorType.TRUECOLOR, triplet=ColorTriplet(red=30, green=30, blue=30)))) >>> Routes(id='routes-view') method=None
MouseMove(ListView(), x=65, y=2, pointer_x=65.0, pointer_y=2.0, delta_x=-1, screen_x=66.0, screen_y=4.0, style=Style(bgcolor=Color('#1e1e1e', ColorType.TRUECOLOR, triplet=ColorTriplet(red=30, green=30, blue=30)))) >>> Horizontal() method=None
MouseMove(ListView(), x=65, y=2, pointer_x=65.0, pointer_y=2.0, delta_x=-1, screen_x=66.0, screen_y=4.0, style=Style(bgcolor=Color('#1e1e1e', ColorType.TRUECOLOR, triplet=ColorTriplet(red=30, green=30, blue=30)))) >>> MainScreen() method=None
MouseMove(ListView(), x=65, y=2, pointer_x=65.0, pointer_y=2.0, delta_x=-1, screen_x=66.0, screen_y=4.0, style=Style(bgcolor=Color('#1e1e1e', ColorType.TRUECOLOR, triplet=ColorTriplet(red=30, green=30, blue=30)))) >>> MidiRouterApp(title='MidiRouterApp', classes={'-dark-mode'}, pseudo_classes={'dark', 'blur'}) method=None
MouseMove(ListView(), x=64, y=2, pointer_x=64.0, pointer_y=2.0, delta_x=-1, screen_x=65.0, screen_y=4.0, style=Style(bgcolor=Color('#1e1e1e', ColorType.TRUECOLOR, triplet=ColorTriplet(red=30, green=30, blue=30)))) >>> ListView() method=None
MouseMove(ListView(), x=64, y=2, pointer_x=64.0, pointer_y=2.0, delta_x=-1, screen_x=65.0, screen_y=4.0, style=Style(bgcolor=Color('#1e1e1e', ColorType.TRUECOLOR, triplet=ColorTriplet(red=30, green=30, blue=30)))) >>> Routes(id='routes-view') method=None
MouseMove(ListView(), x=64, y=2, pointer_x=64.0, pointer_y=2.0, delta_x=-1, screen_x=65.0, screen_y=4.0, style=Style(bgcolor=Color('#1e1e1e', ColorType.TRUECOLOR, triplet=ColorTriplet(red=30, green=30, blue=30)))) >>> Horizontal() method=None
MouseMove(ListView(), x=64, y=2, pointer_x=64.0, pointer_y=2.0, delta_x=-1, screen_x=65.0, screen_y=4.0, style=Style(bgcolor=Color('#1e1e1e', ColorType.TRUECOLOR, triplet=ColorTriplet(red=30, green=30, blue=30)))) >>> MainScreen() method=None
MouseMove(ListView(), x=64, y=2, pointer_x=64.0, pointer_y=2.0, delta_x=-1, screen_x=65.0, screen_y=4.0, style=Style(bgcolor=Color('#1e1e1e', ColorType.TRUECOLOR, triplet=ColorTriplet(red=30, green=30, blue=30)))) >>> MidiRouterApp(title='MidiRouterApp', classes={'-dark-mode'}, pseudo_classes={'dark', 'blur'}) method=None
MouseMove(ListView(), x=63, y=2, pointer_x=63.0, pointer_y=2.0, delta_x=-1, screen_x=64.0, screen_y=4.0, style=Style(bgcolor=Color('#1e1e1e', ColorType.TRUECOLOR, triplet=ColorTriplet(red=30, green=30, blue=30)))) >>> ListView() method=None
MouseMove(ListView(), x=63, y=2, pointer_x=63.0, pointer_y=2.0, delta_x=-1, screen_x=64.0, screen_y=4.0, style=Style(bgcolor=Color('#1e1e1e', ColorType.TRUECOLOR, triplet=ColorTriplet(red=30, green=30, blue=30)))) >>> Routes(id='routes-view') method=None
MouseMove(ListView(), x=63, y=2, pointer_x=63.0, pointer_y=2.0, delta_x=-1, screen_x=64.0, screen_y=4.0, style=Style(bgcolor=Color('#1e1e1e', ColorType.TRUECOLOR, triplet=ColorTriplet(red=30, green=30, blue=30)))) >>> Horizontal() method=None
MouseMove(ListView(), x=63, y=2, pointer_x=63.0, pointer_y=2.0, delta_x=-1, screen_x=64.0, screen_y=4.0, style=Style(bgcolor=Color('#1e1e1e', ColorType.TRUECOLOR, triplet=ColorTriplet(red=30, green=30, blue=30)))) >>> MainScreen() method=None
MouseMove(ListView(), x=63, y=2, pointer_x=63.0, pointer_y=2.0, delta_x=-1, screen_x=64.0, screen_y=4.0, style=Style(bgcolor=Color('#1e1e1e', ColorType.TRUECOLOR, triplet=ColorTriplet(red=30, green=30, blue=30)))) >>> MidiRouterApp(title='MidiRouterApp', classes={'-dark-mode'}, pseudo_classes={'dark', 'blur'}) method=None
MouseMove(ListView(), x=62, y=2, pointer_x=62.0, pointer_y=2.0, delta_x=-1, screen_x=63.0, screen_y=4.0, style=Style(bgcolor=Color('#1e1e1e', ColorType.TRUECOLOR, triplet=ColorTriplet(red=30, green=30, blue=30)))) >>> ListView() method=None
MouseMove(ListView(), x=62, y=2, pointer_x=62.0, pointer_y=2.0, delta_x=-1, screen_x=63.0, screen_y=4.0, style=Style(bgcolor=Color('#1e1e1e', ColorType.TRUECOLOR, triplet=ColorTriplet(red=30, green=30, blue=30)))) >>> Routes(id='routes-view') method=None
MouseMove(ListView(), x=62, y=2, pointer_x=62.0, pointer_y=2.0, delta_x=-1, screen_x=63.0, screen_y=4.0, style=Style(bgcolor=Color('#1e1e1e', ColorType.TRUECOLOR, triplet=ColorTriplet(red=30, green=30, blue=30)))) >>> Horizontal() method=None
MouseMove(ListView(), x=62, y=2, pointer_x=62.0, pointer_y=2.0, delta_x=-1, screen_x=63.0, screen_y=4.0, style=Style(bgcolor=Color('#1e1e1e', ColorType.TRUECOLOR, triplet=ColorTriplet(red=30, green=30, blue=30)))) >>> MainScreen() method=None
MouseMove(ListView(), x=62, y=2, pointer_x=62.0, pointer_y=2.0, delta_x=-1, screen_x=63.0, screen_y=4.0, style=Style(bgcolor=Color('#1e1e1e', ColorType.TRUECOLOR, triplet=ColorTriplet(red=30, green=30, blue=30)))) >>> MidiRouterApp(title='MidiRouterApp', classes={'-dark-mode'}, pseudo_classes={'dark', 'blur'}) method=None
MouseMove(ListView(), x=61, y=2, pointer_x=61.0, pointer_y=2.0, delta_x=-1, screen_x=62.0, screen_y=4.0, style=Style(bgcolor=Color('#1e1e1e', ColorType.TRUECOLOR, triplet=ColorTriplet(red=30, green=30, blue=30)))) >>> ListView() method=None
MouseMove(ListView(), x=61, y=2, pointer_x=61.0, pointer_y=2.0, delta_x=-1, screen_x=62.0, screen_y=4.0, style=Style(bgcolor=Color('#1e1e1e', ColorType.TRUECOLOR, triplet=ColorTriplet(red=30, green=30, blue=30)))) >>> Routes(id='routes-view') method=None
MouseMove(ListView(), x=61, y=2, pointer_x=61.0, pointer_y=2.0, delta_x=-1, screen_x=62.0, screen_y=4.0, style=Style(bgcolor=Color('#1e1e1e', ColorType.TRUECOLOR, triplet=ColorTriplet(red=30, green=30, blue=30)))) >>> Horizontal() method=None
MouseMove(ListView(), x=61, y=2, pointer_x=61.0, pointer_y=2.0, delta_x=-1, screen_x=62.0, screen_y=4.0, style=Style(bgcolor=Color('#1e1e1e', ColorType.TRUECOLOR, triplet=ColorTriplet(red=30, green=30, blue=30)))) >>> MainScreen() method=None
MouseMove(ListView(), x=61, y=2, pointer_x=61.0, pointer_y=2.0, delta_x=-1, screen_x=62.0, screen_y=4.0, style=Style(bgcolor=Color('#1e1e1e', ColorType.TRUECOLOR, triplet=ColorTriplet(red=30, green=30, blue=30)))) >>> MidiRouterApp(title='MidiRouterApp', classes={'-dark-mode'}, pseudo_classes={'dark', 'blur'}) method=None
MouseMove(ListView(), x=60, y=2, pointer_x=60.0, pointer_y=2.0, delta_x=-1, screen_x=61.0, screen_y=4.0, style=Style(bgcolor=Color('#1e1e1e', ColorType.TRUECOLOR, triplet=ColorTriplet(red=30, green=30, blue=30)))) >>> ListView() method=None
MouseMove(ListView(), x=60, y=2, pointer_x=60.0, pointer_y=2.0, delta_x=-1, screen_x=61.0, screen_y=4.0, style=Style(bgcolor=Color('#1e1e1e', ColorType.TRUECOLOR, triplet=ColorTriplet(red=30, green=30, blue=30)))) >>> Routes(id='routes-view') method=None
MouseMove(ListView(), x=60, y=2, pointer_x=60.0, pointer_y=2.0, delta_x=-1, screen_x=61.0, screen_y=4.0, style=Style(bgcolor=Color('#1e1e1e', ColorType.TRUECOLOR, triplet=ColorTriplet(red=30, green=30, blue=30)))) >>> Horizontal() method=None
MouseMove(ListView(), x=60, y=2, pointer_x=60.0, pointer_y=2.0, delta_x=-1, screen_x=61.0, screen_y=4.0, style=Style(bgcolor=Color('#1e1e1e', ColorType.TRUECOLOR, triplet=ColorTriplet(red=30, green=30, blue=30)))) >>> MainScreen() method=None
MouseMove(ListView(), x=60, y=2, pointer_x=60.0, pointer_y=2.0, delta_x=-1, screen_x=61.0, screen_y=4.0, style=Style(bgcolor=Color('#1e1e1e', ColorType.TRUECOLOR, triplet=ColorTriplet(red=30, green=30, blue=30)))) >>> MidiRouterApp(title='MidiRouterApp', classes={'-dark-mode'}, pseudo_classes={'dark', 'blur'}) method=None
MouseMove(ListView(), x=58, y=2, pointer_x=58.0, pointer_y=2.0, delta_x=-2, screen_x=59.0, screen_y=4.0, style=Style(bgcolor=Color('#1e1e1e', ColorType.TRUECOLOR, triplet=ColorTriplet(red=30, green=30, blue=30)))) >>> ListView() method=None
MouseMove(ListView(), x=58, y=2, pointer_x=58.0, pointer_y=2.0, delta_x=-2, screen_x=59.0, screen_y=4.0, style=Style(bgcolor=Color('#1e1e1e', ColorType.TRUECOLOR, triplet=ColorTriplet(red=30, green=30, blue=30)))) >>> Routes(id='routes-view') method=None
MouseMove(ListView(), x=58, y=2, pointer_x=58.0, pointer_y=2.0, delta_x=-2, screen_x=59.0, screen_y=4.0, style=Style(bgcolor=Color('#1e1e1e', ColorType.TRUECOLOR, triplet=ColorTriplet(red=30, green=30, blue=30)))) >>> Horizontal() method=None
MouseMove(ListView(), x=58, y=2, pointer_x=58.0, pointer_y=2.0, delta_x=-2, screen_x=59.0, screen_y=4.0, style=Style(bgcolor=Color('#1e1e1e', ColorType.TRUECOLOR, triplet=ColorTriplet(red=30, green=30, blue=30)))) >>> MainScreen() method=None
MouseMove(ListView(), x=58, y=2, pointer_x=58.0, pointer_y=2.0, delta_x=-2, screen_x=59.0, screen_y=4.0, style=Style(bgcolor=Color('#1e1e1e', ColorType.TRUECOLOR, triplet=ColorTriplet(red=30, green=30, blue=30)))) >>> MidiRouterApp(title='MidiRouterApp', classes={'-dark-mode'}, pseudo_classes={'dark', 'blur'}) method=None
MouseMove(ListView(), x=57, y=2, pointer_x=57.0, pointer_y=2.0, delta_x=-1, screen_x=58.0, screen_y=4.0, style=Style(bgcolor=Color('#1e1e1e', ColorType.TRUECOLOR, triplet=ColorTriplet(red=30, green=30, blue=30)))) >>> ListView() method=None
MouseMove(ListView(), x=57, y=2, pointer_x=57.0, pointer_y=2.0, delta_x=-1, screen_x=58.0, screen_y=4.0, style=Style(bgcolor=Color('#1e1e1e', ColorType.TRUECOLOR, triplet=ColorTriplet(red=30, green=30, blue=30)))) >>> Routes(id='routes-view') method=None
MouseMove(ListView(), x=57, y=2, pointer_x=57.0, pointer_y=2.0, delta_x=-1, screen_x=58.0, screen_y=4.0, style=Style(bgcolor=Color('#1e1e1e', ColorType.TRUECOLOR, triplet=ColorTriplet(red=30, green=30, blue=30)))) >>> Horizontal() method=None
MouseMove(ListView(), x=57, y=2, pointer_x=57.0, pointer_y=2.0, delta_x=-1, screen_x=58.0, screen_y=4.0, style=Style(bgcolor=Color('#1e1e1e', ColorType.TRUECOLOR, triplet=ColorTriplet(red=30, green=30, blue=30)))) >>> MainScreen() method=None
MouseMove(ListView(), x=57, y=2, pointer_x=57.0, pointer_y=2.0, delta_x=-1, screen_x=58.0, screen_y=4.0, style=Style(bgcolor=Color('#1e1e1e', ColorType.TRUECOLOR, triplet=ColorTriplet(red=30, green=30, blue=30)))) >>> MidiRouterApp(title='MidiRouterApp', classes={'-dark-mode'}, pseudo_classes={'dark', 'blur'}) method=None
MouseMove(ListView(), x=56, y=2, pointer_x=56.0, pointer_y=2.0, delta_x=-1, screen_x=57.0, screen_y=4.0, style=Style(bgcolor=Color('#1e1e1e', ColorType.TRUECOLOR, triplet=ColorTriplet(red=30, green=30, blue=30)))) >>> ListView() method=None
MouseMove(ListView(), x=56, y=2, pointer_x=56.0, pointer_y=2.0, delta_x=-1, screen_x=57.0, screen_y=4.0, style=Style(bgcolor=Color('#1e1e1e', ColorType.TRUECOLOR, triplet=ColorTriplet(red=30, green=30, blue=30)))) >>> Routes(id='routes-view') method=None
MouseMove(ListView(), x=56, y=2, pointer_x=56.0, pointer_y=2.0, delta_x=-1, screen_x=57.0, screen_y=4.0, style=Style(bgcolor=Color('#1e1e1e', ColorType.TRUECOLOR, triplet=ColorTriplet(red=30, green=30, blue=30)))) >>> Horizontal() method=None
MouseMove(ListView(), x=56, y=2, pointer_x=56.0, pointer_y=2.0, delta_x=-1, screen_x=57.0, screen_y=4.0, style=Style(bgcolor=Color('#1e1e1e', ColorType.TRUECOLOR, triplet=ColorTriplet(red=30, green=30, blue=30)))) >>> MainScreen() method=None
MouseMove(ListView(), x=56, y=2, pointer_x=56.0, pointer_y=2.0, delta_x=-1, screen_x=57.0, screen_y=4.0, style=Style(bgcolor=Color('#1e1e1e', ColorType.TRUECOLOR, triplet=ColorTriplet(red=30, green=30, blue=30)))) >>> MidiRouterApp(title='MidiRouterApp', classes={'-dark-mode'}, pseudo_classes={'dark', 'blur'}) method=None
MouseMove(ListView(), x=55, y=2, pointer_x=55.0, pointer_y=2.0, delta_x=-1, screen_x=56.0, screen_y=4.0, style=Style(bgcolor=Color('#1e1e1e', ColorType.TRUECOLOR, triplet=ColorTriplet(red=30, green=30, blue=30)))) >>> ListView() method=None
MouseMove(ListView(), x=55, y=2, pointer_x=55.0, pointer_y=2.0, delta_x=-1, screen_x=56.0, screen_y=4.0, style=Style(bgcolor=Color('#1e1e1e', ColorType.TRUECOLOR, triplet=ColorTriplet(red=30, green=30, blue=30)))) >>> Routes(id='routes-view') method=None
MouseMove(ListView(), x=55, y=2, pointer_x=55.0, pointer_y=2.0, delta_x=-1, screen_x=56.0, screen_y=4.0, style=Style(bgcolor=Color('#1e1e1e', ColorType.TRUECOLOR, triplet=ColorTriplet(red=30, green=30, blue=30)))) >>> Horizontal() method=None
MouseMove(ListView(), x=55, y=2, pointer_x=55.0, pointer_y=2.0, delta_x=-1, screen_x=56.0, screen_y=4.0, style=Style(bgcolor=Color('#1e1e1e', ColorType.TRUECOLOR, triplet=ColorTriplet(red=30, green=30, blue=30)))) >>> MainScreen() method=None
MouseMove(ListView(), x=55, y=2, pointer_x=55.0, pointer_y=2.0, delta_x=-1, screen_x=56.0, screen_y=4.0, style=Style(bgcolor=Color('#1e1e1e', ColorType.TRUECOLOR, triplet=ColorTriplet(red=30, green=30, blue=30)))) >>> MidiRouterApp(title='MidiRouterApp', classes={'-dark-mode'}, pseudo_classes={'dark', 'blur'}) method=None
MouseMove(ListView(), x=54, y=2, pointer_x=54.0, pointer_y=2.0, delta_x=-1, screen_x=55.0, screen_y=4.0, style=Style(bgcolor=Color('#1e1e1e', ColorType.TRUECOLOR, triplet=ColorTriplet(red=30, green=30, blue=30)))) >>> ListView() method=None
MouseMove(ListView(), x=54, y=2, pointer_x=54.0, pointer_y=2.0, delta_x=-1, screen_x=55.0, screen_y=4.0, style=Style(bgcolor=Color('#1e1e1e', ColorType.TRUECOLOR, triplet=ColorTriplet(red=30, green=30, blue=30)))) >>> Routes(id='routes-view') method=None
MouseMove(ListView(), x=54, y=2, pointer_x=54.0, pointer_y=2.0, delta_x=-1, screen_x=55.0, screen_y=4.0, style=Style(bgcolor=Color('#1e1e1e', ColorType.TRUECOLOR, triplet=ColorTriplet(red=30, green=30, blue=30)))) >>> Horizontal() method=None
MouseMove(ListView(), x=54, y=2, pointer_x=54.0, pointer_y=2.0, delta_x=-1, screen_x=55.0, screen_y=4.0, style=Style(bgcolor=Color('#1e1e1e', ColorType.TRUECOLOR, triplet=ColorTriplet(red=30, green=30, blue=30)))) >>> MainScreen() method=None
MouseMove(ListView(), x=54, y=2, pointer_x=54.0, pointer_y=2.0, delta_x=-1, screen_x=55.0, screen_y=4.0, style=Style(bgcolor=Color('#1e1e1e', ColorType.TRUECOLOR, triplet=ColorTriplet(red=30, green=30, blue=30)))) >>> MidiRouterApp(title='MidiRouterApp', classes={'-dark-mode'}, pseudo_classes={'dark', 'blur'}) method=None
Leave() >>> ListView() method=<Widget.on_leave>
Enter() >>> ListItem() method=<ListItem.on_enter>
Enter() >>> ListItem(classes='-hovered') method=<Widget.on_enter>
MouseMove(ListItem(classes='-hovered'), x=53, y=0, pointer_x=53.0, pointer_y=0.0, delta_x=-1, delta_y=-1, screen_x=54.0, screen_y=3.0, style=Style(bgcolor=Color('#1e1e1e', ColorType.TRUECOLOR, triplet=ColorTriplet(red=30, green=30, blue=30)))) >>> ListItem(classes='-hovered') method=None
Leave() >>> Routes(id='routes-view') method=<Widget.on_leave>
MouseMove(ListItem(classes='-hovered'), x=53, y=0, pointer_x=53.0, pointer_y=0.0, delta_x=-1, delta_y=-1, screen_x=54.0, screen_y=3.0, style=Style(bgcolor=Color('#1e1e1e', ColorType.TRUECOLOR, triplet=ColorTriplet(red=30, green=30, blue=30)))) >>> ListView() method=None
Update(ListItem(classes='-hovered')) >>> MainScreen() method=<Screen.on_update>
Update(Label()) >>> MainScreen() method=<Screen.on_update>
Leave() >>> Horizontal() method=<Widget.on_leave>
MouseMove(ListItem(classes='-hovered'), x=53, y=0, pointer_x=53.0, pointer_y=0.0, delta_x=-1, delta_y=-1, screen_x=54.0, screen_y=3.0, style=Style(bgcolor=Color('#1e1e1e', ColorType.TRUECOLOR, triplet=ColorTriplet(red=30, green=30, blue=30)))) >>> Routes(id='routes-view') method=None
Leave() >>> MainScreen() method=<Widget.on_leave>
MouseMove(ListItem(classes='-hovered'), x=53, y=0, pointer_x=53.0, pointer_y=0.0, delta_x=-1, delta_y=-1, screen_x=54.0, screen_y=3.0, style=Style(bgcolor=Color('#1e1e1e', ColorType.TRUECOLOR, triplet=ColorTriplet(red=30, green=30, blue=30)))) >>> Horizontal() method=None
InvokeLater(callback=functools.partial(<function App._update_mouse_over.<locals>.check_mouse at 0x0000016732F6C9A0>)) >>> MidiRouterApp(title='MidiRouterApp', classes={'-dark-mode'}, pseudo_classes={'dark', 'blur'}) method=<MessagePump.on_invoke_later>
Leave() >>> MidiRouterApp(title='MidiRouterApp', classes={'-dark-mode'}, pseudo_classes={'dark', 'blur'}) method=None
MouseMove(ListItem(classes='-hovered'), x=53, y=0, pointer_x=53.0, pointer_y=0.0, delta_x=-1, delta_y=-1, screen_x=54.0, screen_y=3.0, style=Style(bgcolor=Color('#1e1e1e', ColorType.TRUECOLOR, triplet=ColorTriplet(red=30, green=30, blue=30)))) >>> MainScreen() method=None
MouseMove(ListItem(classes='-hovered'), x=53, y=0, pointer_x=53.0, pointer_y=0.0, delta_x=-1, delta_y=-1, screen_x=54.0, screen_y=3.0, style=Style(bgcolor=Color('#1e1e1e', ColorType.TRUECOLOR, triplet=ColorTriplet(red=30, green=30, blue=30)))) >>> MidiRouterApp(title='MidiRouterApp', classes={'-dark-mode'}, pseudo_classes={'dark', 'blur'}) method=None
MouseMove(ListItem(classes='-hovered'), x=52, y=0, pointer_x=52.0, pointer_y=0.0, delta_x=-1, screen_x=53.0, screen_y=3.0, style=Style(bgcolor=Color('#343434', ColorType.TRUECOLOR, triplet=ColorTriplet(red=52, green=52, blue=52)))) >>> ListItem(classes='-hovered') method=None
MouseMove(ListItem(classes='-hovered'), x=52, y=0, pointer_x=52.0, pointer_y=0.0, delta_x=-1, screen_x=53.0, screen_y=3.0, style=Style(bgcolor=Color('#343434', ColorType.TRUECOLOR, triplet=ColorTriplet(red=52, green=52, blue=52)))) >>> ListView() method=None
MouseMove(ListItem(classes='-hovered'), x=52, y=0, pointer_x=52.0, pointer_y=0.0, delta_x=-1, screen_x=53.0, screen_y=3.0, style=Style(bgcolor=Color('#343434', ColorType.TRUECOLOR, triplet=ColorTriplet(red=52, green=52, blue=52)))) >>> Routes(id='routes-view') method=None
MouseMove(ListItem(classes='-hovered'), x=52, y=0, pointer_x=52.0, pointer_y=0.0, delta_x=-1, screen_x=53.0, screen_y=3.0, style=Style(bgcolor=Color('#343434', ColorType.TRUECOLOR, triplet=ColorTriplet(red=52, green=52, blue=52)))) >>> Horizontal() method=None
MouseMove(ListItem(classes='-hovered'), x=52, y=0, pointer_x=52.0, pointer_y=0.0, delta_x=-1, screen_x=53.0, screen_y=3.0, style=Style(bgcolor=Color('#343434', ColorType.TRUECOLOR, triplet=ColorTriplet(red=52, green=52, blue=52)))) >>> MainScreen() method=None
MouseMove(ListItem(classes='-hovered'), x=52, y=0, pointer_x=52.0, pointer_y=0.0, delta_x=-1, screen_x=53.0, screen_y=3.0, style=Style(bgcolor=Color('#343434', ColorType.TRUECOLOR, triplet=ColorTriplet(red=52, green=52, blue=52)))) >>> MidiRouterApp(title='MidiRouterApp', classes={'-dark-mode'}, pseudo_classes={'dark', 'blur'}) method=None
MouseMove(ListItem(classes='-hovered'), x=51, y=0, pointer_x=51.0, pointer_y=0.0, delta_x=-1, screen_x=52.0, screen_y=3.0, style=Style(bgcolor=Color('#343434', ColorType.TRUECOLOR, triplet=ColorTriplet(red=52, green=52, blue=52)))) >>> ListItem(classes='-hovered') method=None
MouseMove(ListItem(classes='-hovered'), x=51, y=0, pointer_x=51.0, pointer_y=0.0, delta_x=-1, screen_x=52.0, screen_y=3.0, style=Style(bgcolor=Color('#343434', ColorType.TRUECOLOR, triplet=ColorTriplet(red=52, green=52, blue=52)))) >>> ListView() method=None
MouseMove(ListItem(classes='-hovered'), x=51, y=0, pointer_x=51.0, pointer_y=0.0, delta_x=-1, screen_x=52.0, screen_y=3.0, style=Style(bgcolor=Color('#343434', ColorType.TRUECOLOR, triplet=ColorTriplet(red=52, green=52, blue=52)))) >>> Routes(id='routes-view') method=None
MouseMove(ListItem(classes='-hovered'), x=51, y=0, pointer_x=51.0, pointer_y=0.0, delta_x=-1, screen_x=52.0, screen_y=3.0, style=Style(bgcolor=Color('#343434', ColorType.TRUECOLOR, triplet=ColorTriplet(red=52, green=52, blue=52)))) >>> Horizontal() method=None
MouseMove(ListItem(classes='-hovered'), x=51, y=0, pointer_x=51.0, pointer_y=0.0, delta_x=-1, screen_x=52.0, screen_y=3.0, style=Style(bgcolor=Color('#343434', ColorType.TRUECOLOR, triplet=ColorTriplet(red=52, green=52, blue=52)))) >>> MainScreen() method=None
MouseMove(ListItem(classes='-hovered'), x=51, y=0, pointer_x=51.0, pointer_y=0.0, delta_x=-1, screen_x=52.0, screen_y=3.0, style=Style(bgcolor=Color('#343434', ColorType.TRUECOLOR, triplet=ColorTriplet(red=52, green=52, blue=52)))) >>> MidiRouterApp(title='MidiRouterApp', classes={'-dark-mode'}, pseudo_classes={'dark', 'blur'}) method=None
MouseMove(ListItem(classes='-hovered'), x=50, y=0, pointer_x=50.0, pointer_y=0.0, delta_x=-1, screen_x=51.0, screen_y=3.0, style=Style(bgcolor=Color('#343434', ColorType.TRUECOLOR, triplet=ColorTriplet(red=52, green=52, blue=52)))) >>> ListItem(classes='-hovered') method=None
MouseMove(ListItem(classes='-hovered'), x=50, y=0, pointer_x=50.0, pointer_y=0.0, delta_x=-1, screen_x=51.0, screen_y=3.0, style=Style(bgcolor=Color('#343434', ColorType.TRUECOLOR, triplet=ColorTriplet(red=52, green=52, blue=52)))) >>> ListView() method=None
MouseMove(ListItem(classes='-hovered'), x=50, y=0, pointer_x=50.0, pointer_y=0.0, delta_x=-1, screen_x=51.0, screen_y=3.0, style=Style(bgcolor=Color('#343434', ColorType.TRUECOLOR, triplet=ColorTriplet(red=52, green=52, blue=52)))) >>> Routes(id='routes-view') method=None
MouseMove(ListItem(classes='-hovered'), x=50, y=0, pointer_x=50.0, pointer_y=0.0, delta_x=-1, screen_x=51.0, screen_y=3.0, style=Style(bgcolor=Color('#343434', ColorType.TRUECOLOR, triplet=ColorTriplet(red=52, green=52, blue=52)))) >>> Horizontal() method=None
MouseMove(ListItem(classes='-hovered'), x=50, y=0, pointer_x=50.0, pointer_y=0.0, delta_x=-1, screen_x=51.0, screen_y=3.0, style=Style(bgcolor=Color('#343434', ColorType.TRUECOLOR, triplet=ColorTriplet(red=52, green=52, blue=52)))) >>> MainScreen() method=None
MouseMove(ListItem(classes='-hovered'), x=50, y=0, pointer_x=50.0, pointer_y=0.0, delta_x=-1, screen_x=51.0, screen_y=3.0, style=Style(bgcolor=Color('#343434', ColorType.TRUECOLOR, triplet=ColorTriplet(red=52, green=52, blue=52)))) >>> MidiRouterApp(title='MidiRouterApp', classes={'-dark-mode'}, pseudo_classes={'dark', 'blur'}) method=None
MouseMove(ListItem(classes='-hovered'), x=49, y=0, pointer_x=49.0, pointer_y=0.0, delta_x=-1, screen_x=50.0, screen_y=3.0, style=Style(bgcolor=Color('#343434', ColorType.TRUECOLOR, triplet=ColorTriplet(red=52, green=52, blue=52)))) >>> ListItem(classes='-hovered') method=None
MouseMove(ListItem(classes='-hovered'), x=49, y=0, pointer_x=49.0, pointer_y=0.0, delta_x=-1, screen_x=50.0, screen_y=3.0, style=Style(bgcolor=Color('#343434', ColorType.TRUECOLOR, triplet=ColorTriplet(red=52, green=52, blue=52)))) >>> ListView() method=None
MouseMove(ListItem(classes='-hovered'), x=49, y=0, pointer_x=49.0, pointer_y=0.0, delta_x=-1, screen_x=50.0, screen_y=3.0, style=Style(bgcolor=Color('#343434', ColorType.TRUECOLOR, triplet=ColorTriplet(red=52, green=52, blue=52)))) >>> Routes(id='routes-view') method=None
MouseMove(ListItem(classes='-hovered'), x=49, y=0, pointer_x=49.0, pointer_y=0.0, delta_x=-1, screen_x=50.0, screen_y=3.0, style=Style(bgcolor=Color('#343434', ColorType.TRUECOLOR, triplet=ColorTriplet(red=52, green=52, blue=52)))) >>> Horizontal() method=None
MouseMove(ListItem(classes='-hovered'), x=49, y=0, pointer_x=49.0, pointer_y=0.0, delta_x=-1, screen_x=50.0, screen_y=3.0, style=Style(bgcolor=Color('#343434', ColorType.TRUECOLOR, triplet=ColorTriplet(red=52, green=52, blue=52)))) >>> MainScreen() method=None
MouseMove(ListItem(classes='-hovered'), x=49, y=0, pointer_x=49.0, pointer_y=0.0, delta_x=-1, screen_x=50.0, screen_y=3.0, style=Style(bgcolor=Color('#343434', ColorType.TRUECOLOR, triplet=ColorTriplet(red=52, green=52, blue=52)))) >>> MidiRouterApp(title='MidiRouterApp', classes={'-dark-mode'}, pseudo_classes={'dark', 'blur'}) method=None
AppFocus() >>> MidiRouterApp(title='MidiRouterApp', classes={'-dark-mode'}, pseudo_classes={'dark', 'blur'}) method=<App.on_app_focus>
ListView() was focused
InvokeLater(callback=functools.partial(<bound method Widget.recompose of Footer()>)) >>> Footer() method=<MessagePump.on_invoke_later>
InvokeLater(callback=functools.partial(<bound method Widget.recompose of Footer()>)) >>> Footer() method=<MessagePump.on_invoke_later>
InvokeLater(callback=functools.partial(<bound method Screen.refresh_bindings of MainScreen()>)) >>> MainScreen() method=<MessagePump.on_invoke_later>
Update(HeaderTitle()) >>> MainScreen() method=<Screen.on_update>
Focus(from_app_focus=True) >>> ListView() method=<Widget.on_focus>
MouseDown(None, x=49, y=0, pointer_x=49.0, pointer_y=0.0, screen_x=50.0, screen_y=3.0, button=1, style=Style(bgcolor=Color('#3c3c3c', ColorType.TRUECOLOR, triplet=ColorTriplet(red=60, green=60, blue=60)))) >>> ListItem(classes='-hovered') method=<Widget.on_mouse_down>
DescendantFocus(widget=ListView()) >>> Routes(id='routes-view') method=None
Update(ListView()) >>> MainScreen() method=<Screen.on_update>
InvokeLater(callback=functools.partial(<function App._update_mouse_over.<locals>.check_mouse at 0x0000016732DAF240>)) >>> MidiRouterApp(title='MidiRouterApp', classes={'-dark-mode'}, pseudo_classes={'focus', 'dark'}) method=<MessagePump.on_invoke_later>
MouseDown(None, x=49, y=0, pointer_x=49.0, pointer_y=0.0, screen_x=50.0, screen_y=3.0, button=1, style=Style(bgcolor=Color('#3c3c3c', ColorType.TRUECOLOR, triplet=ColorTriplet(red=60, green=60, blue=60)))) >>> ListView() method=<Widget.on_mouse_down>
DescendantFocus(widget=ListView()) >>> Horizontal() method=None
Prune() >>> FooterKey(classes='-compact -command-palette') method=<Widget.on_prune>
Unmount() >>> FooterKey(classes='-compact -command-palette') method=<Widget.on_unmount>
MouseDown(None, x=49, y=0, pointer_x=49.0, pointer_y=0.0, screen_x=50.0, screen_y=3.0, button=1, style=Style(bgcolor=Color('#3c3c3c', ColorType.TRUECOLOR, triplet=ColorTriplet(red=60, green=60, blue=60)))) >>> Routes(id='routes-view') method=<Widget.on_mouse_down>
MouseDown(None, x=49, y=0, pointer_x=49.0, pointer_y=0.0, screen_x=50.0, screen_y=3.0, button=1, style=Style(bgcolor=Color('#3c3c3c', ColorType.TRUECOLOR, triplet=ColorTriplet(red=60, green=60, blue=60)))) >>> Horizontal() method=<Widget.on_mouse_down>
Compose() >>> FooterKey(classes='-command-palette') method=<Widget.on_compose>
Mount() >>> FooterKey(classes='-command-palette') method=<Widget.on_mount>
InvokeLater(callback=functools.partial(<function App._update_mouse_over.<locals>.check_mouse at 0x0000016732D78220>)) >>> MidiRouterApp(title='MidiRouterApp', classes={'-dark-mode'}, pseudo_classes={'focus', 'dark'}) method=<MessagePump.on_invoke_later>
InvokeLater(callback=functools.partial(<function App._update_mouse_over.<locals>.check_mouse at 0x0000016732D789A0>)) >>> MidiRouterApp(title='MidiRouterApp', classes={'-dark-mode'}, pseudo_classes={'focus', 'dark'}) method=<MessagePump.on_invoke_later>
Callback(callback=functools.partial(<function Widget.mount.<locals>.update_styles at 0x0000016732F6C7C0>, [FooterKey(classes='-compact -command-palette')])) >>> Footer() method=<MessagePump.on_callback>
InvokeLater(callback=functools.partial(<function App._update_mouse_over.<locals>.check_mouse at 0x0000016732D78860>)) >>> MidiRouterApp(title='MidiRouterApp', classes={'-dark-mode'}, pseudo_classes={'focus', 'dark'}) method=<MessagePump.on_invoke_later>
Prune() >>> FooterKey(classes='-compact -command-palette') method=<Widget.on_prune>
Unmount() >>> FooterKey(classes='-compact -command-palette') method=<Widget.on_unmount>
Compose() >>> FooterKey(classes='-command-palette') method=<Widget.on_compose>
Mount() >>> FooterKey(classes='-command-palette') method=<Widget.on_mount>
InvokeLater(callback=functools.partial(<function App._update_mouse_over.<locals>.check_mouse at 0x0000016732DAF740>)) >>> MidiRouterApp(title='MidiRouterApp', classes={'-dark-mode'}, pseudo_classes={'focus', 'dark'}) method=<MessagePump.on_invoke_later>
InvokeLater(callback=functools.partial(<function App._update_mouse_over.<locals>.check_mouse at 0x0000016732D780E0>)) >>> MidiRouterApp(title='MidiRouterApp', classes={'-dark-mode'}, pseudo_classes={'focus', 'dark'}) method=<MessagePump.on_invoke_later>
InvokeLater(callback=functools.partial(<function App._update_mouse_over.<locals>.check_mouse at 0x0000016732D79800>)) >>> MidiRouterApp(title='MidiRouterApp', classes={'-dark-mode'}, pseudo_classes={'focus', 'dark'}) method=<MessagePump.on_invoke_later>
Update(Label()) >>> MainScreen() method=<Screen.on_update>
Update(ListItem(classes='-hovered')) >>> MainScreen() method=<Screen.on_update>
Update(Label()) >>> MainScreen() method=<Screen.on_update>
Update(ListItem(classes='-highlight')) >>> MainScreen() method=<Screen.on_update>
DescendantFocus(widget=ListView()) >>> MainScreen() method=None
MouseDown(None, x=49, y=0, pointer_x=49.0, pointer_y=0.0, screen_x=50.0, screen_y=3.0, button=1, style=Style(bgcolor=Color('#3c3c3c', ColorType.TRUECOLOR, triplet=ColorTriplet(red=60, green=60, blue=60)))) >>> MainScreen() method=<Widget.on_mouse_down>
Update(Footer()) >>> MainScreen() method=<Screen.on_update>
Layout() >>> MainScreen() method=<Screen.on_layout>
Update(FooterKey(classes='-compact -command-palette')) >>> MainScreen() method=<Screen.on_update>
Update(Footer()) >>> MainScreen() method=<Screen.on_update>
Layout() >>> MainScreen() method=<Screen.on_layout>
Update(Footer()) >>> MainScreen() method=<Screen.on_update>
Layout() >>> MainScreen() method=<Screen.on_layout>
Update(FooterKey(classes='-compact -command-palette')) >>> MainScreen() method=<Screen.on_update>
Callback(callback=functools.partial(<function Widget.mount.<locals>.update_styles at 0x0000016732D78C20>, [FooterKey(classes='-compact -command-palette')])) >>> Footer() method=<MessagePump.on_callback>
InvokeLater(callback=functools.partial(<bound method Widget.recompose of Footer()>)) >>> Footer() method=<MessagePump.on_invoke_later>
InvokeLater(callback=functools.partial(<function App._update_mouse_over.<locals>.check_mouse at 0x0000016732D79580>)) >>> MidiRouterApp(title='MidiRouterApp', classes={'-dark-mode'}, pseudo_classes={'focus', 'dark'}) method=<MessagePump.on_invoke_later>
DescendantFocus(widget=ListView()) >>> MidiRouterApp(title='MidiRouterApp', classes={'-dark-mode'}, pseudo_classes={'focus', 'dark'}) method=None
MouseDown(None, x=49, y=0, pointer_x=49.0, pointer_y=0.0, screen_x=50.0, screen_y=3.0, button=1, style=Style(bgcolor=Color('#3c3c3c', ColorType.TRUECOLOR, triplet=ColorTriplet(red=60, green=60, blue=60)))) >>> MidiRouterApp(title='MidiRouterApp', classes={'-dark-mode'}, pseudo_classes={'focus', 'dark'}) method=None
InvokeLater(callback=functools.partial(<function App._update_mouse_over.<locals>.check_mouse at 0x0000016732DAF9C0>)) >>> MidiRouterApp(title='MidiRouterApp', classes={'-dark-mode'}, pseudo_classes={'focus', 'dark'}) method=<MessagePump.on_invoke_later>
Update(Footer()) >>> MainScreen() method=<Screen.on_update>
Layout() >>> MainScreen() method=<Screen.on_layout>
Resize(size=Size(width=12, height=1), container_size=Size(width=10, height=1)) >>> FooterKey(classes='-compact -command-palette') method=None
Show() >>> FooterKey(classes='-compact -command-palette') method=<Widget.on_show>
InvokeLater(callback=functools.partial(<function App._update_mouse_over.<locals>.check_mouse at 0x0000016732F50FE0>)) >>> MidiRouterApp(title='MidiRouterApp', classes={'-dark-mode'}, pseudo_classes={'focus', 'dark'}) method=<MessagePump.on_invoke_later>
Update(FooterKey(classes='-compact -command-palette')) >>> MainScreen() method=<Screen.on_update>
Prune() >>> FooterKey(classes='-compact -command-palette') method=<Widget.on_prune>
Unmount() >>> FooterKey(classes='-compact -command-palette') method=<Widget.on_unmount>
InvokeLater(callback=functools.partial(<function App._update_mouse_over.<locals>.check_mouse at 0x0000016732F6C860>)) >>> MidiRouterApp(title='MidiRouterApp', classes={'-dark-mode'}, pseudo_classes={'focus', 'dark'}) method=<MessagePump.on_invoke_later>
Compose() >>> FooterKey(classes='-command-palette') method=<Widget.on_compose>
Mount() >>> FooterKey(classes='-command-palette') method=<Widget.on_mount>
InvokeLater(callback=functools.partial(<function App._update_mouse_over.<locals>.check_mouse at 0x0000016732DAF560>)) >>> MidiRouterApp(title='MidiRouterApp', classes={'-dark-mode'}, pseudo_classes={'focus', 'dark'}) method=<MessagePump.on_invoke_later>
Layout() >>> MainScreen() method=<Screen.on_layout>
Update(Footer()) >>> MainScreen() method=<Screen.on_update>
Layout() >>> MainScreen() method=<Screen.on_layout>
Update(Footer()) >>> MainScreen() method=<Screen.on_update>
Layout() >>> MainScreen() method=<Screen.on_layout>
Update(FooterKey(classes='-compact -command-palette')) >>> MainScreen() method=<Screen.on_update>
Callback(callback=functools.partial(<function Widget.mount.<locals>.update_styles at 0x0000016732DAEFC0>, [FooterKey(classes='-compact -command-palette')])) >>> Footer() method=<MessagePump.on_callback>
InvokeLater(callback=functools.partial(<function App._update_mouse_over.<locals>.check_mouse at 0x0000016732DAF1A0>)) >>> MidiRouterApp(title='MidiRouterApp', classes={'-dark-mode'}, pseudo_classes={'focus', 'dark'}) method=<MessagePump.on_invoke_later>
InvokeLater(callback=functools.partial(<function App._update_mouse_over.<locals>.check_mouse at 0x0000016732DAF6A0>)) >>> MidiRouterApp(title='MidiRouterApp', classes={'-dark-mode'}, pseudo_classes={'focus', 'dark'}) method=<MessagePump.on_invoke_later>
Update(Footer()) >>> MainScreen() method=<Screen.on_update>
Layout() >>> MainScreen() method=<Screen.on_layout>
Resize(size=Size(width=12, height=1), container_size=Size(width=10, height=1)) >>> FooterKey(classes='-compact -command-palette') method=None
Show() >>> FooterKey(classes='-compact -command-palette') method=<Widget.on_show>
InvokeLater(callback=functools.partial(<function App._update_mouse_over.<locals>.check_mouse at 0x0000016732F519E0>)) >>> MidiRouterApp(title='MidiRouterApp', classes={'-dark-mode'}, pseudo_classes={'focus', 'dark'}) method=<MessagePump.on_invoke_later>
Update(FooterKey(classes='-compact -command-palette')) >>> MainScreen() method=<Screen.on_update>
Layout() >>> MainScreen() method=<Screen.on_layout>
MouseUp(None, x=49, y=0, pointer_x=49.0, pointer_y=0.0, screen_x=50.0, screen_y=3.0, button=1, style=Style(bgcolor=Color('#3c3c3c', ColorType.TRUECOLOR, triplet=ColorTriplet(red=60, green=60, blue=60)))) >>> ListItem(classes='-hovered') method=<Widget.on_mouse_up>
Click(ListItem(classes='-hovered'), x=49, y=0, pointer_x=49, pointer_y=0, screen_x=50, screen_y=3, button=1, style=Style(bgcolor=Color('#3c3c3c', ColorType.TRUECOLOR, triplet=ColorTriplet(red=60, green=60, blue=60))), chain=1) >>> ListItem(classes='-hovered') method=<ListItem.on_click>
Click(ListItem(classes='-hovered'), x=49, y=0, pointer_x=49, pointer_y=0, screen_x=50, screen_y=3, button=1, style=Style(bgcolor=Color('#3c3c3c', ColorType.TRUECOLOR, triplet=ColorTriplet(red=60, green=60, blue=60))), chain=1) >>> ListItem(classes='-hovered') method=<Widget.on_click>
_ChildClicked() >>> ListItem(classes='-hovered') method=None
MouseUp(None, x=49, y=0, pointer_x=49.0, pointer_y=0.0, screen_x=50.0, screen_y=3.0, button=1, style=Style(bgcolor=Color('#3c3c3c', ColorType.TRUECOLOR, triplet=ColorTriplet(red=60, green=60, blue=60)))) >>> ListView() method=<Widget.on_mouse_up>
Click(ListItem(classes='-hovered'), x=49, y=0, pointer_x=49, pointer_y=0, screen_x=50, screen_y=3, button=1, style=Style(bgcolor=Color('#3c3c3c', ColorType.TRUECOLOR, triplet=ColorTriplet(red=60, green=60, blue=60))), chain=1) >>> ListView() method=<Widget.on_click>
_ChildClicked() >>> ListView() method=<ListView.on_list_item__child_clicked>
Highlighted() >>> ListView() method=None
Selected() >>> ListView() method=None
MouseUp(None, x=49, y=0, pointer_x=49.0, pointer_y=0.0, screen_x=50.0, screen_y=3.0, button=1, style=Style(bgcolor=Color('#3c3c3c', ColorType.TRUECOLOR, triplet=ColorTriplet(red=60, green=60, blue=60)))) >>> Routes(id='routes-view') method=<Widget.on_mouse_up>
Click(ListItem(classes='-hovered -highlight'), x=49, y=0, pointer_x=49, pointer_y=0, screen_x=50, screen_y=3, button=1, style=Style(bgcolor=Color('#3c3c3c', ColorType.TRUECOLOR, triplet=ColorTriplet(red=60, green=60, blue=60))), chain=1) >>> Routes(id='routes-view') method=<Widget.on_click>
Highlighted() >>> Routes(id='routes-view') method=None
Selected() >>> Routes(id='routes-view') method=None
Callback(callback=functools.partial(<function Widget.focus.<locals>.set_focus at 0x0000016732F6C7C0>, ListView())) >>> MidiRouterApp(title='MidiRouterApp', classes={'-dark-mode'}, pseudo_classes={'focus', 'dark'}) method=<MessagePump.on_callback>
Update(ListView()) >>> MainScreen() method=<Screen.on_update>
Update(ListItem()) >>> MainScreen() method=<Screen.on_update>
Update(Label()) >>> MainScreen() method=<Screen.on_update>
Update(ListItem(classes='-hovered -highlight')) >>> MainScreen() method=<Screen.on_update>
Update(Label()) >>> MainScreen() method=<Screen.on_update>
MouseUp(None, x=49, y=0, pointer_x=49.0, pointer_y=0.0, screen_x=50.0, screen_y=3.0, button=1, style=Style(bgcolor=Color('#3c3c3c', ColorType.TRUECOLOR, triplet=ColorTriplet(red=60, green=60, blue=60)))) >>> Horizontal() method=<Widget.on_mouse_up>
Click(ListItem(classes='-hovered -highlight'), x=49, y=0, pointer_x=49, pointer_y=0, screen_x=50, screen_y=3, button=1, style=Style(bgcolor=Color('#3c3c3c', ColorType.TRUECOLOR, triplet=ColorTriplet(red=60, green=60, blue=60))), chain=1) >>> Horizontal() method=<Widget.on_click>
Highlighted() >>> Horizontal() method=None
Selected() >>> Horizontal() method=None
MouseUp(None, x=49, y=0, pointer_x=49.0, pointer_y=0.0, screen_x=50.0, screen_y=3.0, button=1, style=Style(bgcolor=Color('#3c3c3c', ColorType.TRUECOLOR, triplet=ColorTriplet(red=60, green=60, blue=60)))) >>> MainScreen() method=<Widget.on_mouse_up>
Click(ListItem(classes='-hovered -highlight'), x=49, y=0, pointer_x=49, pointer_y=0, screen_x=50, screen_y=3, button=1, style=Style(bgcolor=Color('#3c3c3c', ColorType.TRUECOLOR, triplet=ColorTriplet(red=60, green=60, blue=60))), chain=1) >>> MainScreen() method=<Widget.on_click>
Highlighted() >>> MainScreen() method=None
Selected() >>> MainScreen() method=None
MouseUp(None, x=49, y=0, pointer_x=49.0, pointer_y=0.0, screen_x=50.0, screen_y=3.0, button=1, style=Style(bgcolor=Color('#3c3c3c', ColorType.TRUECOLOR, triplet=ColorTriplet(red=60, green=60, blue=60)))) >>> MidiRouterApp(title='MidiRouterApp', classes={'-dark-mode'}, pseudo_classes={'focus', 'dark'}) method=None
Click(ListItem(classes='-hovered -highlight'), x=49, y=0, pointer_x=49, pointer_y=0, screen_x=50, screen_y=3, button=1, style=Style(bgcolor=Color('#3c3c3c', ColorType.TRUECOLOR, triplet=ColorTriplet(red=60, green=60, blue=60))), chain=1) >>> MidiRouterApp(title='MidiRouterApp', classes={'-dark-mode'}, pseudo_classes={'focus', 'dark'}) method=None
Highlighted() >>> MidiRouterApp(title='MidiRouterApp', classes={'-dark-mode'}, pseudo_classes={'focus', 'dark'}) method=None
Selected() >>> MidiRouterApp(title='MidiRouterApp', classes={'-dark-mode'}, pseudo_classes={'focus', 'dark'}) method=None
InvokeLater(callback=functools.partial(<function App._update_mouse_over.<locals>.check_mouse at 0x0000016732F52D40>)) >>> MidiRouterApp(title='MidiRouterApp', classes={'-dark-mode'}, pseudo_classes={'focus', 'dark'}) method=<MessagePump.on_invoke_later>
MouseMove(ListItem(classes='-hovered -highlight'), x=50, y=0, pointer_x=50.0, pointer_y=0.0, delta_x=1, screen_x=51.0, screen_y=3.0, style=Style(bgcolor=Color('#0178d4', ColorType.TRUECOLOR, triplet=ColorTriplet(red=1, green=120, blue=212)))) >>> ListItem(classes='-hovered -highlight') method=None
MouseMove(ListItem(classes='-hovered -highlight'), x=50, y=0, pointer_x=50.0, pointer_y=0.0, delta_x=1, screen_x=51.0, screen_y=3.0, style=Style(bgcolor=Color('#0178d4', ColorType.TRUECOLOR, triplet=ColorTriplet(red=1, green=120, blue=212)))) >>> ListView() method=None
MouseMove(ListItem(classes='-hovered -highlight'), x=50, y=0, pointer_x=50.0, pointer_y=0.0, delta_x=1, screen_x=51.0, screen_y=3.0, style=Style(bgcolor=Color('#0178d4', ColorType.TRUECOLOR, triplet=ColorTriplet(red=1, green=120, blue=212)))) >>> Routes(id='routes-view') method=None
MouseMove(ListItem(classes='-hovered -highlight'), x=50, y=0, pointer_x=50.0, pointer_y=0.0, delta_x=1, screen_x=51.0, screen_y=3.0, style=Style(bgcolor=Color('#0178d4', ColorType.TRUECOLOR, triplet=ColorTriplet(red=1, green=120, blue=212)))) >>> Horizontal() method=None
MouseMove(ListItem(classes='-hovered -highlight'), x=50, y=0, pointer_x=50.0, pointer_y=0.0, delta_x=1, screen_x=51.0, screen_y=3.0, style=Style(bgcolor=Color('#0178d4', ColorType.TRUECOLOR, triplet=ColorTriplet(red=1, green=120, blue=212)))) >>> MainScreen() method=None
MouseMove(ListItem(classes='-hovered -highlight'), x=50, y=0, pointer_x=50.0, pointer_y=0.0, delta_x=1, screen_x=51.0, screen_y=3.0, style=Style(bgcolor=Color('#0178d4', ColorType.TRUECOLOR, triplet=ColorTriplet(red=1, green=120, blue=212)))) >>> MidiRouterApp(title='MidiRouterApp', classes={'-dark-mode'}, pseudo_classes={'focus', 'dark'}) method=None
Leave() >>> ListItem(classes='-hovered -highlight') method=<ListItem.on_leave>
Leave() >>> ListItem(classes='-highlight') method=<Widget.on_leave>
Enter() >>> ListItem() method=<ListItem.on_enter>
Enter() >>> ListItem(classes='-hovered') method=<Widget.on_enter>
MouseMove(ListItem(classes='-hovered'), x=59, y=0, pointer_x=59.0, pointer_y=0.0, delta_x=9, delta_y=-1, screen_x=60.0, screen_y=2.0, style=Style(bgcolor=Color('#272727', ColorType.TRUECOLOR, triplet=ColorTriplet(red=39, green=39, blue=39)))) >>> ListItem(classes='-hovered') method=None
MouseMove(ListItem(classes='-hovered'), x=59, y=0, pointer_x=59.0, pointer_y=0.0, delta_x=9, delta_y=-1, screen_x=60.0, screen_y=2.0, style=Style(bgcolor=Color('#272727', ColorType.TRUECOLOR, triplet=ColorTriplet(red=39, green=39, blue=39)))) >>> ListView() method=None
Update(ListItem(classes='-hovered')) >>> MainScreen() method=<Screen.on_update>
Update(Label()) >>> MainScreen() method=<Screen.on_update>
MouseMove(ListItem(classes='-hovered'), x=59, y=0, pointer_x=59.0, pointer_y=0.0, delta_x=9, delta_y=-1, screen_x=60.0, screen_y=2.0, style=Style(bgcolor=Color('#272727', ColorType.TRUECOLOR, triplet=ColorTriplet(red=39, green=39, blue=39)))) >>> Routes(id='routes-view') method=None
MouseMove(ListItem(classes='-hovered'), x=66, y=0, pointer_x=66.0, pointer_y=0.0, delta_x=7, screen_x=67.0, screen_y=2.0, style=Style(bgcolor=Color('#3c3c3c', ColorType.TRUECOLOR, triplet=ColorTriplet(red=60, green=60, blue=60)))) >>> ListItem(classes='-hovered') method=None
MouseMove(ListItem(classes='-hovered'), x=59, y=0, pointer_x=59.0, pointer_y=0.0, delta_x=9, delta_y=-1, screen_x=60.0, screen_y=2.0, style=Style(bgcolor=Color('#272727', ColorType.TRUECOLOR, triplet=ColorTriplet(red=39, green=39, blue=39)))) >>> Horizontal() method=None
InvokeLater(callback=functools.partial(<function App._update_mouse_over.<locals>.check_mouse at 0x0000016732F536A0>)) >>> MidiRouterApp(title='MidiRouterApp', classes={'-dark-mode'}, pseudo_classes={'focus', 'dark'}) method=<MessagePump.on_invoke_later>
MouseMove(ListItem(classes='-hovered'), x=66, y=0, pointer_x=66.0, pointer_y=0.0, delta_x=7, screen_x=67.0, screen_y=2.0, style=Style(bgcolor=Color('#3c3c3c', ColorType.TRUECOLOR, triplet=ColorTriplet(red=60, green=60, blue=60)))) >>> ListView() method=None
MouseMove(ListItem(classes='-hovered'), x=59, y=0, pointer_x=59.0, pointer_y=0.0, delta_x=9, delta_y=-1, screen_x=60.0, screen_y=2.0, style=Style(bgcolor=Color('#272727', ColorType.TRUECOLOR, triplet=ColorTriplet(red=39, green=39, blue=39)))) >>> MainScreen() method=None
MouseMove(ListItem(classes='-hovered'), x=66, y=0, pointer_x=66.0, pointer_y=0.0, delta_x=7, screen_x=67.0, screen_y=2.0, style=Style(bgcolor=Color('#3c3c3c', ColorType.TRUECOLOR, triplet=ColorTriplet(red=60, green=60, blue=60)))) >>> Routes(id='routes-view') method=None
MouseMove(ListItem(classes='-hovered'), x=59, y=0, pointer_x=59.0, pointer_y=0.0, delta_x=9, delta_y=-1, screen_x=60.0, screen_y=2.0, style=Style(bgcolor=Color('#272727', ColorType.TRUECOLOR, triplet=ColorTriplet(red=39, green=39, blue=39)))) >>> MidiRouterApp(title='MidiRouterApp', classes={'-dark-mode'}, pseudo_classes={'focus', 'dark'}) method=None
MouseMove(ListItem(classes='-hovered'), x=66, y=0, pointer_x=66.0, pointer_y=0.0, delta_x=7, screen_x=67.0, screen_y=2.0, style=Style(bgcolor=Color('#3c3c3c', ColorType.TRUECOLOR, triplet=ColorTriplet(red=60, green=60, blue=60)))) >>> Horizontal() method=None
MouseMove(ListItem(classes='-hovered'), x=66, y=0, pointer_x=66.0, pointer_y=0.0, delta_x=7, screen_x=67.0, screen_y=2.0, style=Style(bgcolor=Color('#3c3c3c', ColorType.TRUECOLOR, triplet=ColorTriplet(red=60, green=60, blue=60)))) >>> MainScreen() method=None
MouseMove(ListItem(classes='-hovered'), x=66, y=0, pointer_x=66.0, pointer_y=0.0, delta_x=7, screen_x=67.0, screen_y=2.0, style=Style(bgcolor=Color('#3c3c3c', ColorType.TRUECOLOR, triplet=ColorTriplet(red=60, green=60, blue=60)))) >>> MidiRouterApp(title='MidiRouterApp', classes={'-dark-mode'}, pseudo_classes={'focus', 'dark'}) method=None
MouseMove(ListItem(classes='-hovered'), x=75, y=0, pointer_x=75.0, pointer_y=0.0, delta_x=9, screen_x=76.0, screen_y=2.0, style=Style(bgcolor=Color('#3c3c3c', ColorType.TRUECOLOR, triplet=ColorTriplet(red=60, green=60, blue=60)))) >>> ListItem(classes='-hovered') method=None
MouseMove(ListItem(classes='-hovered'), x=75, y=0, pointer_x=75.0, pointer_y=0.0, delta_x=9, screen_x=76.0, screen_y=2.0, style=Style(bgcolor=Color('#3c3c3c', ColorType.TRUECOLOR, triplet=ColorTriplet(red=60, green=60, blue=60)))) >>> ListView() method=None
MouseMove(ListItem(classes='-hovered'), x=75, y=0, pointer_x=75.0, pointer_y=0.0, delta_x=9, screen_x=76.0, screen_y=2.0, style=Style(bgcolor=Color('#3c3c3c', ColorType.TRUECOLOR, triplet=ColorTriplet(red=60, green=60, blue=60)))) >>> Routes(id='routes-view') method=None
MouseMove(ListItem(classes='-hovered'), x=75, y=0, pointer_x=75.0, pointer_y=0.0, delta_x=9, screen_x=76.0, screen_y=2.0, style=Style(bgcolor=Color('#3c3c3c', ColorType.TRUECOLOR, triplet=ColorTriplet(red=60, green=60, blue=60)))) >>> Horizontal() method=None
MouseMove(ListItem(classes='-hovered'), x=75, y=0, pointer_x=75.0, pointer_y=0.0, delta_x=9, screen_x=76.0, screen_y=2.0, style=Style(bgcolor=Color('#3c3c3c', ColorType.TRUECOLOR, triplet=ColorTriplet(red=60, green=60, blue=60)))) >>> MainScreen() method=None
MouseMove(ListItem(classes='-hovered'), x=75, y=0, pointer_x=75.0, pointer_y=0.0, delta_x=9, screen_x=76.0, screen_y=2.0, style=Style(bgcolor=Color('#3c3c3c', ColorType.TRUECOLOR, triplet=ColorTriplet(red=60, green=60, blue=60)))) >>> MidiRouterApp(title='MidiRouterApp', classes={'-dark-mode'}, pseudo_classes={'focus', 'dark'}) method=None
MouseMove(ListItem(classes='-hovered'), x=92, y=0, pointer_x=92.0, pointer_y=0.0, delta_x=17, screen_x=93.0, screen_y=2.0, style=Style(bgcolor=Color('#3c3c3c', ColorType.TRUECOLOR, triplet=ColorTriplet(red=60, green=60, blue=60)))) >>> ListItem(classes='-hovered') method=None
MouseMove(ListItem(classes='-hovered'), x=92, y=0, pointer_x=92.0, pointer_y=0.0, delta_x=17, screen_x=93.0, screen_y=2.0, style=Style(bgcolor=Color('#3c3c3c', ColorType.TRUECOLOR, triplet=ColorTriplet(red=60, green=60, blue=60)))) >>> ListView() method=None
MouseMove(ListItem(classes='-hovered'), x=92, y=0, pointer_x=92.0, pointer_y=0.0, delta_x=17, screen_x=93.0, screen_y=2.0, style=Style(bgcolor=Color('#3c3c3c', ColorType.TRUECOLOR, triplet=ColorTriplet(red=60, green=60, blue=60)))) >>> Routes(id='routes-view') method=None
MouseMove(ListItem(classes='-hovered'), x=92, y=0, pointer_x=92.0, pointer_y=0.0, delta_x=17, screen_x=93.0, screen_y=2.0, style=Style(bgcolor=Color('#3c3c3c', ColorType.TRUECOLOR, triplet=ColorTriplet(red=60, green=60, blue=60)))) >>> Horizontal() method=None
MouseMove(ListItem(classes='-hovered'), x=92, y=0, pointer_x=92.0, pointer_y=0.0, delta_x=17, screen_x=93.0, screen_y=2.0, style=Style(bgcolor=Color('#3c3c3c', ColorType.TRUECOLOR, triplet=ColorTriplet(red=60, green=60, blue=60)))) >>> MainScreen() method=None
MouseMove(ListItem(classes='-hovered'), x=92, y=0, pointer_x=92.0, pointer_y=0.0, delta_x=17, screen_x=93.0, screen_y=2.0, style=Style(bgcolor=Color('#3c3c3c', ColorType.TRUECOLOR, triplet=ColorTriplet(red=60, green=60, blue=60)))) >>> MidiRouterApp(title='MidiRouterApp', classes={'-dark-mode'}, pseudo_classes={'focus', 'dark'}) method=None
MouseMove(ListItem(classes='-hovered'), x=103, y=0, pointer_x=103.0, pointer_y=0.0, delta_x=11, screen_x=104.0, screen_y=2.0, style=Style(bgcolor=Color('#3c3c3c', ColorType.TRUECOLOR, triplet=ColorTriplet(red=60, green=60, blue=60)))) >>> ListItem(classes='-hovered') method=None
MouseMove(ListItem(classes='-hovered'), x=103, y=0, pointer_x=103.0, pointer_y=0.0, delta_x=11, screen_x=104.0, screen_y=2.0, style=Style(bgcolor=Color('#3c3c3c', ColorType.TRUECOLOR, triplet=ColorTriplet(red=60, green=60, blue=60)))) >>> ListView() method=None
MouseMove(ListItem(classes='-hovered'), x=103, y=0, pointer_x=103.0, pointer_y=0.0, delta_x=11, screen_x=104.0, screen_y=2.0, style=Style(bgcolor=Color('#3c3c3c', ColorType.TRUECOLOR, triplet=ColorTriplet(red=60, green=60, blue=60)))) >>> Routes(id='routes-view') method=None
MouseMove(ListItem(classes='-hovered'), x=103, y=0, pointer_x=103.0, pointer_y=0.0, delta_x=11, screen_x=104.0, screen_y=2.0, style=Style(bgcolor=Color('#3c3c3c', ColorType.TRUECOLOR, triplet=ColorTriplet(red=60, green=60, blue=60)))) >>> Horizontal() method=None
MouseMove(ListItem(classes='-hovered'), x=103, y=0, pointer_x=103.0, pointer_y=0.0, delta_x=11, screen_x=104.0, screen_y=2.0, style=Style(bgcolor=Color('#3c3c3c', ColorType.TRUECOLOR, triplet=ColorTriplet(red=60, green=60, blue=60)))) >>> MainScreen() method=None
MouseMove(ListItem(classes='-hovered'), x=103, y=0, pointer_x=103.0, pointer_y=0.0, delta_x=11, screen_x=104.0, screen_y=2.0, style=Style(bgcolor=Color('#3c3c3c', ColorType.TRUECOLOR, triplet=ColorTriplet(red=60, green=60, blue=60)))) >>> MidiRouterApp(title='MidiRouterApp', classes={'-dark-mode'}, pseudo_classes={'focus', 'dark'}) method=None
Leave() >>> ListItem(classes='-hovered') method=<ListItem.on_leave>
Leave() >>> ListItem() method=<Widget.on_leave>
Enter() >>> Label() method=<Widget.on_enter>
MouseMove(Label(), x=9, y=0, pointer_x=9.0, pointer_y=0.0, delta_x=11, screen_x=115.0, screen_y=2.0, style=Style(color=Color('#e0e0e0', ColorType.TRUECOLOR, triplet=ColorTriplet(red=224, green=224, blue=224)), bgcolor=Color('#121212', ColorType.TRUECOLOR, triplet=ColorTriplet(red=18, green=18, blue=18)), meta={'offset': (0, 0)})) >>> Label() method=None
Update(ListItem()) >>> MainScreen() method=<Screen.on_update>
Update(Label()) >>> MainScreen() method=<Screen.on_update>
Update(Label()) >>> MainScreen() method=<Screen.on_update>
Enter() >>> Vertical() method=<Widget.on_enter>
MouseMove(Label(), x=9, y=0, pointer_x=9.0, pointer_y=0.0, delta_x=11, screen_x=115.0, screen_y=2.0, style=Style(color=Color('#e0e0e0', ColorType.TRUECOLOR, triplet=ColorTriplet(red=224, green=224, blue=224)), bgcolor=Color('#121212', ColorType.TRUECOLOR, triplet=ColorTriplet(red=18, green=18, blue=18)), meta={'offset': (0, 0)})) >>> Vertical() method=None
Enter() >>> Horizontal() method=<Widget.on_enter>
MouseMove(Label(), x=9, y=0, pointer_x=9.0, pointer_y=0.0, delta_x=11, screen_x=115.0, screen_y=2.0, style=Style(color=Color('#e0e0e0', ColorType.TRUECOLOR, triplet=ColorTriplet(red=224, green=224, blue=224)), bgcolor=Color('#121212', ColorType.TRUECOLOR, triplet=ColorTriplet(red=18, green=18, blue=18)), meta={'offset': (0, 0)})) >>> Horizontal() method=None
InvokeLater(callback=functools.partial(<function App._update_mouse_over.<locals>.check_mouse at 0x0000016732F53240>)) >>> MidiRouterApp(title='MidiRouterApp', classes={'-dark-mode'}, pseudo_classes={'focus', 'dark'}) method=<MessagePump.on_invoke_later>
Enter() >>> MainScreen() method=<Widget.on_enter>
MouseMove(Label(), x=9, y=0, pointer_x=9.0, pointer_y=0.0, delta_x=11, screen_x=115.0, screen_y=2.0, style=Style(color=Color('#e0e0e0', ColorType.TRUECOLOR, triplet=ColorTriplet(red=224, green=224, blue=224)), bgcolor=Color('#121212', ColorType.TRUECOLOR, triplet=ColorTriplet(red=18, green=18, blue=18)), meta={'offset': (0, 0)})) >>> MainScreen() method=None
Enter() >>> MidiRouterApp(title='MidiRouterApp', classes={'-dark-mode'}, pseudo_classes={'focus', 'dark'}) method=None
MouseMove(Label(), x=9, y=0, pointer_x=9.0, pointer_y=0.0, delta_x=11, screen_x=115.0, screen_y=2.0, style=Style(color=Color('#e0e0e0', ColorType.TRUECOLOR, triplet=ColorTriplet(red=224, green=224, blue=224)), bgcolor=Color('#121212', ColorType.TRUECOLOR, triplet=ColorTriplet(red=18, green=18, blue=18)), meta={'offset': (0, 0)})) >>> MidiRouterApp(title='MidiRouterApp', classes={'-dark-mode'}, pseudo_classes={'focus', 'dark'}) method=None
Leave() >>> Label() method=<Widget.on_leave>
Enter() >>> Vertical() method=<Widget.on_enter>
MouseMove(Vertical(), x=13, y=2, pointer_x=13.0, pointer_y=2.0, delta_x=4, delta_y=1, screen_x=119.0, screen_y=3.0, style=Style(bgcolor=Color('#121212', ColorType.TRUECOLOR, triplet=ColorTriplet(red=18, green=18, blue=18)))) >>> Vertical() method=None
Leave() >>> Vertical() method=<Widget.on_leave>
Update(Label()) >>> MainScreen() method=<Screen.on_update>
Enter() >>> Horizontal() method=<Widget.on_enter>
MouseMove(Vertical(), x=13, y=2, pointer_x=13.0, pointer_y=2.0, delta_x=4, delta_y=1, screen_x=119.0, screen_y=3.0, style=Style(bgcolor=Color('#121212', ColorType.TRUECOLOR, triplet=ColorTriplet(red=18, green=18, blue=18)))) >>> Horizontal() method=None
Leave() >>> Horizontal() method=<Widget.on_leave>
Enter() >>> MainScreen() method=<Widget.on_enter>
MouseMove(Vertical(), x=13, y=2, pointer_x=13.0, pointer_y=2.0, delta_x=4, delta_y=1, screen_x=119.0, screen_y=3.0, style=Style(bgcolor=Color('#121212', ColorType.TRUECOLOR, triplet=ColorTriplet(red=18, green=18, blue=18)))) >>> MainScreen() method=None
Leave() >>> MainScreen() method=<Widget.on_leave>
Enter() >>> MidiRouterApp(title='MidiRouterApp', classes={'-dark-mode'}, pseudo_classes={'focus', 'dark'}) method=None
MouseMove(Vertical(), x=13, y=2, pointer_x=13.0, pointer_y=2.0, delta_x=4, delta_y=1, screen_x=119.0, screen_y=3.0, style=Style(bgcolor=Color('#121212', ColorType.TRUECOLOR, triplet=ColorTriplet(red=18, green=18, blue=18)))) >>> MidiRouterApp(title='MidiRouterApp', classes={'-dark-mode'}, pseudo_classes={'focus', 'dark'}) method=None
Leave() >>> MidiRouterApp(title='MidiRouterApp', classes={'-dark-mode'}, pseudo_classes={'focus', 'dark'}) method=None
InvokeLater(callback=functools.partial(<function App._update_mouse_over.<locals>.check_mouse at 0x0000016732D789A0>)) >>> MidiRouterApp(title='MidiRouterApp', classes={'-dark-mode'}, pseudo_classes={'focus', 'dark'}) method=<MessagePump.on_invoke_later>
MouseMove(Vertical(), x=14, y=2, pointer_x=14.0, pointer_y=2.0, delta_x=1, screen_x=120.0, screen_y=3.0, style=Style(bgcolor=Color('#121212', ColorType.TRUECOLOR, triplet=ColorTriplet(red=18, green=18, blue=18)))) >>> Vertical() method=None
MouseMove(Vertical(), x=14, y=2, pointer_x=14.0, pointer_y=2.0, delta_x=1, screen_x=120.0, screen_y=3.0, style=Style(bgcolor=Color('#121212', ColorType.TRUECOLOR, triplet=ColorTriplet(red=18, green=18, blue=18)))) >>> Horizontal() method=None
MouseMove(Vertical(), x=14, y=2, pointer_x=14.0, pointer_y=2.0, delta_x=1, screen_x=120.0, screen_y=3.0, style=Style(bgcolor=Color('#121212', ColorType.TRUECOLOR, triplet=ColorTriplet(red=18, green=18, blue=18)))) >>> MainScreen() method=None
MouseMove(Vertical(), x=14, y=2, pointer_x=14.0, pointer_y=2.0, delta_x=1, screen_x=120.0, screen_y=3.0, style=Style(bgcolor=Color('#121212', ColorType.TRUECOLOR, triplet=ColorTriplet(red=18, green=18, blue=18)))) >>> MidiRouterApp(title='MidiRouterApp', classes={'-dark-mode'}, pseudo_classes={'focus', 'dark'}) method=None
MouseMove(Vertical(), x=14, y=1, pointer_x=14.0, pointer_y=1.0, delta_y=-1, screen_x=120.0, screen_y=2.0, style=Style(bgcolor=Color('#121212', ColorType.TRUECOLOR, triplet=ColorTriplet(red=18, green=18, blue=18)))) >>> Vertical() method=None
MouseMove(Vertical(), x=14, y=1, pointer_x=14.0, pointer_y=1.0, delta_y=-1, screen_x=120.0, screen_y=2.0, style=Style(bgcolor=Color('#121212', ColorType.TRUECOLOR, triplet=ColorTriplet(red=18, green=18, blue=18)))) >>> Horizontal() method=None
MouseMove(Vertical(), x=14, y=1, pointer_x=14.0, pointer_y=1.0, delta_y=-1, screen_x=120.0, screen_y=2.0, style=Style(bgcolor=Color('#121212', ColorType.TRUECOLOR, triplet=ColorTriplet(red=18, green=18, blue=18)))) >>> MainScreen() method=None
MouseMove(Vertical(), x=14, y=1, pointer_x=14.0, pointer_y=1.0, delta_y=-1, screen_x=120.0, screen_y=2.0, style=Style(bgcolor=Color('#121212', ColorType.TRUECOLOR, triplet=ColorTriplet(red=18, green=18, blue=18)))) >>> MidiRouterApp(title='MidiRouterApp', classes={'-dark-mode'}, pseudo_classes={'focus', 'dark'}) method=None
MouseMove(Vertical(), x=13, y=1, pointer_x=13.0, pointer_y=1.0, delta_x=-1, screen_x=119.0, screen_y=2.0, style=Style(bgcolor=Color('#121212', ColorType.TRUECOLOR, triplet=ColorTriplet(red=18, green=18, blue=18)))) >>> Vertical() method=None
MouseMove(Vertical(), x=13, y=1, pointer_x=13.0, pointer_y=1.0, delta_x=-1, screen_x=119.0, screen_y=2.0, style=Style(bgcolor=Color('#121212', ColorType.TRUECOLOR, triplet=ColorTriplet(red=18, green=18, blue=18)))) >>> Horizontal() method=None
MouseMove(Vertical(), x=13, y=1, pointer_x=13.0, pointer_y=1.0, delta_x=-1, screen_x=119.0, screen_y=2.0, style=Style(bgcolor=Color('#121212', ColorType.TRUECOLOR, triplet=ColorTriplet(red=18, green=18, blue=18)))) >>> MainScreen() method=None
MouseMove(Vertical(), x=13, y=1, pointer_x=13.0, pointer_y=1.0, delta_x=-1, screen_x=119.0, screen_y=2.0, style=Style(bgcolor=Color('#121212', ColorType.TRUECOLOR, triplet=ColorTriplet(red=18, green=18, blue=18)))) >>> MidiRouterApp(title='MidiRouterApp', classes={'-dark-mode'}, pseudo_classes={'focus', 'dark'}) method=None
MouseDown(None, x=13, y=1, pointer_x=13.0, pointer_y=1.0, screen_x=119.0, screen_y=2.0, button=1, style=Style(bgcolor=Color('#121212', ColorType.TRUECOLOR, triplet=ColorTriplet(red=18, green=18, blue=18)))) >>> Vertical() method=<Widget.on_mouse_down>
MouseDown(None, x=13, y=1, pointer_x=13.0, pointer_y=1.0, screen_x=119.0, screen_y=2.0, button=1, style=Style(bgcolor=Color('#121212', ColorType.TRUECOLOR, triplet=ColorTriplet(red=18, green=18, blue=18)))) >>> Horizontal() method=<Widget.on_mouse_down>
MouseDown(None, x=13, y=1, pointer_x=13.0, pointer_y=1.0, screen_x=119.0, screen_y=2.0, button=1, style=Style(bgcolor=Color('#121212', ColorType.TRUECOLOR, triplet=ColorTriplet(red=18, green=18, blue=18)))) >>> MainScreen() method=<Widget.on_mouse_down>
MouseDown(None, x=13, y=1, pointer_x=13.0, pointer_y=1.0, screen_x=119.0, screen_y=2.0, button=1, style=Style(bgcolor=Color('#121212', ColorType.TRUECOLOR, triplet=ColorTriplet(red=18, green=18, blue=18)))) >>> MidiRouterApp(title='MidiRouterApp', classes={'-dark-mode'}, pseudo_classes={'focus', 'dark'}) method=None
MouseUp(None, x=13, y=1, pointer_x=13.0, pointer_y=1.0, screen_x=119.0, screen_y=2.0, button=1, style=Style(bgcolor=Color('#121212', ColorType.TRUECOLOR, triplet=ColorTriplet(red=18, green=18, blue=18)))) >>> Vertical() method=<Widget.on_mouse_up>
Click(Vertical(), x=13, y=1, pointer_x=13, pointer_y=1, screen_x=119, screen_y=2, button=1, style=Style(bgcolor=Color('#121212', ColorType.TRUECOLOR, triplet=ColorTriplet(red=18, green=18, blue=18))), chain=1) >>> Vertical() method=<Widget.on_click>
MouseUp(None, x=13, y=1, pointer_x=13.0, pointer_y=1.0, screen_x=119.0, screen_y=2.0, button=1, style=Style(bgcolor=Color('#121212', ColorType.TRUECOLOR, triplet=ColorTriplet(red=18, green=18, blue=18)))) >>> Horizontal() method=<Widget.on_mouse_up>
Click(Vertical(), x=13, y=1, pointer_x=13, pointer_y=1, screen_x=119, screen_y=2, button=1, style=Style(bgcolor=Color('#121212', ColorType.TRUECOLOR, triplet=ColorTriplet(red=18, green=18, blue=18))), chain=1) >>> Horizontal() method=<Widget.on_click>
MouseUp(None, x=13, y=1, pointer_x=13.0, pointer_y=1.0, screen_x=119.0, screen_y=2.0, button=1, style=Style(bgcolor=Color('#121212', ColorType.TRUECOLOR, triplet=ColorTriplet(red=18, green=18, blue=18)))) >>> MainScreen() method=<Widget.on_mouse_up>
Click(Vertical(), x=13, y=1, pointer_x=13, pointer_y=1, screen_x=119, screen_y=2, button=1, style=Style(bgcolor=Color('#121212', ColorType.TRUECOLOR, triplet=ColorTriplet(red=18, green=18, blue=18))), chain=1) >>> MainScreen() method=<Widget.on_click>
MouseUp(None, x=13, y=1, pointer_x=13.0, pointer_y=1.0, screen_x=119.0, screen_y=2.0, button=1, style=Style(bgcolor=Color('#121212', ColorType.TRUECOLOR, triplet=ColorTriplet(red=18, green=18, blue=18)))) >>> MidiRouterApp(title='MidiRouterApp', classes={'-dark-mode'}, pseudo_classes={'focus', 'dark'}) method=None
Click(Vertical(), x=13, y=1, pointer_x=13, pointer_y=1, screen_x=119, screen_y=2, button=1, style=Style(bgcolor=Color('#121212', ColorType.TRUECOLOR, triplet=ColorTriplet(red=18, green=18, blue=18))), chain=1) >>> MidiRouterApp(title='MidiRouterApp', classes={'-dark-mode'}, pseudo_classes={'focus', 'dark'}) method=None
Leave() >>> Vertical() method=<Widget.on_leave>
Enter() >>> Label() method=<Widget.on_enter>
MouseMove(Label(), x=9, y=0, pointer_x=9.0, pointer_y=0.0, delta_x=-4, screen_x=115.0, screen_y=2.0, style=Style(color=Color('#e0e0e0', ColorType.TRUECOLOR, triplet=ColorTriplet(red=224, green=224, blue=224)), bgcolor=Color('#121212', ColorType.TRUECOLOR, triplet=ColorTriplet(red=18, green=18, blue=18)), meta={'offset': (0, 0)})) >>> Label() method=None
Leave() >>> Horizontal() method=<Widget.on_leave>
Enter() >>> Vertical() method=<Widget.on_enter>
MouseMove(Label(), x=9, y=0, pointer_x=9.0, pointer_y=0.0, delta_x=-4, screen_x=115.0, screen_y=2.0, style=Style(color=Color('#e0e0e0', ColorType.TRUECOLOR, triplet=ColorTriplet(red=224, green=224, blue=224)), bgcolor=Color('#121212', ColorType.TRUECOLOR, triplet=ColorTriplet(red=18, green=18, blue=18)), meta={'offset': (0, 0)})) >>> Vertical() method=None
Update(Label()) >>> MainScreen() method=<Screen.on_update>
Leave() >>> MainScreen() method=<Widget.on_leave>
Enter() >>> Horizontal() method=<Widget.on_enter>
MouseMove(Label(), x=9, y=0, pointer_x=9.0, pointer_y=0.0, delta_x=-4, screen_x=115.0, screen_y=2.0, style=Style(color=Color('#e0e0e0', ColorType.TRUECOLOR, triplet=ColorTriplet(red=224, green=224, blue=224)), bgcolor=Color('#121212', ColorType.TRUECOLOR, triplet=ColorTriplet(red=18, green=18, blue=18)), meta={'offset': (0, 0)})) >>> Horizontal() method=None
Leave() >>> MidiRouterApp(title='MidiRouterApp', classes={'-dark-mode'}, pseudo_classes={'focus', 'dark'}) method=None
Enter() >>> MainScreen() method=<Widget.on_enter>
MouseMove(Label(), x=9, y=0, pointer_x=9.0, pointer_y=0.0, delta_x=-4, screen_x=115.0, screen_y=2.0, style=Style(color=Color('#e0e0e0', ColorType.TRUECOLOR, triplet=ColorTriplet(red=224, green=224, blue=224)), bgcolor=Color('#121212', ColorType.TRUECOLOR, triplet=ColorTriplet(red=18, green=18, blue=18)), meta={'offset': (0, 0)})) >>> MainScreen() method=None
InvokeLater(callback=functools.partial(<function App._update_mouse_over.<locals>.check_mouse at 0x0000016732F52DE0>)) >>> MidiRouterApp(title='MidiRouterApp', classes={'-dark-mode'}, pseudo_classes={'focus', 'dark'}) method=<MessagePump.on_invoke_later>
Enter() >>> MidiRouterApp(title='MidiRouterApp', classes={'-dark-mode'}, pseudo_classes={'focus', 'dark'}) method=None
MouseMove(Label(), x=9, y=0, pointer_x=9.0, pointer_y=0.0, delta_x=-4, screen_x=115.0, screen_y=2.0, style=Style(color=Color('#e0e0e0', ColorType.TRUECOLOR, triplet=ColorTriplet(red=224, green=224, blue=224)), bgcolor=Color('#121212', ColorType.TRUECOLOR, triplet=ColorTriplet(red=18, green=18, blue=18)), meta={'offset': (0, 0)})) >>> MidiRouterApp(title='MidiRouterApp', classes={'-dark-mode'}, pseudo_classes={'focus', 'dark'}) method=None
Leave() >>> Label() method=<Widget.on_leave>
Enter() >>> Vertical() method=<Widget.on_enter>
MouseMove(Vertical(), x=6, y=2, pointer_x=6.0, pointer_y=2.0, delta_x=-3, delta_y=1, screen_x=112.0, screen_y=3.0, style=Style(bgcolor=Color('#121212', ColorType.TRUECOLOR, triplet=ColorTriplet(red=18, green=18, blue=18)))) >>> Vertical() method=None
Leave() >>> Vertical() method=<Widget.on_leave>
Update(Label()) >>> MainScreen() method=<Screen.on_update>
Enter() >>> Horizontal() method=<Widget.on_enter>
MouseMove(Vertical(), x=6, y=2, pointer_x=6.0, pointer_y=2.0, delta_x=-3, delta_y=1, screen_x=112.0, screen_y=3.0, style=Style(bgcolor=Color('#121212', ColorType.TRUECOLOR, triplet=ColorTriplet(red=18, green=18, blue=18)))) >>> Horizontal() method=None
Leave() >>> Horizontal() method=<Widget.on_leave>
Enter() >>> MainScreen() method=<Widget.on_enter>
MouseMove(Vertical(), x=6, y=2, pointer_x=6.0, pointer_y=2.0, delta_x=-3, delta_y=1, screen_x=112.0, screen_y=3.0, style=Style(bgcolor=Color('#121212', ColorType.TRUECOLOR, triplet=ColorTriplet(red=18, green=18, blue=18)))) >>> MainScreen() method=None
Leave() >>> MainScreen() method=<Widget.on_leave>
Enter() >>> MidiRouterApp(title='MidiRouterApp', classes={'-dark-mode'}, pseudo_classes={'focus', 'dark'}) method=None
MouseMove(Vertical(), x=6, y=2, pointer_x=6.0, pointer_y=2.0, delta_x=-3, delta_y=1, screen_x=112.0, screen_y=3.0, style=Style(bgcolor=Color('#121212', ColorType.TRUECOLOR, triplet=ColorTriplet(red=18, green=18, blue=18)))) >>> MidiRouterApp(title='MidiRouterApp', classes={'-dark-mode'}, pseudo_classes={'focus', 'dark'}) method=None
Leave() >>> MidiRouterApp(title='MidiRouterApp', classes={'-dark-mode'}, pseudo_classes={'focus', 'dark'}) method=None
Leave() >>> Vertical() method=<Widget.on_leave>
Enter() >>> ListView() method=<Widget.on_enter>
MouseMove(ListView(), x=102, y=2, pointer_x=102.0, pointer_y=2.0, delta_x=-9, delta_y=1, screen_x=103.0, screen_y=4.0, style=Style(bgcolor=Color('#272727', ColorType.TRUECOLOR, triplet=ColorTriplet(red=39, green=39, blue=39)))) >>> ListView() method=None
Leave() >>> Horizontal() method=<Widget.on_leave>
Enter() >>> Routes(id='routes-view') method=<Widget.on_enter>
MouseMove(ListView(), x=102, y=2, pointer_x=102.0, pointer_y=2.0, delta_x=-9, delta_y=1, screen_x=103.0, screen_y=4.0, style=Style(bgcolor=Color('#272727', ColorType.TRUECOLOR, triplet=ColorTriplet(red=39, green=39, blue=39)))) >>> Routes(id='routes-view') method=None
Leave() >>> MainScreen() method=<Widget.on_leave>
Enter() >>> Horizontal() method=<Widget.on_enter>
MouseMove(ListView(), x=102, y=2, pointer_x=102.0, pointer_y=2.0, delta_x=-9, delta_y=1, screen_x=103.0, screen_y=4.0, style=Style(bgcolor=Color('#272727', ColorType.TRUECOLOR, triplet=ColorTriplet(red=39, green=39, blue=39)))) >>> Horizontal() method=None
Leave() >>> MidiRouterApp(title='MidiRouterApp', classes={'-dark-mode'}, pseudo_classes={'focus', 'dark'}) method=None
Enter() >>> MainScreen() method=<Widget.on_enter>
MouseMove(ListView(), x=102, y=2, pointer_x=102.0, pointer_y=2.0, delta_x=-9, delta_y=1, screen_x=103.0, screen_y=4.0, style=Style(bgcolor=Color('#272727', ColorType.TRUECOLOR, triplet=ColorTriplet(red=39, green=39, blue=39)))) >>> MainScreen() method=None
Enter() >>> MidiRouterApp(title='MidiRouterApp', classes={'-dark-mode'}, pseudo_classes={'focus', 'dark'}) method=None
MouseMove(ListView(), x=102, y=2, pointer_x=102.0, pointer_y=2.0, delta_x=-9, delta_y=1, screen_x=103.0, screen_y=4.0, style=Style(bgcolor=Color('#272727', ColorType.TRUECOLOR, triplet=ColorTriplet(red=39, green=39, blue=39)))) >>> MidiRouterApp(title='MidiRouterApp', classes={'-dark-mode'}, pseudo_classes={'focus', 'dark'}) method=None
InvokeLater(callback=functools.partial(<function App._update_mouse_over.<locals>.check_mouse at 0x0000016732F532E0>)) >>> MidiRouterApp(title='MidiRouterApp', classes={'-dark-mode'}, pseudo_classes={'focus', 'dark'}) method=<MessagePump.on_invoke_later>
MouseMove(ListView(), x=91, y=4, pointer_x=91.0, pointer_y=4.0, delta_x=-11, delta_y=2, screen_x=92.0, screen_y=6.0, style=Style(bgcolor=Color('#272727', ColorType.TRUECOLOR, triplet=ColorTriplet(red=39, green=39, blue=39)))) >>> ListView() method=None
MouseMove(ListView(), x=91, y=4, pointer_x=91.0, pointer_y=4.0, delta_x=-11, delta_y=2, screen_x=92.0, screen_y=6.0, style=Style(bgcolor=Color('#272727', ColorType.TRUECOLOR, triplet=ColorTriplet(red=39, green=39, blue=39)))) >>> Routes(id='routes-view') method=None
MouseMove(ListView(), x=91, y=4, pointer_x=91.0, pointer_y=4.0, delta_x=-11, delta_y=2, screen_x=92.0, screen_y=6.0, style=Style(bgcolor=Color('#272727', ColorType.TRUECOLOR, triplet=ColorTriplet(red=39, green=39, blue=39)))) >>> Horizontal() method=None
MouseMove(ListView(), x=91, y=4, pointer_x=91.0, pointer_y=4.0, delta_x=-11, delta_y=2, screen_x=92.0, screen_y=6.0, style=Style(bgcolor=Color('#272727', ColorType.TRUECOLOR, triplet=ColorTriplet(red=39, green=39, blue=39)))) >>> MainScreen() method=None
MouseMove(ListView(), x=91, y=4, pointer_x=91.0, pointer_y=4.0, delta_x=-11, delta_y=2, screen_x=92.0, screen_y=6.0, style=Style(bgcolor=Color('#272727', ColorType.TRUECOLOR, triplet=ColorTriplet(red=39, green=39, blue=39)))) >>> MidiRouterApp(title='MidiRouterApp', classes={'-dark-mode'}, pseudo_classes={'focus', 'dark'}) method=None
MouseMove(ListView(), x=87, y=5, pointer_x=87.0, pointer_y=5.0, delta_x=-4, delta_y=1, screen_x=88.0, screen_y=7.0, style=Style(bgcolor=Color('#272727', ColorType.TRUECOLOR, triplet=ColorTriplet(red=39, green=39, blue=39)))) >>> ListView() method=None
MouseMove(ListView(), x=87, y=5, pointer_x=87.0, pointer_y=5.0, delta_x=-4, delta_y=1, screen_x=88.0, screen_y=7.0, style=Style(bgcolor=Color('#272727', ColorType.TRUECOLOR, triplet=ColorTriplet(red=39, green=39, blue=39)))) >>> Routes(id='routes-view') method=None
MouseMove(ListView(), x=87, y=5, pointer_x=87.0, pointer_y=5.0, delta_x=-4, delta_y=1, screen_x=88.0, screen_y=7.0, style=Style(bgcolor=Color('#272727', ColorType.TRUECOLOR, triplet=ColorTriplet(red=39, green=39, blue=39)))) >>> Horizontal() method=None
MouseMove(ListView(), x=87, y=5, pointer_x=87.0, pointer_y=5.0, delta_x=-4, delta_y=1, screen_x=88.0, screen_y=7.0, style=Style(bgcolor=Color('#272727', ColorType.TRUECOLOR, triplet=ColorTriplet(red=39, green=39, blue=39)))) >>> MainScreen() method=None
MouseMove(ListView(), x=87, y=5, pointer_x=87.0, pointer_y=5.0, delta_x=-4, delta_y=1, screen_x=88.0, screen_y=7.0, style=Style(bgcolor=Color('#272727', ColorType.TRUECOLOR, triplet=ColorTriplet(red=39, green=39, blue=39)))) >>> MidiRouterApp(title='MidiRouterApp', classes={'-dark-mode'}, pseudo_classes={'focus', 'dark'}) method=None
MouseMove(ListView(), x=85, y=5, pointer_x=85.0, pointer_y=5.0, delta_x=-2, screen_x=86.0, screen_y=7.0, style=Style(bgcolor=Color('#272727', ColorType.TRUECOLOR, triplet=ColorTriplet(red=39, green=39, blue=39)))) >>> ListView() method=None
MouseMove(ListView(), x=85, y=5, pointer_x=85.0, pointer_y=5.0, delta_x=-2, screen_x=86.0, screen_y=7.0, style=Style(bgcolor=Color('#272727', ColorType.TRUECOLOR, triplet=ColorTriplet(red=39, green=39, blue=39)))) >>> Routes(id='routes-view') method=None
MouseMove(ListView(), x=85, y=5, pointer_x=85.0, pointer_y=5.0, delta_x=-2, screen_x=86.0, screen_y=7.0, style=Style(bgcolor=Color('#272727', ColorType.TRUECOLOR, triplet=ColorTriplet(red=39, green=39, blue=39)))) >>> Horizontal() method=None
MouseMove(ListView(), x=85, y=5, pointer_x=85.0, pointer_y=5.0, delta_x=-2, screen_x=86.0, screen_y=7.0, style=Style(bgcolor=Color('#272727', ColorType.TRUECOLOR, triplet=ColorTriplet(red=39, green=39, blue=39)))) >>> MainScreen() method=None
MouseMove(ListView(), x=85, y=5, pointer_x=85.0, pointer_y=5.0, delta_x=-2, screen_x=86.0, screen_y=7.0, style=Style(bgcolor=Color('#272727', ColorType.TRUECOLOR, triplet=ColorTriplet(red=39, green=39, blue=39)))) >>> MidiRouterApp(title='MidiRouterApp', classes={'-dark-mode'}, pseudo_classes={'focus', 'dark'}) method=None
MouseMove(ListView(), x=83, y=5, pointer_x=83.0, pointer_y=5.0, delta_x=-2, screen_x=84.0, screen_y=7.0, style=Style(bgcolor=Color('#272727', ColorType.TRUECOLOR, triplet=ColorTriplet(red=39, green=39, blue=39)))) >>> ListView() method=None
MouseMove(ListView(), x=83, y=5, pointer_x=83.0, pointer_y=5.0, delta_x=-2, screen_x=84.0, screen_y=7.0, style=Style(bgcolor=Color('#272727', ColorType.TRUECOLOR, triplet=ColorTriplet(red=39, green=39, blue=39)))) >>> Routes(id='routes-view') method=None
MouseMove(ListView(), x=83, y=5, pointer_x=83.0, pointer_y=5.0, delta_x=-2, screen_x=84.0, screen_y=7.0, style=Style(bgcolor=Color('#272727', ColorType.TRUECOLOR, triplet=ColorTriplet(red=39, green=39, blue=39)))) >>> Horizontal() method=None
MouseMove(ListView(), x=83, y=5, pointer_x=83.0, pointer_y=5.0, delta_x=-2, screen_x=84.0, screen_y=7.0, style=Style(bgcolor=Color('#272727', ColorType.TRUECOLOR, triplet=ColorTriplet(red=39, green=39, blue=39)))) >>> MainScreen() method=None
MouseMove(ListView(), x=83, y=5, pointer_x=83.0, pointer_y=5.0, delta_x=-2, screen_x=84.0, screen_y=7.0, style=Style(bgcolor=Color('#272727', ColorType.TRUECOLOR, triplet=ColorTriplet(red=39, green=39, blue=39)))) >>> MidiRouterApp(title='MidiRouterApp', classes={'-dark-mode'}, pseudo_classes={'focus', 'dark'}) method=None
MouseMove(ListView(), x=82, y=4, pointer_x=82.0, pointer_y=4.0, delta_x=-1, delta_y=-1, screen_x=83.0, screen_y=6.0, style=Style(bgcolor=Color('#272727', ColorType.TRUECOLOR, triplet=ColorTriplet(red=39, green=39, blue=39)))) >>> ListView() method=None
MouseMove(ListView(), x=82, y=4, pointer_x=82.0, pointer_y=4.0, delta_x=-1, delta_y=-1, screen_x=83.0, screen_y=6.0, style=Style(bgcolor=Color('#272727', ColorType.TRUECOLOR, triplet=ColorTriplet(red=39, green=39, blue=39)))) >>> Routes(id='routes-view') method=None
MouseMove(ListView(), x=82, y=4, pointer_x=82.0, pointer_y=4.0, delta_x=-1, delta_y=-1, screen_x=83.0, screen_y=6.0, style=Style(bgcolor=Color('#272727', ColorType.TRUECOLOR, triplet=ColorTriplet(red=39, green=39, blue=39)))) >>> Horizontal() method=None
MouseMove(ListView(), x=82, y=4, pointer_x=82.0, pointer_y=4.0, delta_x=-1, delta_y=-1, screen_x=83.0, screen_y=6.0, style=Style(bgcolor=Color('#272727', ColorType.TRUECOLOR, triplet=ColorTriplet(red=39, green=39, blue=39)))) >>> MainScreen() method=None
MouseMove(ListView(), x=82, y=4, pointer_x=82.0, pointer_y=4.0, delta_x=-1, delta_y=-1, screen_x=83.0, screen_y=6.0, style=Style(bgcolor=Color('#272727', ColorType.TRUECOLOR, triplet=ColorTriplet(red=39, green=39, blue=39)))) >>> MidiRouterApp(title='MidiRouterApp', classes={'-dark-mode'}, pseudo_classes={'focus', 'dark'}) method=None
MouseMove(ListView(), x=81, y=3, pointer_x=81.0, pointer_y=3.0, delta_x=-1, delta_y=-1, screen_x=82.0, screen_y=5.0, style=Style(bgcolor=Color('#272727', ColorType.TRUECOLOR, triplet=ColorTriplet(red=39, green=39, blue=39)))) >>> ListView() method=None
MouseMove(ListView(), x=81, y=3, pointer_x=81.0, pointer_y=3.0, delta_x=-1, delta_y=-1, screen_x=82.0, screen_y=5.0, style=Style(bgcolor=Color('#272727', ColorType.TRUECOLOR, triplet=ColorTriplet(red=39, green=39, blue=39)))) >>> Routes(id='routes-view') method=None
MouseMove(ListView(), x=81, y=3, pointer_x=81.0, pointer_y=3.0, delta_x=-1, delta_y=-1, screen_x=82.0, screen_y=5.0, style=Style(bgcolor=Color('#272727', ColorType.TRUECOLOR, triplet=ColorTriplet(red=39, green=39, blue=39)))) >>> Horizontal() method=None
MouseMove(ListView(), x=81, y=3, pointer_x=81.0, pointer_y=3.0, delta_x=-1, delta_y=-1, screen_x=82.0, screen_y=5.0, style=Style(bgcolor=Color('#272727', ColorType.TRUECOLOR, triplet=ColorTriplet(red=39, green=39, blue=39)))) >>> MainScreen() method=None
MouseMove(ListView(), x=81, y=3, pointer_x=81.0, pointer_y=3.0, delta_x=-1, delta_y=-1, screen_x=82.0, screen_y=5.0, style=Style(bgcolor=Color('#272727', ColorType.TRUECOLOR, triplet=ColorTriplet(red=39, green=39, blue=39)))) >>> MidiRouterApp(title='MidiRouterApp', classes={'-dark-mode'}, pseudo_classes={'focus', 'dark'}) method=None
Leave() >>> ListView() method=<Widget.on_leave>
Enter() >>> ListItem(classes='-highlight') method=<ListItem.on_enter>
Enter() >>> ListItem(classes='-hovered -highlight') method=<Widget.on_enter>
MouseMove(ListItem(classes='-hovered -highlight'), x=79, y=0, pointer_x=79.0, pointer_y=0.0, delta_x=-2, delta_y=-2, screen_x=80.0, screen_y=3.0, style=Style(bgcolor=Color('#0178d4', ColorType.TRUECOLOR, triplet=ColorTriplet(red=1, green=120, blue=212)))) >>> ListItem(classes='-hovered -highlight') method=None
Leave() >>> Routes(id='routes-view') method=<Widget.on_leave>
MouseMove(ListItem(classes='-hovered -highlight'), x=79, y=0, pointer_x=79.0, pointer_y=0.0, delta_x=-2, delta_y=-2, screen_x=80.0, screen_y=3.0, style=Style(bgcolor=Color('#0178d4', ColorType.TRUECOLOR, triplet=ColorTriplet(red=1, green=120, blue=212)))) >>> ListView() method=None
Leave() >>> Horizontal() method=<Widget.on_leave>
MouseMove(ListItem(classes='-hovered -highlight'), x=79, y=0, pointer_x=79.0, pointer_y=0.0, delta_x=-2, delta_y=-2, screen_x=80.0, screen_y=3.0, style=Style(bgcolor=Color('#0178d4', ColorType.TRUECOLOR, triplet=ColorTriplet(red=1, green=120, blue=212)))) >>> Routes(id='routes-view') method=None
Leave() >>> MainScreen() method=<Widget.on_leave>
MouseMove(ListItem(classes='-hovered -highlight'), x=79, y=0, pointer_x=79.0, pointer_y=0.0, delta_x=-2, delta_y=-2, screen_x=80.0, screen_y=3.0, style=Style(bgcolor=Color('#0178d4', ColorType.TRUECOLOR, triplet=ColorTriplet(red=1, green=120, blue=212)))) >>> Horizontal() method=None
Leave() >>> MidiRouterApp(title='MidiRouterApp', classes={'-dark-mode'}, pseudo_classes={'focus', 'dark'}) method=None
MouseMove(ListItem(classes='-hovered -highlight'), x=79, y=0, pointer_x=79.0, pointer_y=0.0, delta_x=-2, delta_y=-2, screen_x=80.0, screen_y=3.0, style=Style(bgcolor=Color('#0178d4', ColorType.TRUECOLOR, triplet=ColorTriplet(red=1, green=120, blue=212)))) >>> MainScreen() method=None
MouseMove(ListItem(classes='-hovered -highlight'), x=79, y=0, pointer_x=79.0, pointer_y=0.0, delta_x=-2, delta_y=-2, screen_x=80.0, screen_y=3.0, style=Style(bgcolor=Color('#0178d4', ColorType.TRUECOLOR, triplet=ColorTriplet(red=1, green=120, blue=212)))) >>> MidiRouterApp(title='MidiRouterApp', classes={'-dark-mode'}, pseudo_classes={'focus', 'dark'}) method=None
Leave() >>> ListItem(classes='-hovered -highlight') method=<ListItem.on_leave>
Leave() >>> ListItem(classes='-highlight') method=<Widget.on_leave>
Enter() >>> ListItem() method=<ListItem.on_enter>
Enter() >>> ListItem(classes='-hovered') method=<Widget.on_enter>
MouseMove(ListItem(classes='-hovered'), x=78, y=0, pointer_x=78.0, pointer_y=0.0, delta_x=-1, delta_y=-1, screen_x=79.0, screen_y=2.0, style=Style(bgcolor=Color('#272727', ColorType.TRUECOLOR, triplet=ColorTriplet(red=39, green=39, blue=39)))) >>> ListItem(classes='-hovered') method=None
MouseMove(ListItem(classes='-hovered'), x=78, y=0, pointer_x=78.0, pointer_y=0.0, delta_x=-1, delta_y=-1, screen_x=79.0, screen_y=2.0, style=Style(bgcolor=Color('#272727', ColorType.TRUECOLOR, triplet=ColorTriplet(red=39, green=39, blue=39)))) >>> ListView() method=None
Update(ListItem(classes='-hovered')) >>> MainScreen() method=<Screen.on_update>
Update(Label()) >>> MainScreen() method=<Screen.on_update>
MouseMove(ListItem(classes='-hovered'), x=78, y=0, pointer_x=78.0, pointer_y=0.0, delta_x=-1, delta_y=-1, screen_x=79.0, screen_y=2.0, style=Style(bgcolor=Color('#272727', ColorType.TRUECOLOR, triplet=ColorTriplet(red=39, green=39, blue=39)))) >>> Routes(id='routes-view') method=None
MouseMove(ListItem(classes='-hovered'), x=78, y=0, pointer_x=78.0, pointer_y=0.0, delta_x=-1, delta_y=-1, screen_x=79.0, screen_y=2.0, style=Style(bgcolor=Color('#272727', ColorType.TRUECOLOR, triplet=ColorTriplet(red=39, green=39, blue=39)))) >>> Horizontal() method=None
InvokeLater(callback=functools.partial(<function App._update_mouse_over.<locals>.check_mouse at 0x0000016732F53560>)) >>> MidiRouterApp(title='MidiRouterApp', classes={'-dark-mode'}, pseudo_classes={'focus', 'dark'}) method=<MessagePump.on_invoke_later>
MouseMove(ListItem(classes='-hovered'), x=78, y=0, pointer_x=78.0, pointer_y=0.0, delta_x=-1, delta_y=-1, screen_x=79.0, screen_y=2.0, style=Style(bgcolor=Color('#272727', ColorType.TRUECOLOR, triplet=ColorTriplet(red=39, green=39, blue=39)))) >>> MainScreen() method=None
MouseMove(ListItem(classes='-hovered'), x=78, y=0, pointer_x=78.0, pointer_y=0.0, delta_x=-1, delta_y=-1, screen_x=79.0, screen_y=2.0, style=Style(bgcolor=Color('#272727', ColorType.TRUECOLOR, triplet=ColorTriplet(red=39, green=39, blue=39)))) >>> MidiRouterApp(title='MidiRouterApp', classes={'-dark-mode'}, pseudo_classes={'focus', 'dark'}) method=None
MouseMove(ListItem(classes='-hovered'), x=77, y=0, pointer_x=77.0, pointer_y=0.0, delta_x=-1, screen_x=78.0, screen_y=2.0, style=Style(bgcolor=Color('#3c3c3c', ColorType.TRUECOLOR, triplet=ColorTriplet(red=60, green=60, blue=60)))) >>> ListItem(classes='-hovered') method=None
MouseMove(ListItem(classes='-hovered'), x=77, y=0, pointer_x=77.0, pointer_y=0.0, delta_x=-1, screen_x=78.0, screen_y=2.0, style=Style(bgcolor=Color('#3c3c3c', ColorType.TRUECOLOR, triplet=ColorTriplet(red=60, green=60, blue=60)))) >>> ListView() method=None
MouseMove(ListItem(classes='-hovered'), x=77, y=0, pointer_x=77.0, pointer_y=0.0, delta_x=-1, screen_x=78.0, screen_y=2.0, style=Style(bgcolor=Color('#3c3c3c', ColorType.TRUECOLOR, triplet=ColorTriplet(red=60, green=60, blue=60)))) >>> Routes(id='routes-view') method=None
MouseMove(ListItem(classes='-hovered'), x=77, y=0, pointer_x=77.0, pointer_y=0.0, delta_x=-1, screen_x=78.0, screen_y=2.0, style=Style(bgcolor=Color('#3c3c3c', ColorType.TRUECOLOR, triplet=ColorTriplet(red=60, green=60, blue=60)))) >>> Horizontal() method=None
MouseMove(ListItem(classes='-hovered'), x=77, y=0, pointer_x=77.0, pointer_y=0.0, delta_x=-1, screen_x=78.0, screen_y=2.0, style=Style(bgcolor=Color('#3c3c3c', ColorType.TRUECOLOR, triplet=ColorTriplet(red=60, green=60, blue=60)))) >>> MainScreen() method=None
MouseMove(ListItem(classes='-hovered'), x=77, y=0, pointer_x=77.0, pointer_y=0.0, delta_x=-1, screen_x=78.0, screen_y=2.0, style=Style(bgcolor=Color('#3c3c3c', ColorType.TRUECOLOR, triplet=ColorTriplet(red=60, green=60, blue=60)))) >>> MidiRouterApp(title='MidiRouterApp', classes={'-dark-mode'}, pseudo_classes={'focus', 'dark'}) method=None
MouseMove(ListItem(classes='-hovered'), x=76, y=0, pointer_x=76.0, pointer_y=0.0, delta_x=-1, screen_x=77.0, screen_y=2.0, style=Style(bgcolor=Color('#3c3c3c', ColorType.TRUECOLOR, triplet=ColorTriplet(red=60, green=60, blue=60)))) >>> ListItem(classes='-hovered') method=None
MouseMove(ListItem(classes='-hovered'), x=76, y=0, pointer_x=76.0, pointer_y=0.0, delta_x=-1, screen_x=77.0, screen_y=2.0, style=Style(bgcolor=Color('#3c3c3c', ColorType.TRUECOLOR, triplet=ColorTriplet(red=60, green=60, blue=60)))) >>> ListView() method=None
MouseMove(ListItem(classes='-hovered'), x=76, y=0, pointer_x=76.0, pointer_y=0.0, delta_x=-1, screen_x=77.0, screen_y=2.0, style=Style(bgcolor=Color('#3c3c3c', ColorType.TRUECOLOR, triplet=ColorTriplet(red=60, green=60, blue=60)))) >>> Routes(id='routes-view') method=None
MouseMove(ListItem(classes='-hovered'), x=76, y=0, pointer_x=76.0, pointer_y=0.0, delta_x=-1, screen_x=77.0, screen_y=2.0, style=Style(bgcolor=Color('#3c3c3c', ColorType.TRUECOLOR, triplet=ColorTriplet(red=60, green=60, blue=60)))) >>> Horizontal() method=None
MouseMove(ListItem(classes='-hovered'), x=76, y=0, pointer_x=76.0, pointer_y=0.0, delta_x=-1, screen_x=77.0, screen_y=2.0, style=Style(bgcolor=Color('#3c3c3c', ColorType.TRUECOLOR, triplet=ColorTriplet(red=60, green=60, blue=60)))) >>> MainScreen() method=None
MouseMove(ListItem(classes='-hovered'), x=76, y=0, pointer_x=76.0, pointer_y=0.0, delta_x=-1, screen_x=77.0, screen_y=2.0, style=Style(bgcolor=Color('#3c3c3c', ColorType.TRUECOLOR, triplet=ColorTriplet(red=60, green=60, blue=60)))) >>> MidiRouterApp(title='MidiRouterApp', classes={'-dark-mode'}, pseudo_classes={'focus', 'dark'}) method=None
MouseMove(ListItem(classes='-hovered'), x=75, y=0, pointer_x=75.0, pointer_y=0.0, delta_x=-1, screen_x=76.0, screen_y=2.0, style=Style(bgcolor=Color('#3c3c3c', ColorType.TRUECOLOR, triplet=ColorTriplet(red=60, green=60, blue=60)))) >>> ListItem(classes='-hovered') method=None
MouseMove(ListItem(classes='-hovered'), x=75, y=0, pointer_x=75.0, pointer_y=0.0, delta_x=-1, screen_x=76.0, screen_y=2.0, style=Style(bgcolor=Color('#3c3c3c', ColorType.TRUECOLOR, triplet=ColorTriplet(red=60, green=60, blue=60)))) >>> ListView() method=None
MouseMove(ListItem(classes='-hovered'), x=75, y=0, pointer_x=75.0, pointer_y=0.0, delta_x=-1, screen_x=76.0, screen_y=2.0, style=Style(bgcolor=Color('#3c3c3c', ColorType.TRUECOLOR, triplet=ColorTriplet(red=60, green=60, blue=60)))) >>> Routes(id='routes-view') method=None
MouseMove(ListItem(classes='-hovered'), x=75, y=0, pointer_x=75.0, pointer_y=0.0, delta_x=-1, screen_x=76.0, screen_y=2.0, style=Style(bgcolor=Color('#3c3c3c', ColorType.TRUECOLOR, triplet=ColorTriplet(red=60, green=60, blue=60)))) >>> Horizontal() method=None
MouseMove(ListItem(classes='-hovered'), x=75, y=0, pointer_x=75.0, pointer_y=0.0, delta_x=-1, screen_x=76.0, screen_y=2.0, style=Style(bgcolor=Color('#3c3c3c', ColorType.TRUECOLOR, triplet=ColorTriplet(red=60, green=60, blue=60)))) >>> MainScreen() method=None
MouseMove(ListItem(classes='-hovered'), x=75, y=0, pointer_x=75.0, pointer_y=0.0, delta_x=-1, screen_x=76.0, screen_y=2.0, style=Style(bgcolor=Color('#3c3c3c', ColorType.TRUECOLOR, triplet=ColorTriplet(red=60, green=60, blue=60)))) >>> MidiRouterApp(title='MidiRouterApp', classes={'-dark-mode'}, pseudo_classes={'focus', 'dark'}) method=None
Leave() >>> ListItem(classes='-hovered') method=<ListItem.on_leave>
Leave() >>> ListItem() method=<Widget.on_leave>
Enter() >>> ListItem(classes='-highlight') method=<ListItem.on_enter>
Enter() >>> ListItem(classes='-hovered -highlight') method=<Widget.on_enter>
MouseMove(ListItem(classes='-hovered -highlight'), x=74, y=0, pointer_x=74.0, pointer_y=0.0, delta_x=-1, delta_y=1, screen_x=75.0, screen_y=3.0, style=Style(bgcolor=Color('#0178d4', ColorType.TRUECOLOR, triplet=ColorTriplet(red=1, green=120, blue=212)))) >>> ListItem(classes='-hovered -highlight') method=None
Update(ListItem()) >>> MainScreen() method=<Screen.on_update>
Update(Label()) >>> MainScreen() method=<Screen.on_update>
MouseMove(ListItem(classes='-hovered -highlight'), x=74, y=0, pointer_x=74.0, pointer_y=0.0, delta_x=-1, delta_y=1, screen_x=75.0, screen_y=3.0, style=Style(bgcolor=Color('#0178d4', ColorType.TRUECOLOR, triplet=ColorTriplet(red=1, green=120, blue=212)))) >>> ListView() method=None
MouseMove(ListItem(classes='-hovered -highlight'), x=74, y=0, pointer_x=74.0, pointer_y=0.0, delta_x=-1, delta_y=1, screen_x=75.0, screen_y=3.0, style=Style(bgcolor=Color('#0178d4', ColorType.TRUECOLOR, triplet=ColorTriplet(red=1, green=120, blue=212)))) >>> Routes(id='routes-view') method=None
InvokeLater(callback=functools.partial(<function App._update_mouse_over.<locals>.check_mouse at 0x0000016732F53740>)) >>> MidiRouterApp(title='MidiRouterApp', classes={'-dark-mode'}, pseudo_classes={'focus', 'dark'}) method=<MessagePump.on_invoke_later>
MouseMove(ListItem(classes='-hovered -highlight'), x=74, y=0, pointer_x=74.0, pointer_y=0.0, delta_x=-1, delta_y=1, screen_x=75.0, screen_y=3.0, style=Style(bgcolor=Color('#0178d4', ColorType.TRUECOLOR, triplet=ColorTriplet(red=1, green=120, blue=212)))) >>> Horizontal() method=None
MouseMove(ListItem(classes='-hovered -highlight'), x=74, y=0, pointer_x=74.0, pointer_y=0.0, delta_x=-1, delta_y=1, screen_x=75.0, screen_y=3.0, style=Style(bgcolor=Color('#0178d4', ColorType.TRUECOLOR, triplet=ColorTriplet(red=1, green=120, blue=212)))) >>> MainScreen() method=None
MouseMove(ListItem(classes='-hovered -highlight'), x=74, y=0, pointer_x=74.0, pointer_y=0.0, delta_x=-1, delta_y=1, screen_x=75.0, screen_y=3.0, style=Style(bgcolor=Color('#0178d4', ColorType.TRUECOLOR, triplet=ColorTriplet(red=1, green=120, blue=212)))) >>> MidiRouterApp(title='MidiRouterApp', classes={'-dark-mode'}, pseudo_classes={'focus', 'dark'}) method=None
MouseMove(ListItem(classes='-hovered -highlight'), x=73, y=0, pointer_x=73.0, pointer_y=0.0, delta_x=-1, screen_x=74.0, screen_y=3.0, style=Style(bgcolor=Color('#0178d4', ColorType.TRUECOLOR, triplet=ColorTriplet(red=1, green=120, blue=212)))) >>> ListItem(classes='-hovered -highlight') method=None
MouseMove(ListItem(classes='-hovered -highlight'), x=73, y=0, pointer_x=73.0, pointer_y=0.0, delta_x=-1, screen_x=74.0, screen_y=3.0, style=Style(bgcolor=Color('#0178d4', ColorType.TRUECOLOR, triplet=ColorTriplet(red=1, green=120, blue=212)))) >>> ListView() method=None
MouseMove(ListItem(classes='-hovered -highlight'), x=73, y=0, pointer_x=73.0, pointer_y=0.0, delta_x=-1, screen_x=74.0, screen_y=3.0, style=Style(bgcolor=Color('#0178d4', ColorType.TRUECOLOR, triplet=ColorTriplet(red=1, green=120, blue=212)))) >>> Routes(id='routes-view') method=None
MouseMove(ListItem(classes='-hovered -highlight'), x=73, y=0, pointer_x=73.0, pointer_y=0.0, delta_x=-1, screen_x=74.0, screen_y=3.0, style=Style(bgcolor=Color('#0178d4', ColorType.TRUECOLOR, triplet=ColorTriplet(red=1, green=120, blue=212)))) >>> Horizontal() method=None
MouseMove(ListItem(classes='-hovered -highlight'), x=73, y=0, pointer_x=73.0, pointer_y=0.0, delta_x=-1, screen_x=74.0, screen_y=3.0, style=Style(bgcolor=Color('#0178d4', ColorType.TRUECOLOR, triplet=ColorTriplet(red=1, green=120, blue=212)))) >>> MainScreen() method=None
MouseMove(ListItem(classes='-hovered -highlight'), x=73, y=0, pointer_x=73.0, pointer_y=0.0, delta_x=-1, screen_x=74.0, screen_y=3.0, style=Style(bgcolor=Color('#0178d4', ColorType.TRUECOLOR, triplet=ColorTriplet(red=1, green=120, blue=212)))) >>> MidiRouterApp(title='MidiRouterApp', classes={'-dark-mode'}, pseudo_classes={'focus', 'dark'}) method=None
MouseMove(ListItem(classes='-hovered -highlight'), x=72, y=0, pointer_x=72.0, pointer_y=0.0, delta_x=-1, screen_x=73.0, screen_y=3.0, style=Style(bgcolor=Color('#0178d4', ColorType.TRUECOLOR, triplet=ColorTriplet(red=1, green=120, blue=212)))) >>> ListItem(classes='-hovered -highlight') method=None
MouseMove(ListItem(classes='-hovered -highlight'), x=72, y=0, pointer_x=72.0, pointer_y=0.0, delta_x=-1, screen_x=73.0, screen_y=3.0, style=Style(bgcolor=Color('#0178d4', ColorType.TRUECOLOR, triplet=ColorTriplet(red=1, green=120, blue=212)))) >>> ListView() method=None
MouseMove(ListItem(classes='-hovered -highlight'), x=72, y=0, pointer_x=72.0, pointer_y=0.0, delta_x=-1, screen_x=73.0, screen_y=3.0, style=Style(bgcolor=Color('#0178d4', ColorType.TRUECOLOR, triplet=ColorTriplet(red=1, green=120, blue=212)))) >>> Routes(id='routes-view') method=None
MouseMove(ListItem(classes='-hovered -highlight'), x=72, y=0, pointer_x=72.0, pointer_y=0.0, delta_x=-1, screen_x=73.0, screen_y=3.0, style=Style(bgcolor=Color('#0178d4', ColorType.TRUECOLOR, triplet=ColorTriplet(red=1, green=120, blue=212)))) >>> Horizontal() method=None
MouseMove(ListItem(classes='-hovered -highlight'), x=72, y=0, pointer_x=72.0, pointer_y=0.0, delta_x=-1, screen_x=73.0, screen_y=3.0, style=Style(bgcolor=Color('#0178d4', ColorType.TRUECOLOR, triplet=ColorTriplet(red=1, green=120, blue=212)))) >>> MainScreen() method=None
MouseMove(ListItem(classes='-hovered -highlight'), x=72, y=0, pointer_x=72.0, pointer_y=0.0, delta_x=-1, screen_x=73.0, screen_y=3.0, style=Style(bgcolor=Color('#0178d4', ColorType.TRUECOLOR, triplet=ColorTriplet(red=1, green=120, blue=212)))) >>> MidiRouterApp(title='MidiRouterApp', classes={'-dark-mode'}, pseudo_classes={'focus', 'dark'}) method=None
Leave() >>> ListItem(classes='-hovered -highlight') method=<ListItem.on_leave>
Leave() >>> ListItem(classes='-highlight') method=<Widget.on_leave>
Enter() >>> ListItem() method=<ListItem.on_enter>
Enter() >>> ListItem(classes='-hovered') method=<Widget.on_enter>
MouseMove(ListItem(classes='-hovered'), x=72, y=0, pointer_x=72.0, pointer_y=0.0, delta_y=-1, screen_x=73.0, screen_y=2.0, style=Style(bgcolor=Color('#272727', ColorType.TRUECOLOR, triplet=ColorTriplet(red=39, green=39, blue=39)))) >>> ListItem(classes='-hovered') method=None
MouseMove(ListItem(classes='-hovered'), x=72, y=0, pointer_x=72.0, pointer_y=0.0, delta_y=-1, screen_x=73.0, screen_y=2.0, style=Style(bgcolor=Color('#272727', ColorType.TRUECOLOR, triplet=ColorTriplet(red=39, green=39, blue=39)))) >>> ListView() method=None
Update(ListItem(classes='-hovered')) >>> MainScreen() method=<Screen.on_update>
Update(Label()) >>> MainScreen() method=<Screen.on_update>
MouseMove(ListItem(classes='-hovered'), x=72, y=0, pointer_x=72.0, pointer_y=0.0, delta_y=-1, screen_x=73.0, screen_y=2.0, style=Style(bgcolor=Color('#272727', ColorType.TRUECOLOR, triplet=ColorTriplet(red=39, green=39, blue=39)))) >>> Routes(id='routes-view') method=None
MouseMove(ListItem(classes='-hovered'), x=72, y=0, pointer_x=72.0, pointer_y=0.0, delta_y=-1, screen_x=73.0, screen_y=2.0, style=Style(bgcolor=Color('#272727', ColorType.TRUECOLOR, triplet=ColorTriplet(red=39, green=39, blue=39)))) >>> Horizontal() method=None
InvokeLater(callback=functools.partial(<function App._update_mouse_over.<locals>.check_mouse at 0x0000016732F53880>)) >>> MidiRouterApp(title='MidiRouterApp', classes={'-dark-mode'}, pseudo_classes={'focus', 'dark'}) method=<MessagePump.on_invoke_later>
MouseMove(ListItem(classes='-hovered'), x=72, y=0, pointer_x=72.0, pointer_y=0.0, delta_y=-1, screen_x=73.0, screen_y=2.0, style=Style(bgcolor=Color('#272727', ColorType.TRUECOLOR, triplet=ColorTriplet(red=39, green=39, blue=39)))) >>> MainScreen() method=None
MouseMove(ListItem(classes='-hovered'), x=72, y=0, pointer_x=72.0, pointer_y=0.0, delta_y=-1, screen_x=73.0, screen_y=2.0, style=Style(bgcolor=Color('#272727', ColorType.TRUECOLOR, triplet=ColorTriplet(red=39, green=39, blue=39)))) >>> MidiRouterApp(title='MidiRouterApp', classes={'-dark-mode'}, pseudo_classes={'focus', 'dark'}) method=None
MouseDown(None, x=72, y=0, pointer_x=72.0, pointer_y=0.0, screen_x=73.0, screen_y=2.0, button=1, style=Style(bgcolor=Color('#3c3c3c', ColorType.TRUECOLOR, triplet=ColorTriplet(red=60, green=60, blue=60)))) >>> ListItem(classes='-hovered') method=<Widget.on_mouse_down>
MouseDown(None, x=72, y=0, pointer_x=72.0, pointer_y=0.0, screen_x=73.0, screen_y=2.0, button=1, style=Style(bgcolor=Color('#3c3c3c', ColorType.TRUECOLOR, triplet=ColorTriplet(red=60, green=60, blue=60)))) >>> ListView() method=<Widget.on_mouse_down>
MouseDown(None, x=72, y=0, pointer_x=72.0, pointer_y=0.0, screen_x=73.0, screen_y=2.0, button=1, style=Style(bgcolor=Color('#3c3c3c', ColorType.TRUECOLOR, triplet=ColorTriplet(red=60, green=60, blue=60)))) >>> Routes(id='routes-view') method=<Widget.on_mouse_down>
MouseDown(None, x=72, y=0, pointer_x=72.0, pointer_y=0.0, screen_x=73.0, screen_y=2.0, button=1, style=Style(bgcolor=Color('#3c3c3c', ColorType.TRUECOLOR, triplet=ColorTriplet(red=60, green=60, blue=60)))) >>> Horizontal() method=<Widget.on_mouse_down>
MouseDown(None, x=72, y=0, pointer_x=72.0, pointer_y=0.0, screen_x=73.0, screen_y=2.0, button=1, style=Style(bgcolor=Color('#3c3c3c', ColorType.TRUECOLOR, triplet=ColorTriplet(red=60, green=60, blue=60)))) >>> MainScreen() method=<Widget.on_mouse_down>
MouseDown(None, x=72, y=0, pointer_x=72.0, pointer_y=0.0, screen_x=73.0, screen_y=2.0, button=1, style=Style(bgcolor=Color('#3c3c3c', ColorType.TRUECOLOR, triplet=ColorTriplet(red=60, green=60, blue=60)))) >>> MidiRouterApp(title='MidiRouterApp', classes={'-dark-mode'}, pseudo_classes={'focus', 'dark'}) method=None
MouseUp(None, x=72, y=0, pointer_x=72.0, pointer_y=0.0, screen_x=73.0, screen_y=2.0, button=1, style=Style(bgcolor=Color('#3c3c3c', ColorType.TRUECOLOR, triplet=ColorTriplet(red=60, green=60, blue=60)))) >>> ListItem(classes='-hovered') method=<Widget.on_mouse_up>
Click(ListItem(classes='-hovered'), x=72, y=0, pointer_x=72, pointer_y=0, screen_x=73, screen_y=2, button=1, style=Style(bgcolor=Color('#3c3c3c', ColorType.TRUECOLOR, triplet=ColorTriplet(red=60, green=60, blue=60))), chain=1) >>> ListItem(classes='-hovered') method=<ListItem.on_click>
Click(ListItem(classes='-hovered'), x=72, y=0, pointer_x=72, pointer_y=0, screen_x=73, screen_y=2, button=1, style=Style(bgcolor=Color('#3c3c3c', ColorType.TRUECOLOR, triplet=ColorTriplet(red=60, green=60, blue=60))), chain=1) >>> ListItem(classes='-hovered') method=<Widget.on_click>
_ChildClicked() >>> ListItem(classes='-hovered') method=None
MouseUp(None, x=72, y=0, pointer_x=72.0, pointer_y=0.0, screen_x=73.0, screen_y=2.0, button=1, style=Style(bgcolor=Color('#3c3c3c', ColorType.TRUECOLOR, triplet=ColorTriplet(red=60, green=60, blue=60)))) >>> ListView() method=<Widget.on_mouse_up>
Click(ListItem(classes='-hovered'), x=72, y=0, pointer_x=72, pointer_y=0, screen_x=73, screen_y=2, button=1, style=Style(bgcolor=Color('#3c3c3c', ColorType.TRUECOLOR, triplet=ColorTriplet(red=60, green=60, blue=60))), chain=1) >>> ListView() method=<Widget.on_click>
_ChildClicked() >>> ListView() method=<ListView.on_list_item__child_clicked>
Highlighted() >>> ListView() method=None
Selected() >>> ListView() method=None
MouseUp(None, x=72, y=0, pointer_x=72.0, pointer_y=0.0, screen_x=73.0, screen_y=2.0, button=1, style=Style(bgcolor=Color('#3c3c3c', ColorType.TRUECOLOR, triplet=ColorTriplet(red=60, green=60, blue=60)))) >>> Routes(id='routes-view') method=<Widget.on_mouse_up>
Click(ListItem(classes='-hovered -highlight'), x=72, y=0, pointer_x=72, pointer_y=0, screen_x=73, screen_y=2, button=1, style=Style(bgcolor=Color('#3c3c3c', ColorType.TRUECOLOR, triplet=ColorTriplet(red=60, green=60, blue=60))), chain=1) >>> Routes(id='routes-view') method=<Widget.on_click>
Highlighted() >>> Routes(id='routes-view') method=None
Selected() >>> Routes(id='routes-view') method=None
Callback(callback=functools.partial(<function Widget.focus.<locals>.set_focus at 0x0000016732E9DBC0>, ListView())) >>> MidiRouterApp(title='MidiRouterApp', classes={'-dark-mode'}, pseudo_classes={'focus', 'dark'}) method=<MessagePump.on_callback>
Update(ListView()) >>> MainScreen() method=<Screen.on_update>
Update(ListItem()) >>> MainScreen() method=<Screen.on_update>
Update(Label()) >>> MainScreen() method=<Screen.on_update>
Update(ListItem(classes='-hovered -highlight')) >>> MainScreen() method=<Screen.on_update>
Update(Label()) >>> MainScreen() method=<Screen.on_update>
MouseUp(None, x=72, y=0, pointer_x=72.0, pointer_y=0.0, screen_x=73.0, screen_y=2.0, button=1, style=Style(bgcolor=Color('#3c3c3c', ColorType.TRUECOLOR, triplet=ColorTriplet(red=60, green=60, blue=60)))) >>> Horizontal() method=<Widget.on_mouse_up>
Click(ListItem(classes='-hovered -highlight'), x=72, y=0, pointer_x=72, pointer_y=0, screen_x=73, screen_y=2, button=1, style=Style(bgcolor=Color('#3c3c3c', ColorType.TRUECOLOR, triplet=ColorTriplet(red=60, green=60, blue=60))), chain=1) >>> Horizontal() method=<Widget.on_click>
Highlighted() >>> Horizontal() method=None
Selected() >>> Horizontal() method=None
MouseUp(None, x=72, y=0, pointer_x=72.0, pointer_y=0.0, screen_x=73.0, screen_y=2.0, button=1, style=Style(bgcolor=Color('#3c3c3c', ColorType.TRUECOLOR, triplet=ColorTriplet(red=60, green=60, blue=60)))) >>> MainScreen() method=<Widget.on_mouse_up>
Click(ListItem(classes='-hovered -highlight'), x=72, y=0, pointer_x=72, pointer_y=0, screen_x=73, screen_y=2, button=1, style=Style(bgcolor=Color('#3c3c3c', ColorType.TRUECOLOR, triplet=ColorTriplet(red=60, green=60, blue=60))), chain=1) >>> MainScreen() method=<Widget.on_click>
Highlighted() >>> MainScreen() method=None
Selected() >>> MainScreen() method=None
InvokeLater(callback=functools.partial(<function App._update_mouse_over.<locals>.check_mouse at 0x0000016732FB4EA0>)) >>> MidiRouterApp(title='MidiRouterApp', classes={'-dark-mode'}, pseudo_classes={'focus', 'dark'}) method=<MessagePump.on_invoke_later>
MouseUp(None, x=72, y=0, pointer_x=72.0, pointer_y=0.0, screen_x=73.0, screen_y=2.0, button=1, style=Style(bgcolor=Color('#3c3c3c', ColorType.TRUECOLOR, triplet=ColorTriplet(red=60, green=60, blue=60)))) >>> MidiRouterApp(title='MidiRouterApp', classes={'-dark-mode'}, pseudo_classes={'focus', 'dark'}) method=None
Click(ListItem(classes='-hovered -highlight'), x=72, y=0, pointer_x=72, pointer_y=0, screen_x=73, screen_y=2, button=1, style=Style(bgcolor=Color('#3c3c3c', ColorType.TRUECOLOR, triplet=ColorTriplet(red=60, green=60, blue=60))), chain=1) >>> MidiRouterApp(title='MidiRouterApp', classes={'-dark-mode'}, pseudo_classes={'focus', 'dark'}) method=None
Highlighted() >>> MidiRouterApp(title='MidiRouterApp', classes={'-dark-mode'}, pseudo_classes={'focus', 'dark'}) method=None
Selected() >>> MidiRouterApp(title='MidiRouterApp', classes={'-dark-mode'}, pseudo_classes={'focus', 'dark'}) method=None
MouseDown(None, x=72, y=0, pointer_x=72.0, pointer_y=0.0, screen_x=73.0, screen_y=2.0, button=1, style=Style(bgcolor=Color('#0178d4', ColorType.TRUECOLOR, triplet=ColorTriplet(red=1, green=120, blue=212)))) >>> ListItem(classes='-hovered -highlight') method=<Widget.on_mouse_down>
MouseDown(None, x=72, y=0, pointer_x=72.0, pointer_y=0.0, screen_x=73.0, screen_y=2.0, button=1, style=Style(bgcolor=Color('#0178d4', ColorType.TRUECOLOR, triplet=ColorTriplet(red=1, green=120, blue=212)))) >>> ListView() method=<Widget.on_mouse_down>
MouseDown(None, x=72, y=0, pointer_x=72.0, pointer_y=0.0, screen_x=73.0, screen_y=2.0, button=1, style=Style(bgcolor=Color('#0178d4', ColorType.TRUECOLOR, triplet=ColorTriplet(red=1, green=120, blue=212)))) >>> Routes(id='routes-view') method=<Widget.on_mouse_down>
MouseDown(None, x=72, y=0, pointer_x=72.0, pointer_y=0.0, screen_x=73.0, screen_y=2.0, button=1, style=Style(bgcolor=Color('#0178d4', ColorType.TRUECOLOR, triplet=ColorTriplet(red=1, green=120, blue=212)))) >>> Horizontal() method=<Widget.on_mouse_down>
MouseDown(None, x=72, y=0, pointer_x=72.0, pointer_y=0.0, screen_x=73.0, screen_y=2.0, button=1, style=Style(bgcolor=Color('#0178d4', ColorType.TRUECOLOR, triplet=ColorTriplet(red=1, green=120, blue=212)))) >>> MainScreen() method=<Widget.on_mouse_down>
MouseDown(None, x=72, y=0, pointer_x=72.0, pointer_y=0.0, screen_x=73.0, screen_y=2.0, button=1, style=Style(bgcolor=Color('#0178d4', ColorType.TRUECOLOR, triplet=ColorTriplet(red=1, green=120, blue=212)))) >>> MidiRouterApp(title='MidiRouterApp', classes={'-dark-mode'}, pseudo_classes={'focus', 'dark'}) method=None
MouseUp(None, x=72, y=0, pointer_x=72.0, pointer_y=0.0, screen_x=73.0, screen_y=2.0, button=1, style=Style(bgcolor=Color('#0178d4', ColorType.TRUECOLOR, triplet=ColorTriplet(red=1, green=120, blue=212)))) >>> ListItem(classes='-hovered -highlight') method=<Widget.on_mouse_up>
Click(ListItem(classes='-hovered -highlight'), x=72, y=0, pointer_x=72, pointer_y=0, screen_x=73, screen_y=2, button=1, style=Style(bgcolor=Color('#0178d4', ColorType.TRUECOLOR, triplet=ColorTriplet(red=1, green=120, blue=212))), chain=1) >>> ListItem(classes='-hovered -highlight') method=<ListItem.on_click>
Click(ListItem(classes='-hovered -highlight'), x=72, y=0, pointer_x=72, pointer_y=0, screen_x=73, screen_y=2, button=1, style=Style(bgcolor=Color('#0178d4', ColorType.TRUECOLOR, triplet=ColorTriplet(red=1, green=120, blue=212))), chain=1) >>> ListItem(classes='-hovered -highlight') method=<Widget.on_click>
_ChildClicked() >>> ListItem(classes='-hovered -highlight') method=None
MouseUp(None, x=72, y=0, pointer_x=72.0, pointer_y=0.0, screen_x=73.0, screen_y=2.0, button=1, style=Style(bgcolor=Color('#0178d4', ColorType.TRUECOLOR, triplet=ColorTriplet(red=1, green=120, blue=212)))) >>> ListView() method=<Widget.on_mouse_up>
Click(ListItem(classes='-hovered -highlight'), x=72, y=0, pointer_x=72, pointer_y=0, screen_x=73, screen_y=2, button=1, style=Style(bgcolor=Color('#0178d4', ColorType.TRUECOLOR, triplet=ColorTriplet(red=1, green=120, blue=212))), chain=1) >>> ListView() method=<Widget.on_click>
_ChildClicked() >>> ListView() method=<ListView.on_list_item__child_clicked>
Selected() >>> ListView() method=None
MouseUp(None, x=72, y=0, pointer_x=72.0, pointer_y=0.0, screen_x=73.0, screen_y=2.0, button=1, style=Style(bgcolor=Color('#0178d4', ColorType.TRUECOLOR, triplet=ColorTriplet(red=1, green=120, blue=212)))) >>> Routes(id='routes-view') method=<Widget.on_mouse_up>
Click(ListItem(classes='-hovered -highlight'), x=72, y=0, pointer_x=72, pointer_y=0, screen_x=73, screen_y=2, button=1, style=Style(bgcolor=Color('#0178d4', ColorType.TRUECOLOR, triplet=ColorTriplet(red=1, green=120, blue=212))), chain=1) >>> Routes(id='routes-view') method=<Widget.on_click>
Selected() >>> Routes(id='routes-view') method=None
Callback(callback=functools.partial(<function Widget.focus.<locals>.set_focus at 0x000001673158F2E0>, ListView())) >>> MidiRouterApp(title='MidiRouterApp', classes={'-dark-mode'}, pseudo_classes={'focus', 'dark'}) method=<MessagePump.on_callback>
MouseUp(None, x=72, y=0, pointer_x=72.0, pointer_y=0.0, screen_x=73.0, screen_y=2.0, button=1, style=Style(bgcolor=Color('#0178d4', ColorType.TRUECOLOR, triplet=ColorTriplet(red=1, green=120, blue=212)))) >>> Horizontal() method=<Widget.on_mouse_up>
Click(ListItem(classes='-hovered -highlight'), x=72, y=0, pointer_x=72, pointer_y=0, screen_x=73, screen_y=2, button=1, style=Style(bgcolor=Color('#0178d4', ColorType.TRUECOLOR, triplet=ColorTriplet(red=1, green=120, blue=212))), chain=1) >>> Horizontal() method=<Widget.on_click>
Selected() >>> Horizontal() method=None
MouseUp(None, x=72, y=0, pointer_x=72.0, pointer_y=0.0, screen_x=73.0, screen_y=2.0, button=1, style=Style(bgcolor=Color('#0178d4', ColorType.TRUECOLOR, triplet=ColorTriplet(red=1, green=120, blue=212)))) >>> MainScreen() method=<Widget.on_mouse_up>
Click(ListItem(classes='-hovered -highlight'), x=72, y=0, pointer_x=72, pointer_y=0, screen_x=73, screen_y=2, button=1, style=Style(bgcolor=Color('#0178d4', ColorType.TRUECOLOR, triplet=ColorTriplet(red=1, green=120, blue=212))), chain=1) >>> MainScreen() method=<Widget.on_click>
Selected() >>> MainScreen() method=None
MouseUp(None, x=72, y=0, pointer_x=72.0, pointer_y=0.0, screen_x=73.0, screen_y=2.0, button=1, style=Style(bgcolor=Color('#0178d4', ColorType.TRUECOLOR, triplet=ColorTriplet(red=1, green=120, blue=212)))) >>> MidiRouterApp(title='MidiRouterApp', classes={'-dark-mode'}, pseudo_classes={'focus', 'dark'}) method=None
Click(ListItem(classes='-hovered -highlight'), x=72, y=0, pointer_x=72, pointer_y=0, screen_x=73, screen_y=2, button=1, style=Style(bgcolor=Color('#0178d4', ColorType.TRUECOLOR, triplet=ColorTriplet(red=1, green=120, blue=212))), chain=1) >>> MidiRouterApp(title='MidiRouterApp', classes={'-dark-mode'}, pseudo_classes={'focus', 'dark'}) method=None
Selected() >>> MidiRouterApp(title='MidiRouterApp', classes={'-dark-mode'}, pseudo_classes={'focus', 'dark'}) method=None
MouseDown(None, x=72, y=0, pointer_x=72.0, pointer_y=0.0, screen_x=73.0, screen_y=2.0, button=1, style=Style(bgcolor=Color('#0178d4', ColorType.TRUECOLOR, triplet=ColorTriplet(red=1, green=120, blue=212)))) >>> ListItem(classes='-hovered -highlight') method=<Widget.on_mouse_down>
MouseDown(None, x=72, y=0, pointer_x=72.0, pointer_y=0.0, screen_x=73.0, screen_y=2.0, button=1, style=Style(bgcolor=Color('#0178d4', ColorType.TRUECOLOR, triplet=ColorTriplet(red=1, green=120, blue=212)))) >>> ListView() method=<Widget.on_mouse_down>
MouseDown(None, x=72, y=0, pointer_x=72.0, pointer_y=0.0, screen_x=73.0, screen_y=2.0, button=1, style=Style(bgcolor=Color('#0178d4', ColorType.TRUECOLOR, triplet=ColorTriplet(red=1, green=120, blue=212)))) >>> Routes(id='routes-view') method=<Widget.on_mouse_down>
MouseDown(None, x=72, y=0, pointer_x=72.0, pointer_y=0.0, screen_x=73.0, screen_y=2.0, button=1, style=Style(bgcolor=Color('#0178d4', ColorType.TRUECOLOR, triplet=ColorTriplet(red=1, green=120, blue=212)))) >>> Horizontal() method=<Widget.on_mouse_down>
MouseDown(None, x=72, y=0, pointer_x=72.0, pointer_y=0.0, screen_x=73.0, screen_y=2.0, button=1, style=Style(bgcolor=Color('#0178d4', ColorType.TRUECOLOR, triplet=ColorTriplet(red=1, green=120, blue=212)))) >>> MainScreen() method=<Widget.on_mouse_down>
MouseDown(None, x=72, y=0, pointer_x=72.0, pointer_y=0.0, screen_x=73.0, screen_y=2.0, button=1, style=Style(bgcolor=Color('#0178d4', ColorType.TRUECOLOR, triplet=ColorTriplet(red=1, green=120, blue=212)))) >>> MidiRouterApp(title='MidiRouterApp', classes={'-dark-mode'}, pseudo_classes={'focus', 'dark'}) method=None
MouseUp(None, x=72, y=0, pointer_x=72.0, pointer_y=0.0, screen_x=73.0, screen_y=2.0, button=1, style=Style(bgcolor=Color('#0178d4', ColorType.TRUECOLOR, triplet=ColorTriplet(red=1, green=120, blue=212)))) >>> ListItem(classes='-hovered -highlight') method=<Widget.on_mouse_up>
Click(ListItem(classes='-hovered -highlight'), x=72, y=0, pointer_x=72, pointer_y=0, screen_x=73, screen_y=2, button=1, style=Style(bgcolor=Color('#0178d4', ColorType.TRUECOLOR, triplet=ColorTriplet(red=1, green=120, blue=212))), chain=2) >>> ListItem(classes='-hovered -highlight') method=<ListItem.on_click>
Click(ListItem(classes='-hovered -highlight'), x=72, y=0, pointer_x=72, pointer_y=0, screen_x=73, screen_y=2, button=1, style=Style(bgcolor=Color('#0178d4', ColorType.TRUECOLOR, triplet=ColorTriplet(red=1, green=120, blue=212))), chain=2) >>> ListItem(classes='-hovered -highlight') method=<Widget.on_click>
_ChildClicked() >>> ListItem(classes='-hovered -highlight') method=None
MouseUp(None, x=72, y=0, pointer_x=72.0, pointer_y=0.0, screen_x=73.0, screen_y=2.0, button=1, style=Style(bgcolor=Color('#0178d4', ColorType.TRUECOLOR, triplet=ColorTriplet(red=1, green=120, blue=212)))) >>> ListView() method=<Widget.on_mouse_up>
Click(ListItem(classes='-hovered -highlight'), x=72, y=0, pointer_x=72, pointer_y=0, screen_x=73, screen_y=2, button=1, style=Style(bgcolor=Color('#0178d4', ColorType.TRUECOLOR, triplet=ColorTriplet(red=1, green=120, blue=212))), chain=2) >>> ListView() method=<Widget.on_click>
_ChildClicked() >>> ListView() method=<ListView.on_list_item__child_clicked>
Selected() >>> ListView() method=None
MouseUp(None, x=72, y=0, pointer_x=72.0, pointer_y=0.0, screen_x=73.0, screen_y=2.0, button=1, style=Style(bgcolor=Color('#0178d4', ColorType.TRUECOLOR, triplet=ColorTriplet(red=1, green=120, blue=212)))) >>> Routes(id='routes-view') method=<Widget.on_mouse_up>
Click(ListItem(classes='-hovered -highlight'), x=72, y=0, pointer_x=72, pointer_y=0, screen_x=73, screen_y=2, button=1, style=Style(bgcolor=Color('#0178d4', ColorType.TRUECOLOR, triplet=ColorTriplet(red=1, green=120, blue=212))), chain=2) >>> Routes(id='routes-view') method=<Widget.on_click>
Selected() >>> Routes(id='routes-view') method=None
Callback(callback=functools.partial(<function Widget.focus.<locals>.set_focus at 0x0000016732DDC680>, ListView())) >>> MidiRouterApp(title='MidiRouterApp', classes={'-dark-mode'}, pseudo_classes={'focus', 'dark'}) method=<MessagePump.on_callback>
MouseUp(None, x=72, y=0, pointer_x=72.0, pointer_y=0.0, screen_x=73.0, screen_y=2.0, button=1, style=Style(bgcolor=Color('#0178d4', ColorType.TRUECOLOR, triplet=ColorTriplet(red=1, green=120, blue=212)))) >>> Horizontal() method=<Widget.on_mouse_up>
Click(ListItem(classes='-hovered -highlight'), x=72, y=0, pointer_x=72, pointer_y=0, screen_x=73, screen_y=2, button=1, style=Style(bgcolor=Color('#0178d4', ColorType.TRUECOLOR, triplet=ColorTriplet(red=1, green=120, blue=212))), chain=2) >>> Horizontal() method=<Widget.on_click>
Selected() >>> Horizontal() method=None
MouseUp(None, x=72, y=0, pointer_x=72.0, pointer_y=0.0, screen_x=73.0, screen_y=2.0, button=1, style=Style(bgcolor=Color('#0178d4', ColorType.TRUECOLOR, triplet=ColorTriplet(red=1, green=120, blue=212)))) >>> MainScreen() method=<Widget.on_mouse_up>
Click(ListItem(classes='-hovered -highlight'), x=72, y=0, pointer_x=72, pointer_y=0, screen_x=73, screen_y=2, button=1, style=Style(bgcolor=Color('#0178d4', ColorType.TRUECOLOR, triplet=ColorTriplet(red=1, green=120, blue=212))), chain=2) >>> MainScreen() method=<Widget.on_click>
Selected() >>> MainScreen() method=None
MouseUp(None, x=72, y=0, pointer_x=72.0, pointer_y=0.0, screen_x=73.0, screen_y=2.0, button=1, style=Style(bgcolor=Color('#0178d4', ColorType.TRUECOLOR, triplet=ColorTriplet(red=1, green=120, blue=212)))) >>> MidiRouterApp(title='MidiRouterApp', classes={'-dark-mode'}, pseudo_classes={'focus', 'dark'}) method=None
Click(ListItem(classes='-hovered -highlight'), x=72, y=0, pointer_x=72, pointer_y=0, screen_x=73, screen_y=2, button=1, style=Style(bgcolor=Color('#0178d4', ColorType.TRUECOLOR, triplet=ColorTriplet(red=1, green=120, blue=212))), chain=2) >>> MidiRouterApp(title='MidiRouterApp', classes={'-dark-mode'}, pseudo_classes={'focus', 'dark'}) method=None
Selected() >>> MidiRouterApp(title='MidiRouterApp', classes={'-dark-mode'}, pseudo_classes={'focus', 'dark'}) method=None
MouseMove(ListItem(classes='-hovered -highlight'), x=71, y=0, pointer_x=71.0, pointer_y=0.0, delta_x=-1, screen_x=72.0, screen_y=2.0, style=Style(bgcolor=Color('#0178d4', ColorType.TRUECOLOR, triplet=ColorTriplet(red=1, green=120, blue=212)))) >>> ListItem(classes='-hovered -highlight') method=None
MouseMove(ListItem(classes='-hovered -highlight'), x=71, y=0, pointer_x=71.0, pointer_y=0.0, delta_x=-1, screen_x=72.0, screen_y=2.0, style=Style(bgcolor=Color('#0178d4', ColorType.TRUECOLOR, triplet=ColorTriplet(red=1, green=120, blue=212)))) >>> ListView() method=None
MouseMove(ListItem(classes='-hovered -highlight'), x=71, y=0, pointer_x=71.0, pointer_y=0.0, delta_x=-1, screen_x=72.0, screen_y=2.0, style=Style(bgcolor=Color('#0178d4', ColorType.TRUECOLOR, triplet=ColorTriplet(red=1, green=120, blue=212)))) >>> Routes(id='routes-view') method=None
MouseMove(ListItem(classes='-hovered -highlight'), x=71, y=0, pointer_x=71.0, pointer_y=0.0, delta_x=-1, screen_x=72.0, screen_y=2.0, style=Style(bgcolor=Color('#0178d4', ColorType.TRUECOLOR, triplet=ColorTriplet(red=1, green=120, blue=212)))) >>> Horizontal() method=None
MouseMove(ListItem(classes='-hovered -highlight'), x=71, y=0, pointer_x=71.0, pointer_y=0.0, delta_x=-1, screen_x=72.0, screen_y=2.0, style=Style(bgcolor=Color('#0178d4', ColorType.TRUECOLOR, triplet=ColorTriplet(red=1, green=120, blue=212)))) >>> MainScreen() method=None
MouseMove(ListItem(classes='-hovered -highlight'), x=71, y=0, pointer_x=71.0, pointer_y=0.0, delta_x=-1, screen_x=72.0, screen_y=2.0, style=Style(bgcolor=Color('#0178d4', ColorType.TRUECOLOR, triplet=ColorTriplet(red=1, green=120, blue=212)))) >>> MidiRouterApp(title='MidiRouterApp', classes={'-dark-mode'}, pseudo_classes={'focus', 'dark'}) method=None
Leave() >>> ListItem(classes='-hovered -highlight') method=<ListItem.on_leave>
Leave() >>> ListItem(classes='-highlight') method=<Widget.on_leave>
Enter() >>> ListItem() method=<ListItem.on_enter>
Enter() >>> ListItem(classes='-hovered') method=<Widget.on_enter>
MouseMove(ListItem(classes='-hovered'), x=69, y=0, pointer_x=69.0, pointer_y=0.0, delta_x=-2, delta_y=1, screen_x=70.0, screen_y=3.0, style=Style(bgcolor=Color('#272727', ColorType.TRUECOLOR, triplet=ColorTriplet(red=39, green=39, blue=39)))) >>> ListItem(classes='-hovered') method=None
MouseMove(ListItem(classes='-hovered'), x=69, y=0, pointer_x=69.0, pointer_y=0.0, delta_x=-2, delta_y=1, screen_x=70.0, screen_y=3.0, style=Style(bgcolor=Color('#272727', ColorType.TRUECOLOR, triplet=ColorTriplet(red=39, green=39, blue=39)))) >>> ListView() method=None
Update(ListItem(classes='-hovered')) >>> MainScreen() method=<Screen.on_update>
Update(Label()) >>> MainScreen() method=<Screen.on_update>
MouseMove(ListItem(classes='-hovered'), x=69, y=0, pointer_x=69.0, pointer_y=0.0, delta_x=-2, delta_y=1, screen_x=70.0, screen_y=3.0, style=Style(bgcolor=Color('#272727', ColorType.TRUECOLOR, triplet=ColorTriplet(red=39, green=39, blue=39)))) >>> Routes(id='routes-view') method=None
MouseMove(ListItem(classes='-hovered'), x=69, y=0, pointer_x=69.0, pointer_y=0.0, delta_x=-2, delta_y=1, screen_x=70.0, screen_y=3.0, style=Style(bgcolor=Color('#272727', ColorType.TRUECOLOR, triplet=ColorTriplet(red=39, green=39, blue=39)))) >>> Horizontal() method=None
InvokeLater(callback=functools.partial(<function App._update_mouse_over.<locals>.check_mouse at 0x0000016732FB53A0>)) >>> MidiRouterApp(title='MidiRouterApp', classes={'-dark-mode'}, pseudo_classes={'focus', 'dark'}) method=<MessagePump.on_invoke_later>
MouseMove(ListItem(classes='-hovered'), x=69, y=0, pointer_x=69.0, pointer_y=0.0, delta_x=-2, delta_y=1, screen_x=70.0, screen_y=3.0, style=Style(bgcolor=Color('#272727', ColorType.TRUECOLOR, triplet=ColorTriplet(red=39, green=39, blue=39)))) >>> MainScreen() method=None
MouseMove(ListItem(classes='-hovered'), x=69, y=0, pointer_x=69.0, pointer_y=0.0, delta_x=-2, delta_y=1, screen_x=70.0, screen_y=3.0, style=Style(bgcolor=Color('#272727', ColorType.TRUECOLOR, triplet=ColorTriplet(red=39, green=39, blue=39)))) >>> MidiRouterApp(title='MidiRouterApp', classes={'-dark-mode'}, pseudo_classes={'focus', 'dark'}) method=None
MouseMove(ListItem(classes='-hovered'), x=66, y=0, pointer_x=66.0, pointer_y=0.0, delta_x=-3, screen_x=67.0, screen_y=3.0, style=Style(bgcolor=Color('#3c3c3c', ColorType.TRUECOLOR, triplet=ColorTriplet(red=60, green=60, blue=60)))) >>> ListItem(classes='-hovered') method=None
MouseMove(ListItem(classes='-hovered'), x=66, y=0, pointer_x=66.0, pointer_y=0.0, delta_x=-3, screen_x=67.0, screen_y=3.0, style=Style(bgcolor=Color('#3c3c3c', ColorType.TRUECOLOR, triplet=ColorTriplet(red=60, green=60, blue=60)))) >>> ListView() method=None
MouseMove(ListItem(classes='-hovered'), x=66, y=0, pointer_x=66.0, pointer_y=0.0, delta_x=-3, screen_x=67.0, screen_y=3.0, style=Style(bgcolor=Color('#3c3c3c', ColorType.TRUECOLOR, triplet=ColorTriplet(red=60, green=60, blue=60)))) >>> Routes(id='routes-view') method=None
MouseMove(ListItem(classes='-hovered'), x=66, y=0, pointer_x=66.0, pointer_y=0.0, delta_x=-3, screen_x=67.0, screen_y=3.0, style=Style(bgcolor=Color('#3c3c3c', ColorType.TRUECOLOR, triplet=ColorTriplet(red=60, green=60, blue=60)))) >>> Horizontal() method=None
MouseMove(ListItem(classes='-hovered'), x=66, y=0, pointer_x=66.0, pointer_y=0.0, delta_x=-3, screen_x=67.0, screen_y=3.0, style=Style(bgcolor=Color('#3c3c3c', ColorType.TRUECOLOR, triplet=ColorTriplet(red=60, green=60, blue=60)))) >>> MainScreen() method=None
MouseMove(ListItem(classes='-hovered'), x=66, y=0, pointer_x=66.0, pointer_y=0.0, delta_x=-3, screen_x=67.0, screen_y=3.0, style=Style(bgcolor=Color('#3c3c3c', ColorType.TRUECOLOR, triplet=ColorTriplet(red=60, green=60, blue=60)))) >>> MidiRouterApp(title='MidiRouterApp', classes={'-dark-mode'}, pseudo_classes={'focus', 'dark'}) method=None
Leave() >>> ListItem(classes='-hovered') method=<ListItem.on_leave>
Leave() >>> ListItem() method=<Widget.on_leave>
Enter() >>> ListView() method=<Widget.on_enter>
MouseMove(ListView(), x=65, y=2, pointer_x=65.0, pointer_y=2.0, delta_x=-1, delta_y=1, screen_x=66.0, screen_y=4.0, style=Style(bgcolor=Color('#272727', ColorType.TRUECOLOR, triplet=ColorTriplet(red=39, green=39, blue=39)))) >>> ListView() method=None
Update(ListItem()) >>> MainScreen() method=<Screen.on_update>
Update(Label()) >>> MainScreen() method=<Screen.on_update>
Enter() >>> Routes(id='routes-view') method=<Widget.on_enter>
MouseMove(ListView(), x=65, y=2, pointer_x=65.0, pointer_y=2.0, delta_x=-1, delta_y=1, screen_x=66.0, screen_y=4.0, style=Style(bgcolor=Color('#272727', ColorType.TRUECOLOR, triplet=ColorTriplet(red=39, green=39, blue=39)))) >>> Routes(id='routes-view') method=None
Enter() >>> Horizontal() method=<Widget.on_enter>
MouseMove(ListView(), x=65, y=2, pointer_x=65.0, pointer_y=2.0, delta_x=-1, delta_y=1, screen_x=66.0, screen_y=4.0, style=Style(bgcolor=Color('#272727', ColorType.TRUECOLOR, triplet=ColorTriplet(red=39, green=39, blue=39)))) >>> Horizontal() method=None
Enter() >>> MainScreen() method=<Widget.on_enter>
MouseMove(ListView(), x=65, y=2, pointer_x=65.0, pointer_y=2.0, delta_x=-1, delta_y=1, screen_x=66.0, screen_y=4.0, style=Style(bgcolor=Color('#272727', ColorType.TRUECOLOR, triplet=ColorTriplet(red=39, green=39, blue=39)))) >>> MainScreen() method=None
InvokeLater(callback=functools.partial(<function App._update_mouse_over.<locals>.check_mouse at 0x0000016732FB4F40>)) >>> MidiRouterApp(title='MidiRouterApp', classes={'-dark-mode'}, pseudo_classes={'focus', 'dark'}) method=<MessagePump.on_invoke_later>
Enter() >>> MidiRouterApp(title='MidiRouterApp', classes={'-dark-mode'}, pseudo_classes={'focus', 'dark'}) method=None
MouseMove(ListView(), x=65, y=2, pointer_x=65.0, pointer_y=2.0, delta_x=-1, delta_y=1, screen_x=66.0, screen_y=4.0, style=Style(bgcolor=Color('#272727', ColorType.TRUECOLOR, triplet=ColorTriplet(red=39, green=39, blue=39)))) >>> MidiRouterApp(title='MidiRouterApp', classes={'-dark-mode'}, pseudo_classes={'focus', 'dark'}) method=None
MouseMove(ListView(), x=64, y=2, pointer_x=64.0, pointer_y=2.0, delta_x=-1, screen_x=65.0, screen_y=4.0, style=Style(bgcolor=Color('#272727', ColorType.TRUECOLOR, triplet=ColorTriplet(red=39, green=39, blue=39)))) >>> ListView() method=None
MouseMove(ListView(), x=64, y=2, pointer_x=64.0, pointer_y=2.0, delta_x=-1, screen_x=65.0, screen_y=4.0, style=Style(bgcolor=Color('#272727', ColorType.TRUECOLOR, triplet=ColorTriplet(red=39, green=39, blue=39)))) >>> Routes(id='routes-view') method=None
MouseMove(ListView(), x=64, y=2, pointer_x=64.0, pointer_y=2.0, delta_x=-1, screen_x=65.0, screen_y=4.0, style=Style(bgcolor=Color('#272727', ColorType.TRUECOLOR, triplet=ColorTriplet(red=39, green=39, blue=39)))) >>> Horizontal() method=None
MouseMove(ListView(), x=64, y=2, pointer_x=64.0, pointer_y=2.0, delta_x=-1, screen_x=65.0, screen_y=4.0, style=Style(bgcolor=Color('#272727', ColorType.TRUECOLOR, triplet=ColorTriplet(red=39, green=39, blue=39)))) >>> MainScreen() method=None
MouseMove(ListView(), x=64, y=2, pointer_x=64.0, pointer_y=2.0, delta_x=-1, screen_x=65.0, screen_y=4.0, style=Style(bgcolor=Color('#272727', ColorType.TRUECOLOR, triplet=ColorTriplet(red=39, green=39, blue=39)))) >>> MidiRouterApp(title='MidiRouterApp', classes={'-dark-mode'}, pseudo_classes={'focus', 'dark'}) method=None
MouseMove(ListView(), x=63, y=2, pointer_x=63.0, pointer_y=2.0, delta_x=-1, screen_x=64.0, screen_y=4.0, style=Style(bgcolor=Color('#272727', ColorType.TRUECOLOR, triplet=ColorTriplet(red=39, green=39, blue=39)))) >>> ListView() method=None
MouseMove(ListView(), x=63, y=2, pointer_x=63.0, pointer_y=2.0, delta_x=-1, screen_x=64.0, screen_y=4.0, style=Style(bgcolor=Color('#272727', ColorType.TRUECOLOR, triplet=ColorTriplet(red=39, green=39, blue=39)))) >>> Routes(id='routes-view') method=None
MouseMove(ListView(), x=63, y=2, pointer_x=63.0, pointer_y=2.0, delta_x=-1, screen_x=64.0, screen_y=4.0, style=Style(bgcolor=Color('#272727', ColorType.TRUECOLOR, triplet=ColorTriplet(red=39, green=39, blue=39)))) >>> Horizontal() method=None
MouseMove(ListView(), x=63, y=2, pointer_x=63.0, pointer_y=2.0, delta_x=-1, screen_x=64.0, screen_y=4.0, style=Style(bgcolor=Color('#272727', ColorType.TRUECOLOR, triplet=ColorTriplet(red=39, green=39, blue=39)))) >>> MainScreen() method=None
MouseMove(ListView(), x=63, y=2, pointer_x=63.0, pointer_y=2.0, delta_x=-1, screen_x=64.0, screen_y=4.0, style=Style(bgcolor=Color('#272727', ColorType.TRUECOLOR, triplet=ColorTriplet(red=39, green=39, blue=39)))) >>> MidiRouterApp(title='MidiRouterApp', classes={'-dark-mode'}, pseudo_classes={'focus', 'dark'}) method=None
MouseMove(ListView(), x=62, y=2, pointer_x=62.0, pointer_y=2.0, delta_x=-1, screen_x=63.0, screen_y=4.0, style=Style(bgcolor=Color('#272727', ColorType.TRUECOLOR, triplet=ColorTriplet(red=39, green=39, blue=39)))) >>> ListView() method=None
MouseMove(ListView(), x=62, y=2, pointer_x=62.0, pointer_y=2.0, delta_x=-1, screen_x=63.0, screen_y=4.0, style=Style(bgcolor=Color('#272727', ColorType.TRUECOLOR, triplet=ColorTriplet(red=39, green=39, blue=39)))) >>> Routes(id='routes-view') method=None
MouseMove(ListView(), x=62, y=2, pointer_x=62.0, pointer_y=2.0, delta_x=-1, screen_x=63.0, screen_y=4.0, style=Style(bgcolor=Color('#272727', ColorType.TRUECOLOR, triplet=ColorTriplet(red=39, green=39, blue=39)))) >>> Horizontal() method=None
MouseMove(ListView(), x=62, y=2, pointer_x=62.0, pointer_y=2.0, delta_x=-1, screen_x=63.0, screen_y=4.0, style=Style(bgcolor=Color('#272727', ColorType.TRUECOLOR, triplet=ColorTriplet(red=39, green=39, blue=39)))) >>> MainScreen() method=None
MouseMove(ListView(), x=62, y=2, pointer_x=62.0, pointer_y=2.0, delta_x=-1, screen_x=63.0, screen_y=4.0, style=Style(bgcolor=Color('#272727', ColorType.TRUECOLOR, triplet=ColorTriplet(red=39, green=39, blue=39)))) >>> MidiRouterApp(title='MidiRouterApp', classes={'-dark-mode'}, pseudo_classes={'focus', 'dark'}) method=None
MouseDown(None, x=62, y=2, pointer_x=62.0, pointer_y=2.0, screen_x=63.0, screen_y=4.0, button=1, style=Style(bgcolor=Color('#272727', ColorType.TRUECOLOR, triplet=ColorTriplet(red=39, green=39, blue=39)))) >>> ListView() method=<Widget.on_mouse_down>
MouseDown(None, x=62, y=2, pointer_x=62.0, pointer_y=2.0, screen_x=63.0, screen_y=4.0, button=1, style=Style(bgcolor=Color('#272727', ColorType.TRUECOLOR, triplet=ColorTriplet(red=39, green=39, blue=39)))) >>> Routes(id='routes-view') method=<Widget.on_mouse_down>
MouseDown(None, x=62, y=2, pointer_x=62.0, pointer_y=2.0, screen_x=63.0, screen_y=4.0, button=1, style=Style(bgcolor=Color('#272727', ColorType.TRUECOLOR, triplet=ColorTriplet(red=39, green=39, blue=39)))) >>> Horizontal() method=<Widget.on_mouse_down>
MouseDown(None, x=62, y=2, pointer_x=62.0, pointer_y=2.0, screen_x=63.0, screen_y=4.0, button=1, style=Style(bgcolor=Color('#272727', ColorType.TRUECOLOR, triplet=ColorTriplet(red=39, green=39, blue=39)))) >>> MainScreen() method=<Widget.on_mouse_down>
MouseDown(None, x=62, y=2, pointer_x=62.0, pointer_y=2.0, screen_x=63.0, screen_y=4.0, button=1, style=Style(bgcolor=Color('#272727', ColorType.TRUECOLOR, triplet=ColorTriplet(red=39, green=39, blue=39)))) >>> MidiRouterApp(title='MidiRouterApp', classes={'-dark-mode'}, pseudo_classes={'focus', 'dark'}) method=None
MouseUp(None, x=62, y=2, pointer_x=62.0, pointer_y=2.0, screen_x=63.0, screen_y=4.0, button=1, style=Style(bgcolor=Color('#272727', ColorType.TRUECOLOR, triplet=ColorTriplet(red=39, green=39, blue=39)))) >>> ListView() method=<Widget.on_mouse_up>
Click(ListView(), x=62, y=2, pointer_x=62, pointer_y=2, screen_x=63, screen_y=4, button=1, style=Style(bgcolor=Color('#272727', ColorType.TRUECOLOR, triplet=ColorTriplet(red=39, green=39, blue=39))), chain=1) >>> ListView() method=<Widget.on_click>
MouseUp(None, x=62, y=2, pointer_x=62.0, pointer_y=2.0, screen_x=63.0, screen_y=4.0, button=1, style=Style(bgcolor=Color('#272727', ColorType.TRUECOLOR, triplet=ColorTriplet(red=39, green=39, blue=39)))) >>> Routes(id='routes-view') method=<Widget.on_mouse_up>
Click(ListView(), x=62, y=2, pointer_x=62, pointer_y=2, screen_x=63, screen_y=4, button=1, style=Style(bgcolor=Color('#272727', ColorType.TRUECOLOR, triplet=ColorTriplet(red=39, green=39, blue=39))), chain=1) >>> Routes(id='routes-view') method=<Widget.on_click>
MouseUp(None, x=62, y=2, pointer_x=62.0, pointer_y=2.0, screen_x=63.0, screen_y=4.0, button=1, style=Style(bgcolor=Color('#272727', ColorType.TRUECOLOR, triplet=ColorTriplet(red=39, green=39, blue=39)))) >>> Horizontal() method=<Widget.on_mouse_up>
Click(ListView(), x=62, y=2, pointer_x=62, pointer_y=2, screen_x=63, screen_y=4, button=1, style=Style(bgcolor=Color('#272727', ColorType.TRUECOLOR, triplet=ColorTriplet(red=39, green=39, blue=39))), chain=1) >>> Horizontal() method=<Widget.on_click>
MouseUp(None, x=62, y=2, pointer_x=62.0, pointer_y=2.0, screen_x=63.0, screen_y=4.0, button=1, style=Style(bgcolor=Color('#272727', ColorType.TRUECOLOR, triplet=ColorTriplet(red=39, green=39, blue=39)))) >>> MainScreen() method=<Widget.on_mouse_up>
Click(ListView(), x=62, y=2, pointer_x=62, pointer_y=2, screen_x=63, screen_y=4, button=1, style=Style(bgcolor=Color('#272727', ColorType.TRUECOLOR, triplet=ColorTriplet(red=39, green=39, blue=39))), chain=1) >>> MainScreen() method=<Widget.on_click>
MouseUp(None, x=62, y=2, pointer_x=62.0, pointer_y=2.0, screen_x=63.0, screen_y=4.0, button=1, style=Style(bgcolor=Color('#272727', ColorType.TRUECOLOR, triplet=ColorTriplet(red=39, green=39, blue=39)))) >>> MidiRouterApp(title='MidiRouterApp', classes={'-dark-mode'}, pseudo_classes={'focus', 'dark'}) method=None
Click(ListView(), x=62, y=2, pointer_x=62, pointer_y=2, screen_x=63, screen_y=4, button=1, style=Style(bgcolor=Color('#272727', ColorType.TRUECOLOR, triplet=ColorTriplet(red=39, green=39, blue=39))), chain=1) >>> MidiRouterApp(title='MidiRouterApp', classes={'-dark-mode'}, pseudo_classes={'focus', 'dark'}) method=None
MouseDown(None, x=62, y=2, pointer_x=62.0, pointer_y=2.0, screen_x=63.0, screen_y=4.0, button=1, style=Style(bgcolor=Color('#272727', ColorType.TRUECOLOR, triplet=ColorTriplet(red=39, green=39, blue=39)))) >>> ListView() method=<Widget.on_mouse_down>
MouseDown(None, x=62, y=2, pointer_x=62.0, pointer_y=2.0, screen_x=63.0, screen_y=4.0, button=1, style=Style(bgcolor=Color('#272727', ColorType.TRUECOLOR, triplet=ColorTriplet(red=39, green=39, blue=39)))) >>> Routes(id='routes-view') method=<Widget.on_mouse_down>
MouseDown(None, x=62, y=2, pointer_x=62.0, pointer_y=2.0, screen_x=63.0, screen_y=4.0, button=1, style=Style(bgcolor=Color('#272727', ColorType.TRUECOLOR, triplet=ColorTriplet(red=39, green=39, blue=39)))) >>> Horizontal() method=<Widget.on_mouse_down>
MouseDown(None, x=62, y=2, pointer_x=62.0, pointer_y=2.0, screen_x=63.0, screen_y=4.0, button=1, style=Style(bgcolor=Color('#272727', ColorType.TRUECOLOR, triplet=ColorTriplet(red=39, green=39, blue=39)))) >>> MainScreen() method=<Widget.on_mouse_down>
MouseDown(None, x=62, y=2, pointer_x=62.0, pointer_y=2.0, screen_x=63.0, screen_y=4.0, button=1, style=Style(bgcolor=Color('#272727', ColorType.TRUECOLOR, triplet=ColorTriplet(red=39, green=39, blue=39)))) >>> MidiRouterApp(title='MidiRouterApp', classes={'-dark-mode'}, pseudo_classes={'focus', 'dark'}) method=None
MouseUp(None, x=62, y=2, pointer_x=62.0, pointer_y=2.0, screen_x=63.0, screen_y=4.0, button=1, style=Style(bgcolor=Color('#272727', ColorType.TRUECOLOR, triplet=ColorTriplet(red=39, green=39, blue=39)))) >>> ListView() method=<Widget.on_mouse_up>
Click(ListView(), x=62, y=2, pointer_x=62, pointer_y=2, screen_x=63, screen_y=4, button=1, style=Style(bgcolor=Color('#272727', ColorType.TRUECOLOR, triplet=ColorTriplet(red=39, green=39, blue=39))), chain=2) >>> ListView() method=<Widget.on_click>
MouseUp(None, x=62, y=2, pointer_x=62.0, pointer_y=2.0, screen_x=63.0, screen_y=4.0, button=1, style=Style(bgcolor=Color('#272727', ColorType.TRUECOLOR, triplet=ColorTriplet(red=39, green=39, blue=39)))) >>> Routes(id='routes-view') method=<Widget.on_mouse_up>
Click(ListView(), x=62, y=2, pointer_x=62, pointer_y=2, screen_x=63, screen_y=4, button=1, style=Style(bgcolor=Color('#272727', ColorType.TRUECOLOR, triplet=ColorTriplet(red=39, green=39, blue=39))), chain=2) >>> Routes(id='routes-view') method=<Widget.on_click>
MouseUp(None, x=62, y=2, pointer_x=62.0, pointer_y=2.0, screen_x=63.0, screen_y=4.0, button=1, style=Style(bgcolor=Color('#272727', ColorType.TRUECOLOR, triplet=ColorTriplet(red=39, green=39, blue=39)))) >>> Horizontal() method=<Widget.on_mouse_up>
Click(ListView(), x=62, y=2, pointer_x=62, pointer_y=2, screen_x=63, screen_y=4, button=1, style=Style(bgcolor=Color('#272727', ColorType.TRUECOLOR, triplet=ColorTriplet(red=39, green=39, blue=39))), chain=2) >>> Horizontal() method=<Widget.on_click>
MouseUp(None, x=62, y=2, pointer_x=62.0, pointer_y=2.0, screen_x=63.0, screen_y=4.0, button=1, style=Style(bgcolor=Color('#272727', ColorType.TRUECOLOR, triplet=ColorTriplet(red=39, green=39, blue=39)))) >>> MainScreen() method=<Widget.on_mouse_up>
Click(ListView(), x=62, y=2, pointer_x=62, pointer_y=2, screen_x=63, screen_y=4, button=1, style=Style(bgcolor=Color('#272727', ColorType.TRUECOLOR, triplet=ColorTriplet(red=39, green=39, blue=39))), chain=2) >>> MainScreen() method=<Widget.on_click>
MouseUp(None, x=62, y=2, pointer_x=62.0, pointer_y=2.0, screen_x=63.0, screen_y=4.0, button=1, style=Style(bgcolor=Color('#272727', ColorType.TRUECOLOR, triplet=ColorTriplet(red=39, green=39, blue=39)))) >>> MidiRouterApp(title='MidiRouterApp', classes={'-dark-mode'}, pseudo_classes={'focus', 'dark'}) method=None
Click(ListView(), x=62, y=2, pointer_x=62, pointer_y=2, screen_x=63, screen_y=4, button=1, style=Style(bgcolor=Color('#272727', ColorType.TRUECOLOR, triplet=ColorTriplet(red=39, green=39, blue=39))), chain=2) >>> MidiRouterApp(title='MidiRouterApp', classes={'-dark-mode'}, pseudo_classes={'focus', 'dark'}) method=None
MouseMove(ListView(), x=61, y=2, pointer_x=61.0, pointer_y=2.0, delta_x=-1, screen_x=62.0, screen_y=4.0, style=Style(bgcolor=Color('#272727', ColorType.TRUECOLOR, triplet=ColorTriplet(red=39, green=39, blue=39)))) >>> ListView() method=None
MouseMove(ListView(), x=61, y=2, pointer_x=61.0, pointer_y=2.0, delta_x=-1, screen_x=62.0, screen_y=4.0, style=Style(bgcolor=Color('#272727', ColorType.TRUECOLOR, triplet=ColorTriplet(red=39, green=39, blue=39)))) >>> Routes(id='routes-view') method=None
MouseMove(ListView(), x=61, y=2, pointer_x=61.0, pointer_y=2.0, delta_x=-1, screen_x=62.0, screen_y=4.0, style=Style(bgcolor=Color('#272727', ColorType.TRUECOLOR, triplet=ColorTriplet(red=39, green=39, blue=39)))) >>> Horizontal() method=None
MouseMove(ListView(), x=61, y=2, pointer_x=61.0, pointer_y=2.0, delta_x=-1, screen_x=62.0, screen_y=4.0, style=Style(bgcolor=Color('#272727', ColorType.TRUECOLOR, triplet=ColorTriplet(red=39, green=39, blue=39)))) >>> MainScreen() method=None
MouseMove(ListView(), x=61, y=2, pointer_x=61.0, pointer_y=2.0, delta_x=-1, screen_x=62.0, screen_y=4.0, style=Style(bgcolor=Color('#272727', ColorType.TRUECOLOR, triplet=ColorTriplet(red=39, green=39, blue=39)))) >>> MidiRouterApp(title='MidiRouterApp', classes={'-dark-mode'}, pseudo_classes={'focus', 'dark'}) method=None
Leave() >>> ListView() method=<Widget.on_leave>
Enter() >>> ListItem() method=<ListItem.on_enter>
Enter() >>> ListItem(classes='-hovered') method=<Widget.on_enter>
MouseMove(ListItem(classes='-hovered'), x=58, y=0, pointer_x=58.0, pointer_y=0.0, delta_x=-3, delta_y=-1, screen_x=59.0, screen_y=3.0, style=Style(bgcolor=Color('#272727', ColorType.TRUECOLOR, triplet=ColorTriplet(red=39, green=39, blue=39)))) >>> ListItem(classes='-hovered') method=None
Leave() >>> Routes(id='routes-view') method=<Widget.on_leave>
MouseMove(ListItem(classes='-hovered'), x=58, y=0, pointer_x=58.0, pointer_y=0.0, delta_x=-3, delta_y=-1, screen_x=59.0, screen_y=3.0, style=Style(bgcolor=Color('#272727', ColorType.TRUECOLOR, triplet=ColorTriplet(red=39, green=39, blue=39)))) >>> ListView() method=None
Update(ListItem(classes='-hovered')) >>> MainScreen() method=<Screen.on_update>
Update(Label()) >>> MainScreen() method=<Screen.on_update>
Leave() >>> Horizontal() method=<Widget.on_leave>
MouseMove(ListItem(classes='-hovered'), x=58, y=0, pointer_x=58.0, pointer_y=0.0, delta_x=-3, delta_y=-1, screen_x=59.0, screen_y=3.0, style=Style(bgcolor=Color('#272727', ColorType.TRUECOLOR, triplet=ColorTriplet(red=39, green=39, blue=39)))) >>> Routes(id='routes-view') method=None
Leave() >>> MainScreen() method=<Widget.on_leave>
MouseMove(ListItem(classes='-hovered'), x=58, y=0, pointer_x=58.0, pointer_y=0.0, delta_x=-3, delta_y=-1, screen_x=59.0, screen_y=3.0, style=Style(bgcolor=Color('#272727', ColorType.TRUECOLOR, triplet=ColorTriplet(red=39, green=39, blue=39)))) >>> Horizontal() method=None
InvokeLater(callback=functools.partial(<function App._update_mouse_over.<locals>.check_mouse at 0x0000016732FB54E0>)) >>> MidiRouterApp(title='MidiRouterApp', classes={'-dark-mode'}, pseudo_classes={'focus', 'dark'}) method=<MessagePump.on_invoke_later>
Leave() >>> MidiRouterApp(title='MidiRouterApp', classes={'-dark-mode'}, pseudo_classes={'focus', 'dark'}) method=None
MouseMove(ListItem(classes='-hovered'), x=58, y=0, pointer_x=58.0, pointer_y=0.0, delta_x=-3, delta_y=-1, screen_x=59.0, screen_y=3.0, style=Style(bgcolor=Color('#272727', ColorType.TRUECOLOR, triplet=ColorTriplet(red=39, green=39, blue=39)))) >>> MainScreen() method=None
MouseMove(ListItem(classes='-hovered'), x=58, y=0, pointer_x=58.0, pointer_y=0.0, delta_x=-3, delta_y=-1, screen_x=59.0, screen_y=3.0, style=Style(bgcolor=Color('#272727', ColorType.TRUECOLOR, triplet=ColorTriplet(red=39, green=39, blue=39)))) >>> MidiRouterApp(title='MidiRouterApp', classes={'-dark-mode'}, pseudo_classes={'focus', 'dark'}) method=None
MouseMove(ListItem(classes='-hovered'), x=56, y=0, pointer_x=56.0, pointer_y=0.0, delta_x=-2, screen_x=57.0, screen_y=3.0, style=Style(bgcolor=Color('#3c3c3c', ColorType.TRUECOLOR, triplet=ColorTriplet(red=60, green=60, blue=60)))) >>> ListItem(classes='-hovered') method=None
MouseMove(ListItem(classes='-hovered'), x=56, y=0, pointer_x=56.0, pointer_y=0.0, delta_x=-2, screen_x=57.0, screen_y=3.0, style=Style(bgcolor=Color('#3c3c3c', ColorType.TRUECOLOR, triplet=ColorTriplet(red=60, green=60, blue=60)))) >>> ListView() method=None
MouseMove(ListItem(classes='-hovered'), x=56, y=0, pointer_x=56.0, pointer_y=0.0, delta_x=-2, screen_x=57.0, screen_y=3.0, style=Style(bgcolor=Color('#3c3c3c', ColorType.TRUECOLOR, triplet=ColorTriplet(red=60, green=60, blue=60)))) >>> Routes(id='routes-view') method=None
MouseMove(ListItem(classes='-hovered'), x=56, y=0, pointer_x=56.0, pointer_y=0.0, delta_x=-2, screen_x=57.0, screen_y=3.0, style=Style(bgcolor=Color('#3c3c3c', ColorType.TRUECOLOR, triplet=ColorTriplet(red=60, green=60, blue=60)))) >>> Horizontal() method=None
MouseMove(ListItem(classes='-hovered'), x=56, y=0, pointer_x=56.0, pointer_y=0.0, delta_x=-2, screen_x=57.0, screen_y=3.0, style=Style(bgcolor=Color('#3c3c3c', ColorType.TRUECOLOR, triplet=ColorTriplet(red=60, green=60, blue=60)))) >>> MainScreen() method=None
MouseMove(ListItem(classes='-hovered'), x=56, y=0, pointer_x=56.0, pointer_y=0.0, delta_x=-2, screen_x=57.0, screen_y=3.0, style=Style(bgcolor=Color('#3c3c3c', ColorType.TRUECOLOR, triplet=ColorTriplet(red=60, green=60, blue=60)))) >>> MidiRouterApp(title='MidiRouterApp', classes={'-dark-mode'}, pseudo_classes={'focus', 'dark'}) method=None
MouseMove(ListItem(classes='-hovered'), x=53, y=0, pointer_x=53.0, pointer_y=0.0, delta_x=-3, screen_x=54.0, screen_y=3.0, style=Style(bgcolor=Color('#3c3c3c', ColorType.TRUECOLOR, triplet=ColorTriplet(red=60, green=60, blue=60)))) >>> ListItem(classes='-hovered') method=None
MouseMove(ListItem(classes='-hovered'), x=53, y=0, pointer_x=53.0, pointer_y=0.0, delta_x=-3, screen_x=54.0, screen_y=3.0, style=Style(bgcolor=Color('#3c3c3c', ColorType.TRUECOLOR, triplet=ColorTriplet(red=60, green=60, blue=60)))) >>> ListView() method=None
MouseMove(ListItem(classes='-hovered'), x=53, y=0, pointer_x=53.0, pointer_y=0.0, delta_x=-3, screen_x=54.0, screen_y=3.0, style=Style(bgcolor=Color('#3c3c3c', ColorType.TRUECOLOR, triplet=ColorTriplet(red=60, green=60, blue=60)))) >>> Routes(id='routes-view') method=None
MouseMove(ListItem(classes='-hovered'), x=53, y=0, pointer_x=53.0, pointer_y=0.0, delta_x=-3, screen_x=54.0, screen_y=3.0, style=Style(bgcolor=Color('#3c3c3c', ColorType.TRUECOLOR, triplet=ColorTriplet(red=60, green=60, blue=60)))) >>> Horizontal() method=None
MouseMove(ListItem(classes='-hovered'), x=53, y=0, pointer_x=53.0, pointer_y=0.0, delta_x=-3, screen_x=54.0, screen_y=3.0, style=Style(bgcolor=Color('#3c3c3c', ColorType.TRUECOLOR, triplet=ColorTriplet(red=60, green=60, blue=60)))) >>> MainScreen() method=None
MouseMove(ListItem(classes='-hovered'), x=53, y=0, pointer_x=53.0, pointer_y=0.0, delta_x=-3, screen_x=54.0, screen_y=3.0, style=Style(bgcolor=Color('#3c3c3c', ColorType.TRUECOLOR, triplet=ColorTriplet(red=60, green=60, blue=60)))) >>> MidiRouterApp(title='MidiRouterApp', classes={'-dark-mode'}, pseudo_classes={'focus', 'dark'}) method=None
MouseMove(ListItem(classes='-hovered'), x=52, y=0, pointer_x=52.0, pointer_y=0.0, delta_x=-1, screen_x=53.0, screen_y=3.0, style=Style(bgcolor=Color('#3c3c3c', ColorType.TRUECOLOR, triplet=ColorTriplet(red=60, green=60, blue=60)))) >>> ListItem(classes='-hovered') method=None
MouseMove(ListItem(classes='-hovered'), x=52, y=0, pointer_x=52.0, pointer_y=0.0, delta_x=-1, screen_x=53.0, screen_y=3.0, style=Style(bgcolor=Color('#3c3c3c', ColorType.TRUECOLOR, triplet=ColorTriplet(red=60, green=60, blue=60)))) >>> ListView() method=None
MouseMove(ListItem(classes='-hovered'), x=52, y=0, pointer_x=52.0, pointer_y=0.0, delta_x=-1, screen_x=53.0, screen_y=3.0, style=Style(bgcolor=Color('#3c3c3c', ColorType.TRUECOLOR, triplet=ColorTriplet(red=60, green=60, blue=60)))) >>> Routes(id='routes-view') method=None
MouseMove(ListItem(classes='-hovered'), x=52, y=0, pointer_x=52.0, pointer_y=0.0, delta_x=-1, screen_x=53.0, screen_y=3.0, style=Style(bgcolor=Color('#3c3c3c', ColorType.TRUECOLOR, triplet=ColorTriplet(red=60, green=60, blue=60)))) >>> Horizontal() method=None
MouseMove(ListItem(classes='-hovered'), x=52, y=0, pointer_x=52.0, pointer_y=0.0, delta_x=-1, screen_x=53.0, screen_y=3.0, style=Style(bgcolor=Color('#3c3c3c', ColorType.TRUECOLOR, triplet=ColorTriplet(red=60, green=60, blue=60)))) >>> MainScreen() method=None
MouseMove(ListItem(classes='-hovered'), x=52, y=0, pointer_x=52.0, pointer_y=0.0, delta_x=-1, screen_x=53.0, screen_y=3.0, style=Style(bgcolor=Color('#3c3c3c', ColorType.TRUECOLOR, triplet=ColorTriplet(red=60, green=60, blue=60)))) >>> MidiRouterApp(title='MidiRouterApp', classes={'-dark-mode'}, pseudo_classes={'focus', 'dark'}) method=None
MouseMove(ListItem(classes='-hovered'), x=51, y=0, pointer_x=51.0, pointer_y=0.0, delta_x=-1, screen_x=52.0, screen_y=3.0, style=Style(bgcolor=Color('#3c3c3c', ColorType.TRUECOLOR, triplet=ColorTriplet(red=60, green=60, blue=60)))) >>> ListItem(classes='-hovered') method=None
MouseMove(ListItem(classes='-hovered'), x=51, y=0, pointer_x=51.0, pointer_y=0.0, delta_x=-1, screen_x=52.0, screen_y=3.0, style=Style(bgcolor=Color('#3c3c3c', ColorType.TRUECOLOR, triplet=ColorTriplet(red=60, green=60, blue=60)))) >>> ListView() method=None
MouseMove(ListItem(classes='-hovered'), x=51, y=0, pointer_x=51.0, pointer_y=0.0, delta_x=-1, screen_x=52.0, screen_y=3.0, style=Style(bgcolor=Color('#3c3c3c', ColorType.TRUECOLOR, triplet=ColorTriplet(red=60, green=60, blue=60)))) >>> Routes(id='routes-view') method=None
MouseMove(ListItem(classes='-hovered'), x=51, y=0, pointer_x=51.0, pointer_y=0.0, delta_x=-1, screen_x=52.0, screen_y=3.0, style=Style(bgcolor=Color('#3c3c3c', ColorType.TRUECOLOR, triplet=ColorTriplet(red=60, green=60, blue=60)))) >>> Horizontal() method=None
MouseMove(ListItem(classes='-hovered'), x=51, y=0, pointer_x=51.0, pointer_y=0.0, delta_x=-1, screen_x=52.0, screen_y=3.0, style=Style(bgcolor=Color('#3c3c3c', ColorType.TRUECOLOR, triplet=ColorTriplet(red=60, green=60, blue=60)))) >>> MainScreen() method=None
MouseMove(ListItem(classes='-hovered'), x=51, y=0, pointer_x=51.0, pointer_y=0.0, delta_x=-1, screen_x=52.0, screen_y=3.0, style=Style(bgcolor=Color('#3c3c3c', ColorType.TRUECOLOR, triplet=ColorTriplet(red=60, green=60, blue=60)))) >>> MidiRouterApp(title='MidiRouterApp', classes={'-dark-mode'}, pseudo_classes={'focus', 'dark'}) method=None
Leave() >>> ListItem(classes='-hovered') method=<ListItem.on_leave>
Leave() >>> ListItem() method=<Widget.on_leave>
Enter() >>> ListItem(classes='-highlight') method=<ListItem.on_enter>
Enter() >>> ListItem(classes='-hovered -highlight') method=<Widget.on_enter>
MouseMove(ListItem(classes='-hovered -highlight'), x=50, y=0, pointer_x=50.0, pointer_y=0.0, delta_x=-1, delta_y=-1, screen_x=51.0, screen_y=2.0, style=Style(bgcolor=Color('#0178d4', ColorType.TRUECOLOR, triplet=ColorTriplet(red=1, green=120, blue=212)))) >>> ListItem(classes='-hovered -highlight') method=None
Update(ListItem()) >>> MainScreen() method=<Screen.on_update>
Update(Label()) >>> MainScreen() method=<Screen.on_update>
MouseMove(ListItem(classes='-hovered -highlight'), x=50, y=0, pointer_x=50.0, pointer_y=0.0, delta_x=-1, delta_y=-1, screen_x=51.0, screen_y=2.0, style=Style(bgcolor=Color('#0178d4', ColorType.TRUECOLOR, triplet=ColorTriplet(red=1, green=120, blue=212)))) >>> ListView() method=None
MouseMove(ListItem(classes='-hovered -highlight'), x=50, y=0, pointer_x=50.0, pointer_y=0.0, delta_x=-1, delta_y=-1, screen_x=51.0, screen_y=2.0, style=Style(bgcolor=Color('#0178d4', ColorType.TRUECOLOR, triplet=ColorTriplet(red=1, green=120, blue=212)))) >>> Routes(id='routes-view') method=None
InvokeLater(callback=functools.partial(<function App._update_mouse_over.<locals>.check_mouse at 0x0000016732FB5440>)) >>> MidiRouterApp(title='MidiRouterApp', classes={'-dark-mode'}, pseudo_classes={'focus', 'dark'}) method=<MessagePump.on_invoke_later>
MouseMove(ListItem(classes='-hovered -highlight'), x=50, y=0, pointer_x=50.0, pointer_y=0.0, delta_x=-1, delta_y=-1, screen_x=51.0, screen_y=2.0, style=Style(bgcolor=Color('#0178d4', ColorType.TRUECOLOR, triplet=ColorTriplet(red=1, green=120, blue=212)))) >>> Horizontal() method=None
MouseMove(ListItem(classes='-hovered -highlight'), x=50, y=0, pointer_x=50.0, pointer_y=0.0, delta_x=-1, delta_y=-1, screen_x=51.0, screen_y=2.0, style=Style(bgcolor=Color('#0178d4', ColorType.TRUECOLOR, triplet=ColorTriplet(red=1, green=120, blue=212)))) >>> MainScreen() method=None
MouseMove(ListItem(classes='-hovered -highlight'), x=50, y=0, pointer_x=50.0, pointer_y=0.0, delta_x=-1, delta_y=-1, screen_x=51.0, screen_y=2.0, style=Style(bgcolor=Color('#0178d4', ColorType.TRUECOLOR, triplet=ColorTriplet(red=1, green=120, blue=212)))) >>> MidiRouterApp(title='MidiRouterApp', classes={'-dark-mode'}, pseudo_classes={'focus', 'dark'}) method=None
Leave() >>> ListItem(classes='-hovered -highlight') method=<ListItem.on_leave>
Leave() >>> ListItem(classes='-highlight') method=<Widget.on_leave>
Enter() >>> ListItem() method=<ListItem.on_enter>
Enter() >>> ListItem(classes='-hovered') method=<Widget.on_enter>
MouseMove(ListItem(classes='-hovered'), x=50, y=0, pointer_x=50.0, pointer_y=0.0, delta_y=1, screen_x=51.0, screen_y=3.0, style=Style(bgcolor=Color('#272727', ColorType.TRUECOLOR, triplet=ColorTriplet(red=39, green=39, blue=39)))) >>> ListItem(classes='-hovered') method=None
MouseMove(ListItem(classes='-hovered'), x=50, y=0, pointer_x=50.0, pointer_y=0.0, delta_y=1, screen_x=51.0, screen_y=3.0, style=Style(bgcolor=Color('#272727', ColorType.TRUECOLOR, triplet=ColorTriplet(red=39, green=39, blue=39)))) >>> ListView() method=None
Update(ListItem(classes='-hovered')) >>> MainScreen() method=<Screen.on_update>
Update(Label()) >>> MainScreen() method=<Screen.on_update>
MouseMove(ListItem(classes='-hovered'), x=50, y=0, pointer_x=50.0, pointer_y=0.0, delta_y=1, screen_x=51.0, screen_y=3.0, style=Style(bgcolor=Color('#272727', ColorType.TRUECOLOR, triplet=ColorTriplet(red=39, green=39, blue=39)))) >>> Routes(id='routes-view') method=None
MouseMove(ListItem(classes='-hovered'), x=50, y=0, pointer_x=50.0, pointer_y=0.0, delta_y=1, screen_x=51.0, screen_y=3.0, style=Style(bgcolor=Color('#272727', ColorType.TRUECOLOR, triplet=ColorTriplet(red=39, green=39, blue=39)))) >>> Horizontal() method=None
InvokeLater(callback=functools.partial(<function App._update_mouse_over.<locals>.check_mouse at 0x0000016732FB5580>)) >>> MidiRouterApp(title='MidiRouterApp', classes={'-dark-mode'}, pseudo_classes={'focus', 'dark'}) method=<MessagePump.on_invoke_later>
MouseMove(ListItem(classes='-hovered'), x=50, y=0, pointer_x=50.0, pointer_y=0.0, delta_y=1, screen_x=51.0, screen_y=3.0, style=Style(bgcolor=Color('#272727', ColorType.TRUECOLOR, triplet=ColorTriplet(red=39, green=39, blue=39)))) >>> MainScreen() method=None
MouseMove(ListItem(classes='-hovered'), x=50, y=0, pointer_x=50.0, pointer_y=0.0, delta_y=1, screen_x=51.0, screen_y=3.0, style=Style(bgcolor=Color('#272727', ColorType.TRUECOLOR, triplet=ColorTriplet(red=39, green=39, blue=39)))) >>> MidiRouterApp(title='MidiRouterApp', classes={'-dark-mode'}, pseudo_classes={'focus', 'dark'}) method=None
MouseDown(None, x=50, y=0, pointer_x=50.0, pointer_y=0.0, screen_x=51.0, screen_y=3.0, button=1, style=Style(bgcolor=Color('#3c3c3c', ColorType.TRUECOLOR, triplet=ColorTriplet(red=60, green=60, blue=60)))) >>> ListItem(classes='-hovered') method=<Widget.on_mouse_down>
MouseDown(None, x=50, y=0, pointer_x=50.0, pointer_y=0.0, screen_x=51.0, screen_y=3.0, button=1, style=Style(bgcolor=Color('#3c3c3c', ColorType.TRUECOLOR, triplet=ColorTriplet(red=60, green=60, blue=60)))) >>> ListView() method=<Widget.on_mouse_down>
MouseDown(None, x=50, y=0, pointer_x=50.0, pointer_y=0.0, screen_x=51.0, screen_y=3.0, button=1, style=Style(bgcolor=Color('#3c3c3c', ColorType.TRUECOLOR, triplet=ColorTriplet(red=60, green=60, blue=60)))) >>> Routes(id='routes-view') method=<Widget.on_mouse_down>
MouseDown(None, x=50, y=0, pointer_x=50.0, pointer_y=0.0, screen_x=51.0, screen_y=3.0, button=1, style=Style(bgcolor=Color('#3c3c3c', ColorType.TRUECOLOR, triplet=ColorTriplet(red=60, green=60, blue=60)))) >>> Horizontal() method=<Widget.on_mouse_down>
MouseDown(None, x=50, y=0, pointer_x=50.0, pointer_y=0.0, screen_x=51.0, screen_y=3.0, button=1, style=Style(bgcolor=Color('#3c3c3c', ColorType.TRUECOLOR, triplet=ColorTriplet(red=60, green=60, blue=60)))) >>> MainScreen() method=<Widget.on_mouse_down>
MouseDown(None, x=50, y=0, pointer_x=50.0, pointer_y=0.0, screen_x=51.0, screen_y=3.0, button=1, style=Style(bgcolor=Color('#3c3c3c', ColorType.TRUECOLOR, triplet=ColorTriplet(red=60, green=60, blue=60)))) >>> MidiRouterApp(title='MidiRouterApp', classes={'-dark-mode'}, pseudo_classes={'focus', 'dark'}) method=None
MouseUp(None, x=50, y=0, pointer_x=50.0, pointer_y=0.0, screen_x=51.0, screen_y=3.0, button=1, style=Style(bgcolor=Color('#3c3c3c', ColorType.TRUECOLOR, triplet=ColorTriplet(red=60, green=60, blue=60)))) >>> ListItem(classes='-hovered') method=<Widget.on_mouse_up>
Click(ListItem(classes='-hovered'), x=50, y=0, pointer_x=50, pointer_y=0, screen_x=51, screen_y=3, button=1, style=Style(bgcolor=Color('#3c3c3c', ColorType.TRUECOLOR, triplet=ColorTriplet(red=60, green=60, blue=60))), chain=1) >>> ListItem(classes='-hovered') method=<ListItem.on_click>
Click(ListItem(classes='-hovered'), x=50, y=0, pointer_x=50, pointer_y=0, screen_x=51, screen_y=3, button=1, style=Style(bgcolor=Color('#3c3c3c', ColorType.TRUECOLOR, triplet=ColorTriplet(red=60, green=60, blue=60))), chain=1) >>> ListItem(classes='-hovered') method=<Widget.on_click>
_ChildClicked() >>> ListItem(classes='-hovered') method=None
MouseUp(None, x=50, y=0, pointer_x=50.0, pointer_y=0.0, screen_x=51.0, screen_y=3.0, button=1, style=Style(bgcolor=Color('#3c3c3c', ColorType.TRUECOLOR, triplet=ColorTriplet(red=60, green=60, blue=60)))) >>> ListView() method=<Widget.on_mouse_up>
Click(ListItem(classes='-hovered'), x=50, y=0, pointer_x=50, pointer_y=0, screen_x=51, screen_y=3, button=1, style=Style(bgcolor=Color('#3c3c3c', ColorType.TRUECOLOR, triplet=ColorTriplet(red=60, green=60, blue=60))), chain=1) >>> ListView() method=<Widget.on_click>
_ChildClicked() >>> ListView() method=<ListView.on_list_item__child_clicked>
Highlighted() >>> ListView() method=None
Selected() >>> ListView() method=None
MouseUp(None, x=50, y=0, pointer_x=50.0, pointer_y=0.0, screen_x=51.0, screen_y=3.0, button=1, style=Style(bgcolor=Color('#3c3c3c', ColorType.TRUECOLOR, triplet=ColorTriplet(red=60, green=60, blue=60)))) >>> Routes(id='routes-view') method=<Widget.on_mouse_up>
Click(ListItem(classes='-hovered -highlight'), x=50, y=0, pointer_x=50, pointer_y=0, screen_x=51, screen_y=3, button=1, style=Style(bgcolor=Color('#3c3c3c', ColorType.TRUECOLOR, triplet=ColorTriplet(red=60, green=60, blue=60))), chain=1) >>> Routes(id='routes-view') method=<Widget.on_click>
Highlighted() >>> Routes(id='routes-view') method=None
Selected() >>> Routes(id='routes-view') method=None
Callback(callback=functools.partial(<function Widget.focus.<locals>.set_focus at 0x0000016732DAEF20>, ListView())) >>> MidiRouterApp(title='MidiRouterApp', classes={'-dark-mode'}, pseudo_classes={'focus', 'dark'}) method=<MessagePump.on_callback>
Update(ListView()) >>> MainScreen() method=<Screen.on_update>
Update(ListItem()) >>> MainScreen() method=<Screen.on_update>
Update(Label()) >>> MainScreen() method=<Screen.on_update>
Update(ListItem(classes='-hovered -highlight')) >>> MainScreen() method=<Screen.on_update>
Update(Label()) >>> MainScreen() method=<Screen.on_update>
MouseUp(None, x=50, y=0, pointer_x=50.0, pointer_y=0.0, screen_x=51.0, screen_y=3.0, button=1, style=Style(bgcolor=Color('#3c3c3c', ColorType.TRUECOLOR, triplet=ColorTriplet(red=60, green=60, blue=60)))) >>> Horizontal() method=<Widget.on_mouse_up>
Click(ListItem(classes='-hovered -highlight'), x=50, y=0, pointer_x=50, pointer_y=0, screen_x=51, screen_y=3, button=1, style=Style(bgcolor=Color('#3c3c3c', ColorType.TRUECOLOR, triplet=ColorTriplet(red=60, green=60, blue=60))), chain=1) >>> Horizontal() method=<Widget.on_click>
Highlighted() >>> Horizontal() method=None
Selected() >>> Horizontal() method=None
MouseUp(None, x=50, y=0, pointer_x=50.0, pointer_y=0.0, screen_x=51.0, screen_y=3.0, button=1, style=Style(bgcolor=Color('#3c3c3c', ColorType.TRUECOLOR, triplet=ColorTriplet(red=60, green=60, blue=60)))) >>> MainScreen() method=<Widget.on_mouse_up>
Click(ListItem(classes='-hovered -highlight'), x=50, y=0, pointer_x=50, pointer_y=0, screen_x=51, screen_y=3, button=1, style=Style(bgcolor=Color('#3c3c3c', ColorType.TRUECOLOR, triplet=ColorTriplet(red=60, green=60, blue=60))), chain=1) >>> MainScreen() method=<Widget.on_click>
Highlighted() >>> MainScreen() method=None
Selected() >>> MainScreen() method=None
InvokeLater(callback=functools.partial(<function App._update_mouse_over.<locals>.check_mouse at 0x0000016732FB6CA0>)) >>> MidiRouterApp(title='MidiRouterApp', classes={'-dark-mode'}, pseudo_classes={'focus', 'dark'}) method=<MessagePump.on_invoke_later>
MouseUp(None, x=50, y=0, pointer_x=50.0, pointer_y=0.0, screen_x=51.0, screen_y=3.0, button=1, style=Style(bgcolor=Color('#3c3c3c', ColorType.TRUECOLOR, triplet=ColorTriplet(red=60, green=60, blue=60)))) >>> MidiRouterApp(title='MidiRouterApp', classes={'-dark-mode'}, pseudo_classes={'focus', 'dark'}) method=None
Click(ListItem(classes='-hovered -highlight'), x=50, y=0, pointer_x=50, pointer_y=0, screen_x=51, screen_y=3, button=1, style=Style(bgcolor=Color('#3c3c3c', ColorType.TRUECOLOR, triplet=ColorTriplet(red=60, green=60, blue=60))), chain=1) >>> MidiRouterApp(title='MidiRouterApp', classes={'-dark-mode'}, pseudo_classes={'focus', 'dark'}) method=None
Highlighted() >>> MidiRouterApp(title='MidiRouterApp', classes={'-dark-mode'}, pseudo_classes={'focus', 'dark'}) method=None
Selected() >>> MidiRouterApp(title='MidiRouterApp', classes={'-dark-mode'}, pseudo_classes={'focus', 'dark'}) method=None
MouseDown(None, x=50, y=0, pointer_x=50.0, pointer_y=0.0, screen_x=51.0, screen_y=3.0, button=1, style=Style(bgcolor=Color('#0178d4', ColorType.TRUECOLOR, triplet=ColorTriplet(red=1, green=120, blue=212)))) >>> ListItem(classes='-hovered -highlight') method=<Widget.on_mouse_down>
MouseDown(None, x=50, y=0, pointer_x=50.0, pointer_y=0.0, screen_x=51.0, screen_y=3.0, button=1, style=Style(bgcolor=Color('#0178d4', ColorType.TRUECOLOR, triplet=ColorTriplet(red=1, green=120, blue=212)))) >>> ListView() method=<Widget.on_mouse_down>
MouseDown(None, x=50, y=0, pointer_x=50.0, pointer_y=0.0, screen_x=51.0, screen_y=3.0, button=1, style=Style(bgcolor=Color('#0178d4', ColorType.TRUECOLOR, triplet=ColorTriplet(red=1, green=120, blue=212)))) >>> Routes(id='routes-view') method=<Widget.on_mouse_down>
MouseDown(None, x=50, y=0, pointer_x=50.0, pointer_y=0.0, screen_x=51.0, screen_y=3.0, button=1, style=Style(bgcolor=Color('#0178d4', ColorType.TRUECOLOR, triplet=ColorTriplet(red=1, green=120, blue=212)))) >>> Horizontal() method=<Widget.on_mouse_down>
MouseDown(None, x=50, y=0, pointer_x=50.0, pointer_y=0.0, screen_x=51.0, screen_y=3.0, button=1, style=Style(bgcolor=Color('#0178d4', ColorType.TRUECOLOR, triplet=ColorTriplet(red=1, green=120, blue=212)))) >>> MainScreen() method=<Widget.on_mouse_down>
MouseDown(None, x=50, y=0, pointer_x=50.0, pointer_y=0.0, screen_x=51.0, screen_y=3.0, button=1, style=Style(bgcolor=Color('#0178d4', ColorType.TRUECOLOR, triplet=ColorTriplet(red=1, green=120, blue=212)))) >>> MidiRouterApp(title='MidiRouterApp', classes={'-dark-mode'}, pseudo_classes={'focus', 'dark'}) method=None
MouseUp(None, x=50, y=0, pointer_x=50.0, pointer_y=0.0, screen_x=51.0, screen_y=3.0, button=1, style=Style(bgcolor=Color('#0178d4', ColorType.TRUECOLOR, triplet=ColorTriplet(red=1, green=120, blue=212)))) >>> ListItem(classes='-hovered -highlight') method=<Widget.on_mouse_up>
Click(ListItem(classes='-hovered -highlight'), x=50, y=0, pointer_x=50, pointer_y=0, screen_x=51, screen_y=3, button=1, style=Style(bgcolor=Color('#0178d4', ColorType.TRUECOLOR, triplet=ColorTriplet(red=1, green=120, blue=212))), chain=2) >>> ListItem(classes='-hovered -highlight') method=<ListItem.on_click>
Click(ListItem(classes='-hovered -highlight'), x=50, y=0, pointer_x=50, pointer_y=0, screen_x=51, screen_y=3, button=1, style=Style(bgcolor=Color('#0178d4', ColorType.TRUECOLOR, triplet=ColorTriplet(red=1, green=120, blue=212))), chain=2) >>> ListItem(classes='-hovered -highlight') method=<Widget.on_click>
_ChildClicked() >>> ListItem(classes='-hovered -highlight') method=None
MouseUp(None, x=50, y=0, pointer_x=50.0, pointer_y=0.0, screen_x=51.0, screen_y=3.0, button=1, style=Style(bgcolor=Color('#0178d4', ColorType.TRUECOLOR, triplet=ColorTriplet(red=1, green=120, blue=212)))) >>> ListView() method=<Widget.on_mouse_up>
Click(ListItem(classes='-hovered -highlight'), x=50, y=0, pointer_x=50, pointer_y=0, screen_x=51, screen_y=3, button=1, style=Style(bgcolor=Color('#0178d4', ColorType.TRUECOLOR, triplet=ColorTriplet(red=1, green=120, blue=212))), chain=2) >>> ListView() method=<Widget.on_click>
_ChildClicked() >>> ListView() method=<ListView.on_list_item__child_clicked>
Selected() >>> ListView() method=None
MouseUp(None, x=50, y=0, pointer_x=50.0, pointer_y=0.0, screen_x=51.0, screen_y=3.0, button=1, style=Style(bgcolor=Color('#0178d4', ColorType.TRUECOLOR, triplet=ColorTriplet(red=1, green=120, blue=212)))) >>> Routes(id='routes-view') method=<Widget.on_mouse_up>
Click(ListItem(classes='-hovered -highlight'), x=50, y=0, pointer_x=50, pointer_y=0, screen_x=51, screen_y=3, button=1, style=Style(bgcolor=Color('#0178d4', ColorType.TRUECOLOR, triplet=ColorTriplet(red=1, green=120, blue=212))), chain=2) >>> Routes(id='routes-view') method=<Widget.on_click>
Selected() >>> Routes(id='routes-view') method=None
Callback(callback=functools.partial(<function Widget.focus.<locals>.set_focus at 0x0000016732CD2340>, ListView())) >>> MidiRouterApp(title='MidiRouterApp', classes={'-dark-mode'}, pseudo_classes={'focus', 'dark'}) method=<MessagePump.on_callback>
MouseUp(None, x=50, y=0, pointer_x=50.0, pointer_y=0.0, screen_x=51.0, screen_y=3.0, button=1, style=Style(bgcolor=Color('#0178d4', ColorType.TRUECOLOR, triplet=ColorTriplet(red=1, green=120, blue=212)))) >>> Horizontal() method=<Widget.on_mouse_up>
Click(ListItem(classes='-hovered -highlight'), x=50, y=0, pointer_x=50, pointer_y=0, screen_x=51, screen_y=3, button=1, style=Style(bgcolor=Color('#0178d4', ColorType.TRUECOLOR, triplet=ColorTriplet(red=1, green=120, blue=212))), chain=2) >>> Horizontal() method=<Widget.on_click>
Selected() >>> Horizontal() method=None
MouseUp(None, x=50, y=0, pointer_x=50.0, pointer_y=0.0, screen_x=51.0, screen_y=3.0, button=1, style=Style(bgcolor=Color('#0178d4', ColorType.TRUECOLOR, triplet=ColorTriplet(red=1, green=120, blue=212)))) >>> MainScreen() method=<Widget.on_mouse_up>
Click(ListItem(classes='-hovered -highlight'), x=50, y=0, pointer_x=50, pointer_y=0, screen_x=51, screen_y=3, button=1, style=Style(bgcolor=Color('#0178d4', ColorType.TRUECOLOR, triplet=ColorTriplet(red=1, green=120, blue=212))), chain=2) >>> MainScreen() method=<Widget.on_click>
Selected() >>> MainScreen() method=None
MouseUp(None, x=50, y=0, pointer_x=50.0, pointer_y=0.0, screen_x=51.0, screen_y=3.0, button=1, style=Style(bgcolor=Color('#0178d4', ColorType.TRUECOLOR, triplet=ColorTriplet(red=1, green=120, blue=212)))) >>> MidiRouterApp(title='MidiRouterApp', classes={'-dark-mode'}, pseudo_classes={'focus', 'dark'}) method=None
Click(ListItem(classes='-hovered -highlight'), x=50, y=0, pointer_x=50, pointer_y=0, screen_x=51, screen_y=3, button=1, style=Style(bgcolor=Color('#0178d4', ColorType.TRUECOLOR, triplet=ColorTriplet(red=1, green=120, blue=212))), chain=2) >>> MidiRouterApp(title='MidiRouterApp', classes={'-dark-mode'}, pseudo_classes={'focus', 'dark'}) method=None
Selected() >>> MidiRouterApp(title='MidiRouterApp', classes={'-dark-mode'}, pseudo_classes={'focus', 'dark'}) method=None
Leave() >>> ListItem(classes='-hovered -highlight') method=<ListItem.on_leave>
Leave() >>> ListItem(classes='-highlight') method=<Widget.on_leave>
Enter() >>> ListView() method=<Widget.on_enter>
MouseMove(ListView(), x=50, y=2, pointer_x=50.0, pointer_y=2.0, delta_y=1, screen_x=51.0, screen_y=4.0, style=Style(bgcolor=Color('#272727', ColorType.TRUECOLOR, triplet=ColorTriplet(red=39, green=39, blue=39)))) >>> ListView() method=None
Enter() >>> Routes(id='routes-view') method=<Widget.on_enter>
MouseMove(ListView(), x=50, y=2, pointer_x=50.0, pointer_y=2.0, delta_y=1, screen_x=51.0, screen_y=4.0, style=Style(bgcolor=Color('#272727', ColorType.TRUECOLOR, triplet=ColorTriplet(red=39, green=39, blue=39)))) >>> Routes(id='routes-view') method=None
Enter() >>> Horizontal() method=<Widget.on_enter>
MouseMove(ListView(), x=50, y=2, pointer_x=50.0, pointer_y=2.0, delta_y=1, screen_x=51.0, screen_y=4.0, style=Style(bgcolor=Color('#272727', ColorType.TRUECOLOR, triplet=ColorTriplet(red=39, green=39, blue=39)))) >>> Horizontal() method=None
Enter() >>> MainScreen() method=<Widget.on_enter>
MouseMove(ListView(), x=50, y=2, pointer_x=50.0, pointer_y=2.0, delta_y=1, screen_x=51.0, screen_y=4.0, style=Style(bgcolor=Color('#272727', ColorType.TRUECOLOR, triplet=ColorTriplet(red=39, green=39, blue=39)))) >>> MainScreen() method=None
Enter() >>> MidiRouterApp(title='MidiRouterApp', classes={'-dark-mode'}, pseudo_classes={'focus', 'dark'}) method=None
MouseMove(ListView(), x=50, y=2, pointer_x=50.0, pointer_y=2.0, delta_y=1, screen_x=51.0, screen_y=4.0, style=Style(bgcolor=Color('#272727', ColorType.TRUECOLOR, triplet=ColorTriplet(red=39, green=39, blue=39)))) >>> MidiRouterApp(title='MidiRouterApp', classes={'-dark-mode'}, pseudo_classes={'focus', 'dark'}) method=None
MouseMove(ListView(), x=52, y=8, pointer_x=52.0, pointer_y=8.0, delta_x=2, delta_y=6, screen_x=53.0, screen_y=10.0, style=Style(bgcolor=Color('#272727', ColorType.TRUECOLOR, triplet=ColorTriplet(red=39, green=39, blue=39)))) >>> ListView() method=None
MouseMove(ListView(), x=52, y=8, pointer_x=52.0, pointer_y=8.0, delta_x=2, delta_y=6, screen_x=53.0, screen_y=10.0, style=Style(bgcolor=Color('#272727', ColorType.TRUECOLOR, triplet=ColorTriplet(red=39, green=39, blue=39)))) >>> Routes(id='routes-view') method=None
MouseMove(ListView(), x=52, y=8, pointer_x=52.0, pointer_y=8.0, delta_x=2, delta_y=6, screen_x=53.0, screen_y=10.0, style=Style(bgcolor=Color('#272727', ColorType.TRUECOLOR, triplet=ColorTriplet(red=39, green=39, blue=39)))) >>> Horizontal() method=None
MouseMove(ListView(), x=52, y=8, pointer_x=52.0, pointer_y=8.0, delta_x=2, delta_y=6, screen_x=53.0, screen_y=10.0, style=Style(bgcolor=Color('#272727', ColorType.TRUECOLOR, triplet=ColorTriplet(red=39, green=39, blue=39)))) >>> MainScreen() method=None
MouseMove(ListView(), x=52, y=8, pointer_x=52.0, pointer_y=8.0, delta_x=2, delta_y=6, screen_x=53.0, screen_y=10.0, style=Style(bgcolor=Color('#272727', ColorType.TRUECOLOR, triplet=ColorTriplet(red=39, green=39, blue=39)))) >>> MidiRouterApp(title='MidiRouterApp', classes={'-dark-mode'}, pseudo_classes={'focus', 'dark'}) method=None
MouseMove(ListView(), x=54, y=14, pointer_x=54.0, pointer_y=14.0, delta_x=2, delta_y=6, screen_x=55.0, screen_y=16.0, style=Style(bgcolor=Color('#272727', ColorType.TRUECOLOR, triplet=ColorTriplet(red=39, green=39, blue=39)))) >>> ListView() method=None
MouseMove(ListView(), x=54, y=14, pointer_x=54.0, pointer_y=14.0, delta_x=2, delta_y=6, screen_x=55.0, screen_y=16.0, style=Style(bgcolor=Color('#272727', ColorType.TRUECOLOR, triplet=ColorTriplet(red=39, green=39, blue=39)))) >>> Routes(id='routes-view') method=None
MouseMove(ListView(), x=54, y=14, pointer_x=54.0, pointer_y=14.0, delta_x=2, delta_y=6, screen_x=55.0, screen_y=16.0, style=Style(bgcolor=Color('#272727', ColorType.TRUECOLOR, triplet=ColorTriplet(red=39, green=39, blue=39)))) >>> Horizontal() method=None
MouseMove(ListView(), x=54, y=14, pointer_x=54.0, pointer_y=14.0, delta_x=2, delta_y=6, screen_x=55.0, screen_y=16.0, style=Style(bgcolor=Color('#272727', ColorType.TRUECOLOR, triplet=ColorTriplet(red=39, green=39, blue=39)))) >>> MainScreen() method=None
MouseMove(ListView(), x=54, y=14, pointer_x=54.0, pointer_y=14.0, delta_x=2, delta_y=6, screen_x=55.0, screen_y=16.0, style=Style(bgcolor=Color('#272727', ColorType.TRUECOLOR, triplet=ColorTriplet(red=39, green=39, blue=39)))) >>> MidiRouterApp(title='MidiRouterApp', classes={'-dark-mode'}, pseudo_classes={'focus', 'dark'}) method=None
MouseMove(ListView(), x=57, y=25, pointer_x=57.0, pointer_y=25.0, delta_x=3, delta_y=11, screen_x=58.0, screen_y=27.0, style=Style(bgcolor=Color('#272727', ColorType.TRUECOLOR, triplet=ColorTriplet(red=39, green=39, blue=39)))) >>> ListView() method=None
MouseMove(ListView(), x=57, y=25, pointer_x=57.0, pointer_y=25.0, delta_x=3, delta_y=11, screen_x=58.0, screen_y=27.0, style=Style(bgcolor=Color('#272727', ColorType.TRUECOLOR, triplet=ColorTriplet(red=39, green=39, blue=39)))) >>> Routes(id='routes-view') method=None
MouseMove(ListView(), x=57, y=25, pointer_x=57.0, pointer_y=25.0, delta_x=3, delta_y=11, screen_x=58.0, screen_y=27.0, style=Style(bgcolor=Color('#272727', ColorType.TRUECOLOR, triplet=ColorTriplet(red=39, green=39, blue=39)))) >>> Horizontal() method=None
MouseMove(ListView(), x=57, y=25, pointer_x=57.0, pointer_y=25.0, delta_x=3, delta_y=11, screen_x=58.0, screen_y=27.0, style=Style(bgcolor=Color('#272727', ColorType.TRUECOLOR, triplet=ColorTriplet(red=39, green=39, blue=39)))) >>> MainScreen() method=None
MouseMove(ListView(), x=57, y=25, pointer_x=57.0, pointer_y=25.0, delta_x=3, delta_y=11, screen_x=58.0, screen_y=27.0, style=Style(bgcolor=Color('#272727', ColorType.TRUECOLOR, triplet=ColorTriplet(red=39, green=39, blue=39)))) >>> MidiRouterApp(title='MidiRouterApp', classes={'-dark-mode'}, pseudo_classes={'focus', 'dark'}) method=None
MouseMove(ListView(), x=58, y=31, pointer_x=58.0, pointer_y=31.0, delta_x=1, delta_y=6, screen_x=59.0, screen_y=33.0, style=Style(bgcolor=Color('#272727', ColorType.TRUECOLOR, triplet=ColorTriplet(red=39, green=39, blue=39)))) >>> ListView() method=None
MouseMove(ListView(), x=58, y=31, pointer_x=58.0, pointer_y=31.0, delta_x=1, delta_y=6, screen_x=59.0, screen_y=33.0, style=Style(bgcolor=Color('#272727', ColorType.TRUECOLOR, triplet=ColorTriplet(red=39, green=39, blue=39)))) >>> Routes(id='routes-view') method=None
MouseMove(ListView(), x=58, y=31, pointer_x=58.0, pointer_y=31.0, delta_x=1, delta_y=6, screen_x=59.0, screen_y=33.0, style=Style(bgcolor=Color('#272727', ColorType.TRUECOLOR, triplet=ColorTriplet(red=39, green=39, blue=39)))) >>> Horizontal() method=None
MouseMove(ListView(), x=58, y=31, pointer_x=58.0, pointer_y=31.0, delta_x=1, delta_y=6, screen_x=59.0, screen_y=33.0, style=Style(bgcolor=Color('#272727', ColorType.TRUECOLOR, triplet=ColorTriplet(red=39, green=39, blue=39)))) >>> MainScreen() method=None
MouseMove(ListView(), x=58, y=31, pointer_x=58.0, pointer_y=31.0, delta_x=1, delta_y=6, screen_x=59.0, screen_y=33.0, style=Style(bgcolor=Color('#272727', ColorType.TRUECOLOR, triplet=ColorTriplet(red=39, green=39, blue=39)))) >>> MidiRouterApp(title='MidiRouterApp', classes={'-dark-mode'}, pseudo_classes={'focus', 'dark'}) method=None
MouseMove(ListView(), x=60, y=38, pointer_x=60.0, pointer_y=38.0, delta_x=2, delta_y=7, screen_x=61.0, screen_y=40.0, style=Style(bgcolor=Color('#272727', ColorType.TRUECOLOR, triplet=ColorTriplet(red=39, green=39, blue=39)))) >>> ListView() method=None
MouseMove(ListView(), x=60, y=38, pointer_x=60.0, pointer_y=38.0, delta_x=2, delta_y=7, screen_x=61.0, screen_y=40.0, style=Style(bgcolor=Color('#272727', ColorType.TRUECOLOR, triplet=ColorTriplet(red=39, green=39, blue=39)))) >>> Routes(id='routes-view') method=None
MouseMove(ListView(), x=60, y=38, pointer_x=60.0, pointer_y=38.0, delta_x=2, delta_y=7, screen_x=61.0, screen_y=40.0, style=Style(bgcolor=Color('#272727', ColorType.TRUECOLOR, triplet=ColorTriplet(red=39, green=39, blue=39)))) >>> Horizontal() method=None
MouseMove(ListView(), x=60, y=38, pointer_x=60.0, pointer_y=38.0, delta_x=2, delta_y=7, screen_x=61.0, screen_y=40.0, style=Style(bgcolor=Color('#272727', ColorType.TRUECOLOR, triplet=ColorTriplet(red=39, green=39, blue=39)))) >>> MainScreen() method=None
MouseMove(ListView(), x=60, y=38, pointer_x=60.0, pointer_y=38.0, delta_x=2, delta_y=7, screen_x=61.0, screen_y=40.0, style=Style(bgcolor=Color('#272727', ColorType.TRUECOLOR, triplet=ColorTriplet(red=39, green=39, blue=39)))) >>> MidiRouterApp(title='MidiRouterApp', classes={'-dark-mode'}, pseudo_classes={'focus', 'dark'}) method=None
MouseMove(ListView(), x=60, y=41, pointer_x=60.0, pointer_y=41.0, delta_y=3, screen_x=61.0, screen_y=43.0, style=Style(bgcolor=Color('#272727', ColorType.TRUECOLOR, triplet=ColorTriplet(red=39, green=39, blue=39)))) >>> ListView() method=None
MouseMove(ListView(), x=60, y=41, pointer_x=60.0, pointer_y=41.0, delta_y=3, screen_x=61.0, screen_y=43.0, style=Style(bgcolor=Color('#272727', ColorType.TRUECOLOR, triplet=ColorTriplet(red=39, green=39, blue=39)))) >>> Routes(id='routes-view') method=None
MouseMove(ListView(), x=60, y=41, pointer_x=60.0, pointer_y=41.0, delta_y=3, screen_x=61.0, screen_y=43.0, style=Style(bgcolor=Color('#272727', ColorType.TRUECOLOR, triplet=ColorTriplet(red=39, green=39, blue=39)))) >>> Horizontal() method=None
MouseMove(ListView(), x=60, y=41, pointer_x=60.0, pointer_y=41.0, delta_y=3, screen_x=61.0, screen_y=43.0, style=Style(bgcolor=Color('#272727', ColorType.TRUECOLOR, triplet=ColorTriplet(red=39, green=39, blue=39)))) >>> MainScreen() method=None
MouseMove(ListView(), x=60, y=41, pointer_x=60.0, pointer_y=41.0, delta_y=3, screen_x=61.0, screen_y=43.0, style=Style(bgcolor=Color('#272727', ColorType.TRUECOLOR, triplet=ColorTriplet(red=39, green=39, blue=39)))) >>> MidiRouterApp(title='MidiRouterApp', classes={'-dark-mode'}, pseudo_classes={'focus', 'dark'}) method=None
MouseMove(ListView(), x=61, y=42, pointer_x=61.0, pointer_y=42.0, delta_x=1, delta_y=1, screen_x=62.0, screen_y=44.0, style=Style(bgcolor=Color('#272727', ColorType.TRUECOLOR, triplet=ColorTriplet(red=39, green=39, blue=39)))) >>> ListView() method=None
MouseMove(ListView(), x=61, y=42, pointer_x=61.0, pointer_y=42.0, delta_x=1, delta_y=1, screen_x=62.0, screen_y=44.0, style=Style(bgcolor=Color('#272727', ColorType.TRUECOLOR, triplet=ColorTriplet(red=39, green=39, blue=39)))) >>> Routes(id='routes-view') method=None
MouseMove(ListView(), x=61, y=42, pointer_x=61.0, pointer_y=42.0, delta_x=1, delta_y=1, screen_x=62.0, screen_y=44.0, style=Style(bgcolor=Color('#272727', ColorType.TRUECOLOR, triplet=ColorTriplet(red=39, green=39, blue=39)))) >>> Horizontal() method=None
MouseMove(ListView(), x=61, y=42, pointer_x=61.0, pointer_y=42.0, delta_x=1, delta_y=1, screen_x=62.0, screen_y=44.0, style=Style(bgcolor=Color('#272727', ColorType.TRUECOLOR, triplet=ColorTriplet(red=39, green=39, blue=39)))) >>> MainScreen() method=None
MouseMove(ListView(), x=61, y=42, pointer_x=61.0, pointer_y=42.0, delta_x=1, delta_y=1, screen_x=62.0, screen_y=44.0, style=Style(bgcolor=Color('#272727', ColorType.TRUECOLOR, triplet=ColorTriplet(red=39, green=39, blue=39)))) >>> MidiRouterApp(title='MidiRouterApp', classes={'-dark-mode'}, pseudo_classes={'focus', 'dark'}) method=None
MouseMove(ListView(), x=62, y=43, pointer_x=62.0, pointer_y=43.0, delta_x=1, delta_y=1, screen_x=63.0, screen_y=45.0, style=Style(bgcolor=Color('#272727', ColorType.TRUECOLOR, triplet=ColorTriplet(red=39, green=39, blue=39)))) >>> ListView() method=None
MouseMove(ListView(), x=62, y=43, pointer_x=62.0, pointer_y=43.0, delta_x=1, delta_y=1, screen_x=63.0, screen_y=45.0, style=Style(bgcolor=Color('#272727', ColorType.TRUECOLOR, triplet=ColorTriplet(red=39, green=39, blue=39)))) >>> Routes(id='routes-view') method=None
MouseMove(ListView(), x=62, y=43, pointer_x=62.0, pointer_y=43.0, delta_x=1, delta_y=1, screen_x=63.0, screen_y=45.0, style=Style(bgcolor=Color('#272727', ColorType.TRUECOLOR, triplet=ColorTriplet(red=39, green=39, blue=39)))) >>> Horizontal() method=None
MouseMove(ListView(), x=62, y=43, pointer_x=62.0, pointer_y=43.0, delta_x=1, delta_y=1, screen_x=63.0, screen_y=45.0, style=Style(bgcolor=Color('#272727', ColorType.TRUECOLOR, triplet=ColorTriplet(red=39, green=39, blue=39)))) >>> MainScreen() method=None
MouseMove(ListView(), x=62, y=43, pointer_x=62.0, pointer_y=43.0, delta_x=1, delta_y=1, screen_x=63.0, screen_y=45.0, style=Style(bgcolor=Color('#272727', ColorType.TRUECOLOR, triplet=ColorTriplet(red=39, green=39, blue=39)))) >>> MidiRouterApp(title='MidiRouterApp', classes={'-dark-mode'}, pseudo_classes={'focus', 'dark'}) method=None
MouseMove(ListView(), x=63, y=44, pointer_x=63.0, pointer_y=44.0, delta_x=1, delta_y=1, screen_x=64.0, screen_y=46.0, style=Style(bgcolor=Color('#272727', ColorType.TRUECOLOR, triplet=ColorTriplet(red=39, green=39, blue=39)))) >>> ListView() method=None
MouseMove(ListView(), x=63, y=44, pointer_x=63.0, pointer_y=44.0, delta_x=1, delta_y=1, screen_x=64.0, screen_y=46.0, style=Style(bgcolor=Color('#272727', ColorType.TRUECOLOR, triplet=ColorTriplet(red=39, green=39, blue=39)))) >>> Routes(id='routes-view') method=None
MouseMove(ListView(), x=63, y=44, pointer_x=63.0, pointer_y=44.0, delta_x=1, delta_y=1, screen_x=64.0, screen_y=46.0, style=Style(bgcolor=Color('#272727', ColorType.TRUECOLOR, triplet=ColorTriplet(red=39, green=39, blue=39)))) >>> Horizontal() method=None
MouseMove(ListView(), x=63, y=44, pointer_x=63.0, pointer_y=44.0, delta_x=1, delta_y=1, screen_x=64.0, screen_y=46.0, style=Style(bgcolor=Color('#272727', ColorType.TRUECOLOR, triplet=ColorTriplet(red=39, green=39, blue=39)))) >>> MainScreen() method=None
MouseMove(ListView(), x=63, y=44, pointer_x=63.0, pointer_y=44.0, delta_x=1, delta_y=1, screen_x=64.0, screen_y=46.0, style=Style(bgcolor=Color('#272727', ColorType.TRUECOLOR, triplet=ColorTriplet(red=39, green=39, blue=39)))) >>> MidiRouterApp(title='MidiRouterApp', classes={'-dark-mode'}, pseudo_classes={'focus', 'dark'}) method=None
Leave() >>> ListView() method=<Widget.on_leave>
Enter() >>> Footer() method=<Widget.on_enter>
MouseMove(Footer(), x=66, y=0, pointer_x=66.0, pointer_y=0.0, delta_x=2, delta_y=2, screen_y=48.0, style=Style(bgcolor=Color('#242f38', ColorType.TRUECOLOR, triplet=ColorTriplet(red=36, green=47, blue=56)))) >>> Footer() method=None
Leave() >>> Routes(id='routes-view') method=<Widget.on_leave>
Enter() >>> MainScreen() method=<Widget.on_enter>
MouseMove(Footer(), x=66, y=0, pointer_x=66.0, pointer_y=0.0, delta_x=2, delta_y=2, screen_y=48.0, style=Style(bgcolor=Color('#242f38', ColorType.TRUECOLOR, triplet=ColorTriplet(red=36, green=47, blue=56)))) >>> MainScreen() method=None
Leave() >>> Horizontal() method=<Widget.on_leave>
Enter() >>> MidiRouterApp(title='MidiRouterApp', classes={'-dark-mode'}, pseudo_classes={'focus', 'dark'}) method=None
MouseMove(Footer(), x=66, y=0, pointer_x=66.0, pointer_y=0.0, delta_x=2, delta_y=2, screen_y=48.0, style=Style(bgcolor=Color('#242f38', ColorType.TRUECOLOR, triplet=ColorTriplet(red=36, green=47, blue=56)))) >>> MidiRouterApp(title='MidiRouterApp', classes={'-dark-mode'}, pseudo_classes={'focus', 'dark'}) method=None
Leave() >>> MainScreen() method=<Widget.on_leave>
Leave() >>> MidiRouterApp(title='MidiRouterApp', classes={'-dark-mode'}, pseudo_classes={'focus', 'dark'}) method=None
MouseMove(Footer(), x=76, y=0, pointer_x=76.0, pointer_y=0.0, delta_x=10, screen_y=48.0, style=Style(bgcolor=Color('#242f38', ColorType.TRUECOLOR, triplet=ColorTriplet(red=36, green=47, blue=56)))) >>> Footer() method=None
MouseMove(Footer(), x=76, y=0, pointer_x=76.0, pointer_y=0.0, delta_x=10, screen_y=48.0, style=Style(bgcolor=Color('#242f38', ColorType.TRUECOLOR, triplet=ColorTriplet(red=36, green=47, blue=56)))) >>> MainScreen() method=None
MouseMove(Footer(), x=76, y=0, pointer_x=76.0, pointer_y=0.0, delta_x=10, screen_y=48.0, style=Style(bgcolor=Color('#242f38', ColorType.TRUECOLOR, triplet=ColorTriplet(red=36, green=47, blue=56)))) >>> MidiRouterApp(title='MidiRouterApp', classes={'-dark-mode'}, pseudo_classes={'focus', 'dark'}) method=None
MouseMove(Footer(), x=77, y=0, pointer_x=77.0, pointer_y=0.0, delta_x=1, screen_y=48.0, style=Style(bgcolor=Color('#242f38', ColorType.TRUECOLOR, triplet=ColorTriplet(red=36, green=47, blue=56)))) >>> Footer() method=None
MouseMove(Footer(), x=77, y=0, pointer_x=77.0, pointer_y=0.0, delta_x=1, screen_y=48.0, style=Style(bgcolor=Color('#242f38', ColorType.TRUECOLOR, triplet=ColorTriplet(red=36, green=47, blue=56)))) >>> MainScreen() method=None
MouseMove(Footer(), x=77, y=0, pointer_x=77.0, pointer_y=0.0, delta_x=1, screen_y=48.0, style=Style(bgcolor=Color('#242f38', ColorType.TRUECOLOR, triplet=ColorTriplet(red=36, green=47, blue=56)))) >>> MidiRouterApp(title='MidiRouterApp', classes={'-dark-mode'}, pseudo_classes={'focus', 'dark'}) method=None
MouseMove(Footer(), x=78, y=0, pointer_x=78.0, pointer_y=0.0, delta_x=1, screen_y=48.0, style=Style(bgcolor=Color('#242f38', ColorType.TRUECOLOR, triplet=ColorTriplet(red=36, green=47, blue=56)))) >>> Footer() method=None
MouseMove(Footer(), x=78, y=0, pointer_x=78.0, pointer_y=0.0, delta_x=1, screen_y=48.0, style=Style(bgcolor=Color('#242f38', ColorType.TRUECOLOR, triplet=ColorTriplet(red=36, green=47, blue=56)))) >>> MainScreen() method=None
MouseMove(Footer(), x=78, y=0, pointer_x=78.0, pointer_y=0.0, delta_x=1, screen_y=48.0, style=Style(bgcolor=Color('#242f38', ColorType.TRUECOLOR, triplet=ColorTriplet(red=36, green=47, blue=56)))) >>> MidiRouterApp(title='MidiRouterApp', classes={'-dark-mode'}, pseudo_classes={'focus', 'dark'}) method=None
Leave() >>> Footer() method=<Widget.on_leave>
Enter() >>> Routes(id='routes-view') method=<Widget.on_enter>
MouseMove(Routes(id='routes-view'), x=78, y=46, pointer_x=78.0, pointer_y=46.0, delta_y=-1, screen_y=47.0, style=Style(color=Color('#ff0000', ColorType.TRUECOLOR, triplet=ColorTriplet(red=255, green=0, blue=0)), bgcolor=Color('#121212', ColorType.TRUECOLOR, triplet=ColorTriplet(red=18, green=18, blue=18)))) >>> Routes(id='routes-view') method=None
Leave() >>> MainScreen() method=<Widget.on_leave>
Enter() >>> Horizontal() method=<Widget.on_enter>
MouseMove(Routes(id='routes-view'), x=78, y=46, pointer_x=78.0, pointer_y=46.0, delta_y=-1, screen_y=47.0, style=Style(color=Color('#ff0000', ColorType.TRUECOLOR, triplet=ColorTriplet(red=255, green=0, blue=0)), bgcolor=Color('#121212', ColorType.TRUECOLOR, triplet=ColorTriplet(red=18, green=18, blue=18)))) >>> Horizontal() method=None
Leave() >>> MidiRouterApp(title='MidiRouterApp', classes={'-dark-mode'}, pseudo_classes={'focus', 'dark'}) method=None
Enter() >>> MainScreen() method=<Widget.on_enter>
MouseMove(Routes(id='routes-view'), x=78, y=46, pointer_x=78.0, pointer_y=46.0, delta_y=-1, screen_y=47.0, style=Style(color=Color('#ff0000', ColorType.TRUECOLOR, triplet=ColorTriplet(red=255, green=0, blue=0)), bgcolor=Color('#121212', ColorType.TRUECOLOR, triplet=ColorTriplet(red=18, green=18, blue=18)))) >>> MainScreen() method=None
Enter() >>> MidiRouterApp(title='MidiRouterApp', classes={'-dark-mode'}, pseudo_classes={'focus', 'dark'}) method=None
MouseMove(Routes(id='routes-view'), x=78, y=46, pointer_x=78.0, pointer_y=46.0, delta_y=-1, screen_y=47.0, style=Style(color=Color('#ff0000', ColorType.TRUECOLOR, triplet=ColorTriplet(red=255, green=0, blue=0)), bgcolor=Color('#121212', ColorType.TRUECOLOR, triplet=ColorTriplet(red=18, green=18, blue=18)))) >>> MidiRouterApp(title='MidiRouterApp', classes={'-dark-mode'}, pseudo_classes={'focus', 'dark'}) method=None
MouseMove(Routes(id='routes-view'), x=77, y=46, pointer_x=77.0, pointer_y=46.0, delta_x=-1, screen_y=47.0, style=Style(color=Color('#ff0000', ColorType.TRUECOLOR, triplet=ColorTriplet(red=255, green=0, blue=0)), bgcolor=Color('#121212', ColorType.TRUECOLOR, triplet=ColorTriplet(red=18, green=18, blue=18)))) >>> Routes(id='routes-view') method=None
MouseMove(Routes(id='routes-view'), x=77, y=46, pointer_x=77.0, pointer_y=46.0, delta_x=-1, screen_y=47.0, style=Style(color=Color('#ff0000', ColorType.TRUECOLOR, triplet=ColorTriplet(red=255, green=0, blue=0)), bgcolor=Color('#121212', ColorType.TRUECOLOR, triplet=ColorTriplet(red=18, green=18, blue=18)))) >>> Horizontal() method=None
MouseMove(Routes(id='routes-view'), x=77, y=46, pointer_x=77.0, pointer_y=46.0, delta_x=-1, screen_y=47.0, style=Style(color=Color('#ff0000', ColorType.TRUECOLOR, triplet=ColorTriplet(red=255, green=0, blue=0)), bgcolor=Color('#121212', ColorType.TRUECOLOR, triplet=ColorTriplet(red=18, green=18, blue=18)))) >>> MainScreen() method=None
MouseMove(Routes(id='routes-view'), x=77, y=46, pointer_x=77.0, pointer_y=46.0, delta_x=-1, screen_y=47.0, style=Style(color=Color('#ff0000', ColorType.TRUECOLOR, triplet=ColorTriplet(red=255, green=0, blue=0)), bgcolor=Color('#121212', ColorType.TRUECOLOR, triplet=ColorTriplet(red=18, green=18, blue=18)))) >>> MidiRouterApp(title='MidiRouterApp', classes={'-dark-mode'}, pseudo_classes={'focus', 'dark'}) method=None
MouseMove(Routes(id='routes-view'), x=76, y=46, pointer_x=76.0, pointer_y=46.0, delta_x=-1, screen_y=47.0, style=Style(color=Color('#ff0000', ColorType.TRUECOLOR, triplet=ColorTriplet(red=255, green=0, blue=0)), bgcolor=Color('#121212', ColorType.TRUECOLOR, triplet=ColorTriplet(red=18, green=18, blue=18)))) >>> Routes(id='routes-view') method=None
MouseMove(Routes(id='routes-view'), x=76, y=46, pointer_x=76.0, pointer_y=46.0, delta_x=-1, screen_y=47.0, style=Style(color=Color('#ff0000', ColorType.TRUECOLOR, triplet=ColorTriplet(red=255, green=0, blue=0)), bgcolor=Color('#121212', ColorType.TRUECOLOR, triplet=ColorTriplet(red=18, green=18, blue=18)))) >>> Horizontal() method=None
MouseMove(Routes(id='routes-view'), x=76, y=46, pointer_x=76.0, pointer_y=46.0, delta_x=-1, screen_y=47.0, style=Style(color=Color('#ff0000', ColorType.TRUECOLOR, triplet=ColorTriplet(red=255, green=0, blue=0)), bgcolor=Color('#121212', ColorType.TRUECOLOR, triplet=ColorTriplet(red=18, green=18, blue=18)))) >>> MainScreen() method=None
MouseMove(Routes(id='routes-view'), x=76, y=46, pointer_x=76.0, pointer_y=46.0, delta_x=-1, screen_y=47.0, style=Style(color=Color('#ff0000', ColorType.TRUECOLOR, triplet=ColorTriplet(red=255, green=0, blue=0)), bgcolor=Color('#121212', ColorType.TRUECOLOR, triplet=ColorTriplet(red=18, green=18, blue=18)))) >>> MidiRouterApp(title='MidiRouterApp', classes={'-dark-mode'}, pseudo_classes={'focus', 'dark'}) method=None
MouseMove(Routes(id='routes-view'), x=75, y=46, pointer_x=75.0, pointer_y=46.0, delta_x=-1, screen_y=47.0, style=Style(color=Color('#ff0000', ColorType.TRUECOLOR, triplet=ColorTriplet(red=255, green=0, blue=0)), bgcolor=Color('#121212', ColorType.TRUECOLOR, triplet=ColorTriplet(red=18, green=18, blue=18)))) >>> Routes(id='routes-view') method=None
MouseMove(Routes(id='routes-view'), x=75, y=46, pointer_x=75.0, pointer_y=46.0, delta_x=-1, screen_y=47.0, style=Style(color=Color('#ff0000', ColorType.TRUECOLOR, triplet=ColorTriplet(red=255, green=0, blue=0)), bgcolor=Color('#121212', ColorType.TRUECOLOR, triplet=ColorTriplet(red=18, green=18, blue=18)))) >>> Horizontal() method=None
MouseMove(Routes(id='routes-view'), x=75, y=46, pointer_x=75.0, pointer_y=46.0, delta_x=-1, screen_y=47.0, style=Style(color=Color('#ff0000', ColorType.TRUECOLOR, triplet=ColorTriplet(red=255, green=0, blue=0)), bgcolor=Color('#121212', ColorType.TRUECOLOR, triplet=ColorTriplet(red=18, green=18, blue=18)))) >>> MainScreen() method=None
MouseMove(Routes(id='routes-view'), x=75, y=46, pointer_x=75.0, pointer_y=46.0, delta_x=-1, screen_y=47.0, style=Style(color=Color('#ff0000', ColorType.TRUECOLOR, triplet=ColorTriplet(red=255, green=0, blue=0)), bgcolor=Color('#121212', ColorType.TRUECOLOR, triplet=ColorTriplet(red=18, green=18, blue=18)))) >>> MidiRouterApp(title='MidiRouterApp', classes={'-dark-mode'}, pseudo_classes={'focus', 'dark'}) method=None
MouseMove(Routes(id='routes-view'), x=74, y=46, pointer_x=74.0, pointer_y=46.0, delta_x=-1, screen_y=47.0, style=Style(color=Color('#ff0000', ColorType.TRUECOLOR, triplet=ColorTriplet(red=255, green=0, blue=0)), bgcolor=Color('#121212', ColorType.TRUECOLOR, triplet=ColorTriplet(red=18, green=18, blue=18)))) >>> Routes(id='routes-view') method=None
MouseMove(Routes(id='routes-view'), x=74, y=46, pointer_x=74.0, pointer_y=46.0, delta_x=-1, screen_y=47.0, style=Style(color=Color('#ff0000', ColorType.TRUECOLOR, triplet=ColorTriplet(red=255, green=0, blue=0)), bgcolor=Color('#121212', ColorType.TRUECOLOR, triplet=ColorTriplet(red=18, green=18, blue=18)))) >>> Horizontal() method=None
MouseMove(Routes(id='routes-view'), x=74, y=46, pointer_x=74.0, pointer_y=46.0, delta_x=-1, screen_y=47.0, style=Style(color=Color('#ff0000', ColorType.TRUECOLOR, triplet=ColorTriplet(red=255, green=0, blue=0)), bgcolor=Color('#121212', ColorType.TRUECOLOR, triplet=ColorTriplet(red=18, green=18, blue=18)))) >>> MainScreen() method=None
MouseMove(Routes(id='routes-view'), x=74, y=46, pointer_x=74.0, pointer_y=46.0, delta_x=-1, screen_y=47.0, style=Style(color=Color('#ff0000', ColorType.TRUECOLOR, triplet=ColorTriplet(red=255, green=0, blue=0)), bgcolor=Color('#121212', ColorType.TRUECOLOR, triplet=ColorTriplet(red=18, green=18, blue=18)))) >>> MidiRouterApp(title='MidiRouterApp', classes={'-dark-mode'}, pseudo_classes={'focus', 'dark'}) method=None
MouseMove(Routes(id='routes-view'), x=73, y=46, pointer_x=73.0, pointer_y=46.0, delta_x=-1, screen_y=47.0, style=Style(color=Color('#ff0000', ColorType.TRUECOLOR, triplet=ColorTriplet(red=255, green=0, blue=0)), bgcolor=Color('#121212', ColorType.TRUECOLOR, triplet=ColorTriplet(red=18, green=18, blue=18)))) >>> Routes(id='routes-view') method=None
MouseMove(Routes(id='routes-view'), x=73, y=46, pointer_x=73.0, pointer_y=46.0, delta_x=-1, screen_y=47.0, style=Style(color=Color('#ff0000', ColorType.TRUECOLOR, triplet=ColorTriplet(red=255, green=0, blue=0)), bgcolor=Color('#121212', ColorType.TRUECOLOR, triplet=ColorTriplet(red=18, green=18, blue=18)))) >>> Horizontal() method=None
MouseMove(Routes(id='routes-view'), x=73, y=46, pointer_x=73.0, pointer_y=46.0, delta_x=-1, screen_y=47.0, style=Style(color=Color('#ff0000', ColorType.TRUECOLOR, triplet=ColorTriplet(red=255, green=0, blue=0)), bgcolor=Color('#121212', ColorType.TRUECOLOR, triplet=ColorTriplet(red=18, green=18, blue=18)))) >>> MainScreen() method=None
MouseMove(Routes(id='routes-view'), x=73, y=46, pointer_x=73.0, pointer_y=46.0, delta_x=-1, screen_y=47.0, style=Style(color=Color('#ff0000', ColorType.TRUECOLOR, triplet=ColorTriplet(red=255, green=0, blue=0)), bgcolor=Color('#121212', ColorType.TRUECOLOR, triplet=ColorTriplet(red=18, green=18, blue=18)))) >>> MidiRouterApp(title='MidiRouterApp', classes={'-dark-mode'}, pseudo_classes={'focus', 'dark'}) method=None
MouseMove(Routes(id='routes-view'), x=72, y=46, pointer_x=72.0, pointer_y=46.0, delta_x=-1, screen_y=47.0, style=Style(color=Color('#ff0000', ColorType.TRUECOLOR, triplet=ColorTriplet(red=255, green=0, blue=0)), bgcolor=Color('#121212', ColorType.TRUECOLOR, triplet=ColorTriplet(red=18, green=18, blue=18)))) >>> Routes(id='routes-view') method=None
MouseMove(Routes(id='routes-view'), x=72, y=46, pointer_x=72.0, pointer_y=46.0, delta_x=-1, screen_y=47.0, style=Style(color=Color('#ff0000', ColorType.TRUECOLOR, triplet=ColorTriplet(red=255, green=0, blue=0)), bgcolor=Color('#121212', ColorType.TRUECOLOR, triplet=ColorTriplet(red=18, green=18, blue=18)))) >>> Horizontal() method=None
MouseMove(Routes(id='routes-view'), x=72, y=46, pointer_x=72.0, pointer_y=46.0, delta_x=-1, screen_y=47.0, style=Style(color=Color('#ff0000', ColorType.TRUECOLOR, triplet=ColorTriplet(red=255, green=0, blue=0)), bgcolor=Color('#121212', ColorType.TRUECOLOR, triplet=ColorTriplet(red=18, green=18, blue=18)))) >>> MainScreen() method=None
MouseMove(Routes(id='routes-view'), x=72, y=46, pointer_x=72.0, pointer_y=46.0, delta_x=-1, screen_y=47.0, style=Style(color=Color('#ff0000', ColorType.TRUECOLOR, triplet=ColorTriplet(red=255, green=0, blue=0)), bgcolor=Color('#121212', ColorType.TRUECOLOR, triplet=ColorTriplet(red=18, green=18, blue=18)))) >>> MidiRouterApp(title='MidiRouterApp', classes={'-dark-mode'}, pseudo_classes={'focus', 'dark'}) method=None
Leave() >>> Routes(id='routes-view') method=<Widget.on_leave>
Enter() >>> Footer() method=<Widget.on_enter>
MouseMove(Footer(), x=72, y=0, pointer_x=72.0, pointer_y=0.0, delta_y=1, screen_y=48.0, style=Style(bgcolor=Color('#242f38', ColorType.TRUECOLOR, triplet=ColorTriplet(red=36, green=47, blue=56)))) >>> Footer() method=None
Leave() >>> Horizontal() method=<Widget.on_leave>
Enter() >>> MainScreen() method=<Widget.on_enter>
MouseMove(Footer(), x=72, y=0, pointer_x=72.0, pointer_y=0.0, delta_y=1, screen_y=48.0, style=Style(bgcolor=Color('#242f38', ColorType.TRUECOLOR, triplet=ColorTriplet(red=36, green=47, blue=56)))) >>> MainScreen() method=None
Leave() >>> MainScreen() method=<Widget.on_leave>
Enter() >>> MidiRouterApp(title='MidiRouterApp', classes={'-dark-mode'}, pseudo_classes={'focus', 'dark'}) method=None
MouseMove(Footer(), x=72, y=0, pointer_x=72.0, pointer_y=0.0, delta_y=1, screen_y=48.0, style=Style(bgcolor=Color('#242f38', ColorType.TRUECOLOR, triplet=ColorTriplet(red=36, green=47, blue=56)))) >>> MidiRouterApp(title='MidiRouterApp', classes={'-dark-mode'}, pseudo_classes={'focus', 'dark'}) method=None
Leave() >>> MidiRouterApp(title='MidiRouterApp', classes={'-dark-mode'}, pseudo_classes={'focus', 'dark'}) method=None
MouseMove(Footer(), x=71, y=0, pointer_x=71.0, pointer_y=0.0, delta_x=-1, screen_y=48.0, style=Style(bgcolor=Color('#242f38', ColorType.TRUECOLOR, triplet=ColorTriplet(red=36, green=47, blue=56)))) >>> Footer() method=None
MouseMove(Footer(), x=71, y=0, pointer_x=71.0, pointer_y=0.0, delta_x=-1, screen_y=48.0, style=Style(bgcolor=Color('#242f38', ColorType.TRUECOLOR, triplet=ColorTriplet(red=36, green=47, blue=56)))) >>> MainScreen() method=None
MouseMove(Footer(), x=71, y=0, pointer_x=71.0, pointer_y=0.0, delta_x=-1, screen_y=48.0, style=Style(bgcolor=Color('#242f38', ColorType.TRUECOLOR, triplet=ColorTriplet(red=36, green=47, blue=56)))) >>> MidiRouterApp(title='MidiRouterApp', classes={'-dark-mode'}, pseudo_classes={'focus', 'dark'}) method=None
MouseDown(None, x=71, y=0, pointer_x=71.0, pointer_y=0.0, screen_y=48.0, button=1, style=Style(bgcolor=Color('#242f38', ColorType.TRUECOLOR, triplet=ColorTriplet(red=36, green=47, blue=56)))) >>> Footer() method=<Widget.on_mouse_down>
MouseDown(None, x=71, y=0, pointer_x=71.0, pointer_y=0.0, screen_y=48.0, button=1, style=Style(bgcolor=Color('#242f38', ColorType.TRUECOLOR, triplet=ColorTriplet(red=36, green=47, blue=56)))) >>> MainScreen() method=<Widget.on_mouse_down>
MouseDown(None, x=71, y=0, pointer_x=71.0, pointer_y=0.0, screen_y=48.0, button=1, style=Style(bgcolor=Color('#242f38', ColorType.TRUECOLOR, triplet=ColorTriplet(red=36, green=47, blue=56)))) >>> MidiRouterApp(title='MidiRouterApp', classes={'-dark-mode'}, pseudo_classes={'focus', 'dark'}) method=None
MouseUp(None, x=71, y=0, pointer_x=71.0, pointer_y=0.0, screen_y=48.0, button=1, style=Style(bgcolor=Color('#242f38', ColorType.TRUECOLOR, triplet=ColorTriplet(red=36, green=47, blue=56)))) >>> Footer() method=<Widget.on_mouse_up>
Click(Footer(), x=71, y=0, pointer_x=71, pointer_y=0, screen_y=48, button=1, style=Style(bgcolor=Color('#242f38', ColorType.TRUECOLOR, triplet=ColorTriplet(red=36, green=47, blue=56))), chain=1) >>> Footer() method=<Widget.on_click>
MouseUp(None, x=71, y=0, pointer_x=71.0, pointer_y=0.0, screen_y=48.0, button=1, style=Style(bgcolor=Color('#242f38', ColorType.TRUECOLOR, triplet=ColorTriplet(red=36, green=47, blue=56)))) >>> MainScreen() method=<Widget.on_mouse_up>
Click(Footer(), x=71, y=0, pointer_x=71, pointer_y=0, screen_y=48, button=1, style=Style(bgcolor=Color('#242f38', ColorType.TRUECOLOR, triplet=ColorTriplet(red=36, green=47, blue=56))), chain=1) >>> MainScreen() method=<Widget.on_click>
MouseUp(None, x=71, y=0, pointer_x=71.0, pointer_y=0.0, screen_y=48.0, button=1, style=Style(bgcolor=Color('#242f38', ColorType.TRUECOLOR, triplet=ColorTriplet(red=36, green=47, blue=56)))) >>> MidiRouterApp(title='MidiRouterApp', classes={'-dark-mode'}, pseudo_classes={'focus', 'dark'}) method=None
Click(Footer(), x=71, y=0, pointer_x=71, pointer_y=0, screen_y=48, button=1, style=Style(bgcolor=Color('#242f38', ColorType.TRUECOLOR, triplet=ColorTriplet(red=36, green=47, blue=56))), chain=1) >>> MidiRouterApp(title='MidiRouterApp', classes={'-dark-mode'}, pseudo_classes={'focus', 'dark'}) method=None
Leave() >>> Footer() method=<Widget.on_leave>
Enter() >>> ListView() method=<Widget.on_enter>
MouseMove(ListView(), x=71, y=43, pointer_x=71.0, pointer_y=43.0, delta_x=1, delta_y=-3, screen_x=72.0, screen_y=45.0, style=Style(bgcolor=Color('#272727', ColorType.TRUECOLOR, triplet=ColorTriplet(red=39, green=39, blue=39)))) >>> ListView() method=None
Leave() >>> MainScreen() method=<Widget.on_leave>
Enter() >>> Routes(id='routes-view') method=<Widget.on_enter>
MouseMove(ListView(), x=71, y=43, pointer_x=71.0, pointer_y=43.0, delta_x=1, delta_y=-3, screen_x=72.0, screen_y=45.0, style=Style(bgcolor=Color('#272727', ColorType.TRUECOLOR, triplet=ColorTriplet(red=39, green=39, blue=39)))) >>> Routes(id='routes-view') method=None
Leave() >>> MidiRouterApp(title='MidiRouterApp', classes={'-dark-mode'}, pseudo_classes={'focus', 'dark'}) method=None
Enter() >>> Horizontal() method=<Widget.on_enter>
MouseMove(ListView(), x=71, y=43, pointer_x=71.0, pointer_y=43.0, delta_x=1, delta_y=-3, screen_x=72.0, screen_y=45.0, style=Style(bgcolor=Color('#272727', ColorType.TRUECOLOR, triplet=ColorTriplet(red=39, green=39, blue=39)))) >>> Horizontal() method=None
Enter() >>> MainScreen() method=<Widget.on_enter>
MouseMove(ListView(), x=71, y=43, pointer_x=71.0, pointer_y=43.0, delta_x=1, delta_y=-3, screen_x=72.0, screen_y=45.0, style=Style(bgcolor=Color('#272727', ColorType.TRUECOLOR, triplet=ColorTriplet(red=39, green=39, blue=39)))) >>> MainScreen() method=None
Enter() >>> MidiRouterApp(title='MidiRouterApp', classes={'-dark-mode'}, pseudo_classes={'focus', 'dark'}) method=None
MouseMove(ListView(), x=71, y=43, pointer_x=71.0, pointer_y=43.0, delta_x=1, delta_y=-3, screen_x=72.0, screen_y=45.0, style=Style(bgcolor=Color('#272727', ColorType.TRUECOLOR, triplet=ColorTriplet(red=39, green=39, blue=39)))) >>> MidiRouterApp(title='MidiRouterApp', classes={'-dark-mode'}, pseudo_classes={'focus', 'dark'}) method=None
MouseMove(ListView(), x=72, y=39, pointer_x=72.0, pointer_y=39.0, delta_x=1, delta_y=-4, screen_x=73.0, screen_y=41.0, style=Style(bgcolor=Color('#272727', ColorType.TRUECOLOR, triplet=ColorTriplet(red=39, green=39, blue=39)))) >>> ListView() method=None
MouseMove(ListView(), x=72, y=39, pointer_x=72.0, pointer_y=39.0, delta_x=1, delta_y=-4, screen_x=73.0, screen_y=41.0, style=Style(bgcolor=Color('#272727', ColorType.TRUECOLOR, triplet=ColorTriplet(red=39, green=39, blue=39)))) >>> Routes(id='routes-view') method=None
MouseMove(ListView(), x=72, y=39, pointer_x=72.0, pointer_y=39.0, delta_x=1, delta_y=-4, screen_x=73.0, screen_y=41.0, style=Style(bgcolor=Color('#272727', ColorType.TRUECOLOR, triplet=ColorTriplet(red=39, green=39, blue=39)))) >>> Horizontal() method=None
MouseMove(ListView(), x=72, y=39, pointer_x=72.0, pointer_y=39.0, delta_x=1, delta_y=-4, screen_x=73.0, screen_y=41.0, style=Style(bgcolor=Color('#272727', ColorType.TRUECOLOR, triplet=ColorTriplet(red=39, green=39, blue=39)))) >>> MainScreen() method=None
MouseMove(ListView(), x=72, y=39, pointer_x=72.0, pointer_y=39.0, delta_x=1, delta_y=-4, screen_x=73.0, screen_y=41.0, style=Style(bgcolor=Color('#272727', ColorType.TRUECOLOR, triplet=ColorTriplet(red=39, green=39, blue=39)))) >>> MidiRouterApp(title='MidiRouterApp', classes={'-dark-mode'}, pseudo_classes={'focus', 'dark'}) method=None
MouseMove(ListView(), x=74, y=32, pointer_x=74.0, pointer_y=32.0, delta_x=2, delta_y=-7, screen_x=75.0, screen_y=34.0, style=Style(bgcolor=Color('#272727', ColorType.TRUECOLOR, triplet=ColorTriplet(red=39, green=39, blue=39)))) >>> ListView() method=None
MouseMove(ListView(), x=74, y=32, pointer_x=74.0, pointer_y=32.0, delta_x=2, delta_y=-7, screen_x=75.0, screen_y=34.0, style=Style(bgcolor=Color('#272727', ColorType.TRUECOLOR, triplet=ColorTriplet(red=39, green=39, blue=39)))) >>> Routes(id='routes-view') method=None
MouseMove(ListView(), x=74, y=32, pointer_x=74.0, pointer_y=32.0, delta_x=2, delta_y=-7, screen_x=75.0, screen_y=34.0, style=Style(bgcolor=Color('#272727', ColorType.TRUECOLOR, triplet=ColorTriplet(red=39, green=39, blue=39)))) >>> Horizontal() method=None
MouseMove(ListView(), x=74, y=32, pointer_x=74.0, pointer_y=32.0, delta_x=2, delta_y=-7, screen_x=75.0, screen_y=34.0, style=Style(bgcolor=Color('#272727', ColorType.TRUECOLOR, triplet=ColorTriplet(red=39, green=39, blue=39)))) >>> MainScreen() method=None
MouseMove(ListView(), x=74, y=32, pointer_x=74.0, pointer_y=32.0, delta_x=2, delta_y=-7, screen_x=75.0, screen_y=34.0, style=Style(bgcolor=Color('#272727', ColorType.TRUECOLOR, triplet=ColorTriplet(red=39, green=39, blue=39)))) >>> MidiRouterApp(title='MidiRouterApp', classes={'-dark-mode'}, pseudo_classes={'focus', 'dark'}) method=None
MouseMove(ListView(), x=76, y=28, pointer_x=76.0, pointer_y=28.0, delta_x=2, delta_y=-4, screen_x=77.0, screen_y=30.0, style=Style(bgcolor=Color('#272727', ColorType.TRUECOLOR, triplet=ColorTriplet(red=39, green=39, blue=39)))) >>> ListView() method=None
MouseMove(ListView(), x=76, y=28, pointer_x=76.0, pointer_y=28.0, delta_x=2, delta_y=-4, screen_x=77.0, screen_y=30.0, style=Style(bgcolor=Color('#272727', ColorType.TRUECOLOR, triplet=ColorTriplet(red=39, green=39, blue=39)))) >>> Routes(id='routes-view') method=None
MouseMove(ListView(), x=76, y=28, pointer_x=76.0, pointer_y=28.0, delta_x=2, delta_y=-4, screen_x=77.0, screen_y=30.0, style=Style(bgcolor=Color('#272727', ColorType.TRUECOLOR, triplet=ColorTriplet(red=39, green=39, blue=39)))) >>> Horizontal() method=None
MouseMove(ListView(), x=76, y=28, pointer_x=76.0, pointer_y=28.0, delta_x=2, delta_y=-4, screen_x=77.0, screen_y=30.0, style=Style(bgcolor=Color('#272727', ColorType.TRUECOLOR, triplet=ColorTriplet(red=39, green=39, blue=39)))) >>> MainScreen() method=None
MouseMove(ListView(), x=76, y=28, pointer_x=76.0, pointer_y=28.0, delta_x=2, delta_y=-4, screen_x=77.0, screen_y=30.0, style=Style(bgcolor=Color('#272727', ColorType.TRUECOLOR, triplet=ColorTriplet(red=39, green=39, blue=39)))) >>> MidiRouterApp(title='MidiRouterApp', classes={'-dark-mode'}, pseudo_classes={'focus', 'dark'}) method=None
MouseMove(ListView(), x=76, y=21, pointer_x=76.0, pointer_y=21.0, delta_y=-7, screen_x=77.0, screen_y=23.0, style=Style(bgcolor=Color('#272727', ColorType.TRUECOLOR, triplet=ColorTriplet(red=39, green=39, blue=39)))) >>> ListView() method=None
MouseMove(ListView(), x=76, y=21, pointer_x=76.0, pointer_y=21.0, delta_y=-7, screen_x=77.0, screen_y=23.0, style=Style(bgcolor=Color('#272727', ColorType.TRUECOLOR, triplet=ColorTriplet(red=39, green=39, blue=39)))) >>> Routes(id='routes-view') method=None
MouseMove(ListView(), x=76, y=21, pointer_x=76.0, pointer_y=21.0, delta_y=-7, screen_x=77.0, screen_y=23.0, style=Style(bgcolor=Color('#272727', ColorType.TRUECOLOR, triplet=ColorTriplet(red=39, green=39, blue=39)))) >>> Horizontal() method=None
MouseMove(ListView(), x=76, y=21, pointer_x=76.0, pointer_y=21.0, delta_y=-7, screen_x=77.0, screen_y=23.0, style=Style(bgcolor=Color('#272727', ColorType.TRUECOLOR, triplet=ColorTriplet(red=39, green=39, blue=39)))) >>> MainScreen() method=None
MouseMove(ListView(), x=76, y=21, pointer_x=76.0, pointer_y=21.0, delta_y=-7, screen_x=77.0, screen_y=23.0, style=Style(bgcolor=Color('#272727', ColorType.TRUECOLOR, triplet=ColorTriplet(red=39, green=39, blue=39)))) >>> MidiRouterApp(title='MidiRouterApp', classes={'-dark-mode'}, pseudo_classes={'focus', 'dark'}) method=None
Key(key='i', character='i', name='i', is_printable=True) >>> ListView() method=<Widget.on_key>
Key(key='i', character='i', name='i', is_printable=True) >>> Routes(id='routes-view') method=<Widget.on_key>
Key(key='i', character='i', name='i', is_printable=True) >>> Horizontal() method=<Widget.on_key>
Key(key='i', character='i', name='i', is_printable=True) >>> MainScreen() method=<Widget.on_key>
Key(key='i', character='i', name='i', is_printable=True) >>> MidiRouterApp(title='MidiRouterApp', classes={'-dark-mode'}, pseudo_classes={'focus', 'dark'}) method=<App.on_key>
Key(key='h', character='h', name='h', is_printable=True) >>> ListView() method=<Widget.on_key>
Key(key='h', character='h', name='h', is_printable=True) >>> Routes(id='routes-view') method=<Widget.on_key>
Key(key='h', character='h', name='h', is_printable=True) >>> Horizontal() method=<Widget.on_key>
Key(key='h', character='h', name='h', is_printable=True) >>> MainScreen() method=<Widget.on_key>
Key(key='h', character='h', name='h', is_printable=True) >>> MidiRouterApp(title='MidiRouterApp', classes={'-dark-mode'}, pseudo_classes={'focus', 'dark'}) method=<App.on_key>
Key(key='l', character='l', name='l', is_printable=True) >>> ListView() method=<Widget.on_key>
Key(key='l', character='l', name='l', is_printable=True) >>> Routes(id='routes-view') method=<Widget.on_key>
Key(key='l', character='l', name='l', is_printable=True) >>> Horizontal() method=<Widget.on_key>
Key(key='l', character='l', name='l', is_printable=True) >>> MainScreen() method=<Widget.on_key>
Key(key='l', character='l', name='l', is_printable=True) >>> MidiRouterApp(title='MidiRouterApp', classes={'-dark-mode'}, pseudo_classes={'focus', 'dark'}) method=<App.on_key>
MouseMove(ListView(), x=79, y=21, pointer_x=79.0, pointer_y=21.0, delta_x=3, screen_x=80.0, screen_y=23.0, style=Style(bgcolor=Color('#272727', ColorType.TRUECOLOR, triplet=ColorTriplet(red=39, green=39, blue=39)))) >>> ListView() method=None
MouseMove(ListView(), x=79, y=21, pointer_x=79.0, pointer_y=21.0, delta_x=3, screen_x=80.0, screen_y=23.0, style=Style(bgcolor=Color('#272727', ColorType.TRUECOLOR, triplet=ColorTriplet(red=39, green=39, blue=39)))) >>> Routes(id='routes-view') method=None
MouseMove(ListView(), x=79, y=21, pointer_x=79.0, pointer_y=21.0, delta_x=3, screen_x=80.0, screen_y=23.0, style=Style(bgcolor=Color('#272727', ColorType.TRUECOLOR, triplet=ColorTriplet(red=39, green=39, blue=39)))) >>> Horizontal() method=None
MouseMove(ListView(), x=79, y=21, pointer_x=79.0, pointer_y=21.0, delta_x=3, screen_x=80.0, screen_y=23.0, style=Style(bgcolor=Color('#272727', ColorType.TRUECOLOR, triplet=ColorTriplet(red=39, green=39, blue=39)))) >>> MainScreen() method=None
MouseMove(ListView(), x=79, y=21, pointer_x=79.0, pointer_y=21.0, delta_x=3, screen_x=80.0, screen_y=23.0, style=Style(bgcolor=Color('#272727', ColorType.TRUECOLOR, triplet=ColorTriplet(red=39, green=39, blue=39)))) >>> MidiRouterApp(title='MidiRouterApp', classes={'-dark-mode'}, pseudo_classes={'focus', 'dark'}) method=None
MouseMove(ListView(), x=83, y=21, pointer_x=83.0, pointer_y=21.0, delta_x=4, screen_x=84.0, screen_y=23.0, style=Style(bgcolor=Color('#272727', ColorType.TRUECOLOR, triplet=ColorTriplet(red=39, green=39, blue=39)))) >>> ListView() method=None
MouseMove(ListView(), x=83, y=21, pointer_x=83.0, pointer_y=21.0, delta_x=4, screen_x=84.0, screen_y=23.0, style=Style(bgcolor=Color('#272727', ColorType.TRUECOLOR, triplet=ColorTriplet(red=39, green=39, blue=39)))) >>> Routes(id='routes-view') method=None
MouseMove(ListView(), x=83, y=21, pointer_x=83.0, pointer_y=21.0, delta_x=4, screen_x=84.0, screen_y=23.0, style=Style(bgcolor=Color('#272727', ColorType.TRUECOLOR, triplet=ColorTriplet(red=39, green=39, blue=39)))) >>> Horizontal() method=None
MouseMove(ListView(), x=83, y=21, pointer_x=83.0, pointer_y=21.0, delta_x=4, screen_x=84.0, screen_y=23.0, style=Style(bgcolor=Color('#272727', ColorType.TRUECOLOR, triplet=ColorTriplet(red=39, green=39, blue=39)))) >>> MainScreen() method=None
MouseMove(ListView(), x=83, y=21, pointer_x=83.0, pointer_y=21.0, delta_x=4, screen_x=84.0, screen_y=23.0, style=Style(bgcolor=Color('#272727', ColorType.TRUECOLOR, triplet=ColorTriplet(red=39, green=39, blue=39)))) >>> MidiRouterApp(title='MidiRouterApp', classes={'-dark-mode'}, pseudo_classes={'focus', 'dark'}) method=None
MouseMove(ListView(), x=96, y=21, pointer_x=96.0, pointer_y=21.0, delta_x=13, screen_x=97.0, screen_y=23.0, style=Style(bgcolor=Color('#272727', ColorType.TRUECOLOR, triplet=ColorTriplet(red=39, green=39, blue=39)))) >>> ListView() method=None
MouseMove(ListView(), x=96, y=21, pointer_x=96.0, pointer_y=21.0, delta_x=13, screen_x=97.0, screen_y=23.0, style=Style(bgcolor=Color('#272727', ColorType.TRUECOLOR, triplet=ColorTriplet(red=39, green=39, blue=39)))) >>> Routes(id='routes-view') method=None
MouseMove(ListView(), x=96, y=21, pointer_x=96.0, pointer_y=21.0, delta_x=13, screen_x=97.0, screen_y=23.0, style=Style(bgcolor=Color('#272727', ColorType.TRUECOLOR, triplet=ColorTriplet(red=39, green=39, blue=39)))) >>> Horizontal() method=None
MouseMove(ListView(), x=96, y=21, pointer_x=96.0, pointer_y=21.0, delta_x=13, screen_x=97.0, screen_y=23.0, style=Style(bgcolor=Color('#272727', ColorType.TRUECOLOR, triplet=ColorTriplet(red=39, green=39, blue=39)))) >>> MainScreen() method=None
MouseMove(ListView(), x=96, y=21, pointer_x=96.0, pointer_y=21.0, delta_x=13, screen_x=97.0, screen_y=23.0, style=Style(bgcolor=Color('#272727', ColorType.TRUECOLOR, triplet=ColorTriplet(red=39, green=39, blue=39)))) >>> MidiRouterApp(title='MidiRouterApp', classes={'-dark-mode'}, pseudo_classes={'focus', 'dark'}) method=None
MouseMove(ListView(), x=103, y=22, pointer_x=103.0, pointer_y=22.0, delta_x=7, delta_y=1, screen_x=104.0, screen_y=24.0, style=Style(bgcolor=Color('#272727', ColorType.TRUECOLOR, triplet=ColorTriplet(red=39, green=39, blue=39)))) >>> ListView() method=None
MouseMove(ListView(), x=103, y=22, pointer_x=103.0, pointer_y=22.0, delta_x=7, delta_y=1, screen_x=104.0, screen_y=24.0, style=Style(bgcolor=Color('#272727', ColorType.TRUECOLOR, triplet=ColorTriplet(red=39, green=39, blue=39)))) >>> Routes(id='routes-view') method=None
MouseMove(ListView(), x=103, y=22, pointer_x=103.0, pointer_y=22.0, delta_x=7, delta_y=1, screen_x=104.0, screen_y=24.0, style=Style(bgcolor=Color('#272727', ColorType.TRUECOLOR, triplet=ColorTriplet(red=39, green=39, blue=39)))) >>> Horizontal() method=None
MouseMove(ListView(), x=103, y=22, pointer_x=103.0, pointer_y=22.0, delta_x=7, delta_y=1, screen_x=104.0, screen_y=24.0, style=Style(bgcolor=Color('#272727', ColorType.TRUECOLOR, triplet=ColorTriplet(red=39, green=39, blue=39)))) >>> MainScreen() method=None
MouseMove(ListView(), x=103, y=22, pointer_x=103.0, pointer_y=22.0, delta_x=7, delta_y=1, screen_x=104.0, screen_y=24.0, style=Style(bgcolor=Color('#272727', ColorType.TRUECOLOR, triplet=ColorTriplet(red=39, green=39, blue=39)))) >>> MidiRouterApp(title='MidiRouterApp', classes={'-dark-mode'}, pseudo_classes={'focus', 'dark'}) method=None
Leave() >>> ListView() method=<Widget.on_leave>
Enter() >>> Vertical() method=<Widget.on_enter>
MouseMove(Vertical(), x=9, y=23, pointer_x=9.0, pointer_y=23.0, delta_x=11, screen_x=115.0, screen_y=24.0, style=Style(bgcolor=Color('#121212', ColorType.TRUECOLOR, triplet=ColorTriplet(red=18, green=18, blue=18)))) >>> Vertical() method=None
Leave() >>> Routes(id='routes-view') method=<Widget.on_leave>
Enter() >>> Horizontal() method=<Widget.on_enter>
MouseMove(Vertical(), x=9, y=23, pointer_x=9.0, pointer_y=23.0, delta_x=11, screen_x=115.0, screen_y=24.0, style=Style(bgcolor=Color('#121212', ColorType.TRUECOLOR, triplet=ColorTriplet(red=18, green=18, blue=18)))) >>> Horizontal() method=None
Leave() >>> Horizontal() method=<Widget.on_leave>
Enter() >>> MainScreen() method=<Widget.on_enter>
MouseMove(Vertical(), x=9, y=23, pointer_x=9.0, pointer_y=23.0, delta_x=11, screen_x=115.0, screen_y=24.0, style=Style(bgcolor=Color('#121212', ColorType.TRUECOLOR, triplet=ColorTriplet(red=18, green=18, blue=18)))) >>> MainScreen() method=None
Leave() >>> MainScreen() method=<Widget.on_leave>
Enter() >>> MidiRouterApp(title='MidiRouterApp', classes={'-dark-mode'}, pseudo_classes={'focus', 'dark'}) method=None
MouseMove(Vertical(), x=9, y=23, pointer_x=9.0, pointer_y=23.0, delta_x=11, screen_x=115.0, screen_y=24.0, style=Style(bgcolor=Color('#121212', ColorType.TRUECOLOR, triplet=ColorTriplet(red=18, green=18, blue=18)))) >>> MidiRouterApp(title='MidiRouterApp', classes={'-dark-mode'}, pseudo_classes={'focus', 'dark'}) method=None
Leave() >>> MidiRouterApp(title='MidiRouterApp', classes={'-dark-mode'}, pseudo_classes={'focus', 'dark'}) method=None
MouseMove(Vertical(), x=14, y=23, pointer_x=14.0, pointer_y=23.0, delta_x=5, screen_x=120.0, screen_y=24.0, style=Style(bgcolor=Color('#121212', ColorType.TRUECOLOR, triplet=ColorTriplet(red=18, green=18, blue=18)))) >>> Vertical() method=None
MouseMove(Vertical(), x=14, y=23, pointer_x=14.0, pointer_y=23.0, delta_x=5, screen_x=120.0, screen_y=24.0, style=Style(bgcolor=Color('#121212', ColorType.TRUECOLOR, triplet=ColorTriplet(red=18, green=18, blue=18)))) >>> Horizontal() method=None
MouseMove(Vertical(), x=14, y=23, pointer_x=14.0, pointer_y=23.0, delta_x=5, screen_x=120.0, screen_y=24.0, style=Style(bgcolor=Color('#121212', ColorType.TRUECOLOR, triplet=ColorTriplet(red=18, green=18, blue=18)))) >>> MainScreen() method=None
MouseMove(Vertical(), x=14, y=23, pointer_x=14.0, pointer_y=23.0, delta_x=5, screen_x=120.0, screen_y=24.0, style=Style(bgcolor=Color('#121212', ColorType.TRUECOLOR, triplet=ColorTriplet(red=18, green=18, blue=18)))) >>> MidiRouterApp(title='MidiRouterApp', classes={'-dark-mode'}, pseudo_classes={'focus', 'dark'}) method=None
MouseMove(Vertical(), x=20, y=22, pointer_x=20.0, pointer_y=22.0, delta_x=6, delta_y=-1, screen_x=126.0, screen_y=23.0, style=Style(bgcolor=Color('#121212', ColorType.TRUECOLOR, triplet=ColorTriplet(red=18, green=18, blue=18)))) >>> Vertical() method=None
MouseMove(Vertical(), x=20, y=22, pointer_x=20.0, pointer_y=22.0, delta_x=6, delta_y=-1, screen_x=126.0, screen_y=23.0, style=Style(bgcolor=Color('#121212', ColorType.TRUECOLOR, triplet=ColorTriplet(red=18, green=18, blue=18)))) >>> Horizontal() method=None
MouseMove(Vertical(), x=20, y=22, pointer_x=20.0, pointer_y=22.0, delta_x=6, delta_y=-1, screen_x=126.0, screen_y=23.0, style=Style(bgcolor=Color('#121212', ColorType.TRUECOLOR, triplet=ColorTriplet(red=18, green=18, blue=18)))) >>> MainScreen() method=None
MouseMove(Vertical(), x=20, y=22, pointer_x=20.0, pointer_y=22.0, delta_x=6, delta_y=-1, screen_x=126.0, screen_y=23.0, style=Style(bgcolor=Color('#121212', ColorType.TRUECOLOR, triplet=ColorTriplet(red=18, green=18, blue=18)))) >>> MidiRouterApp(title='MidiRouterApp', classes={'-dark-mode'}, pseudo_classes={'focus', 'dark'}) method=None
MouseMove(Vertical(), x=23, y=22, pointer_x=23.0, pointer_y=22.0, delta_x=3, screen_x=129.0, screen_y=23.0, style=Style(bgcolor=Color('#121212', ColorType.TRUECOLOR, triplet=ColorTriplet(red=18, green=18, blue=18)))) >>> Vertical() method=None
MouseMove(Vertical(), x=23, y=22, pointer_x=23.0, pointer_y=22.0, delta_x=3, screen_x=129.0, screen_y=23.0, style=Style(bgcolor=Color('#121212', ColorType.TRUECOLOR, triplet=ColorTriplet(red=18, green=18, blue=18)))) >>> Horizontal() method=None
MouseMove(Vertical(), x=23, y=22, pointer_x=23.0, pointer_y=22.0, delta_x=3, screen_x=129.0, screen_y=23.0, style=Style(bgcolor=Color('#121212', ColorType.TRUECOLOR, triplet=ColorTriplet(red=18, green=18, blue=18)))) >>> MainScreen() method=None
MouseMove(Vertical(), x=23, y=22, pointer_x=23.0, pointer_y=22.0, delta_x=3, screen_x=129.0, screen_y=23.0, style=Style(bgcolor=Color('#121212', ColorType.TRUECOLOR, triplet=ColorTriplet(red=18, green=18, blue=18)))) >>> MidiRouterApp(title='MidiRouterApp', classes={'-dark-mode'}, pseudo_classes={'focus', 'dark'}) method=None
MouseMove(Vertical(), x=26, y=21, pointer_x=26.0, pointer_y=21.0, delta_x=3, delta_y=-1, screen_x=132.0, screen_y=22.0, style=Style(bgcolor=Color('#121212', ColorType.TRUECOLOR, triplet=ColorTriplet(red=18, green=18, blue=18)))) >>> Vertical() method=None
MouseMove(Vertical(), x=26, y=21, pointer_x=26.0, pointer_y=21.0, delta_x=3, delta_y=-1, screen_x=132.0, screen_y=22.0, style=Style(bgcolor=Color('#121212', ColorType.TRUECOLOR, triplet=ColorTriplet(red=18, green=18, blue=18)))) >>> Horizontal() method=None
MouseMove(Vertical(), x=26, y=21, pointer_x=26.0, pointer_y=21.0, delta_x=3, delta_y=-1, screen_x=132.0, screen_y=22.0, style=Style(bgcolor=Color('#121212', ColorType.TRUECOLOR, triplet=ColorTriplet(red=18, green=18, blue=18)))) >>> MainScreen() method=None
MouseMove(Vertical(), x=26, y=21, pointer_x=26.0, pointer_y=21.0, delta_x=3, delta_y=-1, screen_x=132.0, screen_y=22.0, style=Style(bgcolor=Color('#121212', ColorType.TRUECOLOR, triplet=ColorTriplet(red=18, green=18, blue=18)))) >>> MidiRouterApp(title='MidiRouterApp', classes={'-dark-mode'}, pseudo_classes={'focus', 'dark'}) method=None
MouseMove(Vertical(), x=27, y=20, pointer_x=27.0, pointer_y=20.0, delta_x=1, delta_y=-1, screen_x=133.0, screen_y=21.0, style=Style(bgcolor=Color('#121212', ColorType.TRUECOLOR, triplet=ColorTriplet(red=18, green=18, blue=18)))) >>> Vertical() method=None
MouseMove(Vertical(), x=27, y=20, pointer_x=27.0, pointer_y=20.0, delta_x=1, delta_y=-1, screen_x=133.0, screen_y=21.0, style=Style(bgcolor=Color('#121212', ColorType.TRUECOLOR, triplet=ColorTriplet(red=18, green=18, blue=18)))) >>> Horizontal() method=None
MouseMove(Vertical(), x=27, y=20, pointer_x=27.0, pointer_y=20.0, delta_x=1, delta_y=-1, screen_x=133.0, screen_y=21.0, style=Style(bgcolor=Color('#121212', ColorType.TRUECOLOR, triplet=ColorTriplet(red=18, green=18, blue=18)))) >>> MainScreen() method=None
MouseMove(Vertical(), x=27, y=20, pointer_x=27.0, pointer_y=20.0, delta_x=1, delta_y=-1, screen_x=133.0, screen_y=21.0, style=Style(bgcolor=Color('#121212', ColorType.TRUECOLOR, triplet=ColorTriplet(red=18, green=18, blue=18)))) >>> MidiRouterApp(title='MidiRouterApp', classes={'-dark-mode'}, pseudo_classes={'focus', 'dark'}) method=None
Key(key='right', character=None, name='right', is_printable=False) >>> ListView() method=<Widget.on_key>
Key(key='right', character=None, name='right', is_printable=False) >>> Routes(id='routes-view') method=<Widget.on_key>
Key(key='right', character=None, name='right', is_printable=False) >>> Horizontal() method=<Widget.on_key>
Key(key='right', character=None, name='right', is_printable=False) >>> MainScreen() method=<Widget.on_key>
Key(key='right', character=None, name='right', is_printable=False) >>> MidiRouterApp(title='MidiRouterApp', classes={'-dark-mode'}, pseudo_classes={'focus', 'dark'}) method=<App.on_key>
<action> namespace=ListView() action_name='scroll_right' params=()
<action> 'scroll_right' skipped.
Key(key='left', character=None, name='left', is_printable=False) >>> ListView() method=<Widget.on_key>
Key(key='left', character=None, name='left', is_printable=False) >>> Routes(id='routes-view') method=<Widget.on_key>
Key(key='left', character=None, name='left', is_printable=False) >>> Horizontal() method=<Widget.on_key>
Key(key='left', character=None, name='left', is_printable=False) >>> MainScreen() method=<Widget.on_key>
Key(key='left', character=None, name='left', is_printable=False) >>> MidiRouterApp(title='MidiRouterApp', classes={'-dark-mode'}, pseudo_classes={'focus', 'dark'}) method=<App.on_key>
<action> namespace=ListView() action_name='scroll_left' params=()
<action> 'scroll_left' skipped.
Key(key='tab', character='\t', name='tab', is_printable=False, aliases=['tab', 'ctrl+i']) >>> ListView() method=<Widget.on_key>
Key(key='tab', character='\t', name='tab', is_printable=False, aliases=['tab', 'ctrl+i']) >>> Routes(id='routes-view') method=<Widget.on_key>
Key(key='tab', character='\t', name='tab', is_printable=False, aliases=['tab', 'ctrl+i']) >>> Horizontal() method=<Widget.on_key>
Key(key='tab', character='\t', name='tab', is_printable=False, aliases=['tab', 'ctrl+i']) >>> MainScreen() method=<Widget.on_key>
Key(key='tab', character='\t', name='tab', is_printable=False, aliases=['tab', 'ctrl+i']) >>> MidiRouterApp(title='MidiRouterApp', classes={'-dark-mode'}, pseudo_classes={'focus', 'dark'}) method=<App.on_key>
<action> namespace=MidiRouterApp(title='MidiRouterApp', classes={'-dark-mode'}, pseudo_classes={'focus', 'dark'}) action_name='focus_next' params=()
Key(key='tab', character='\t', name='tab', is_printable=False, aliases=['tab', 'ctrl+i']) >>> ListView() method=<Widget.on_key>
Key(key='tab', character='\t', name='tab', is_printable=False, aliases=['tab', 'ctrl+i']) >>> Routes(id='routes-view') method=<Widget.on_key>
Key(key='tab', character='\t', name='tab', is_printable=False, aliases=['tab', 'ctrl+i']) >>> Horizontal() method=<Widget.on_key>
Key(key='tab', character='\t', name='tab', is_printable=False, aliases=['tab', 'ctrl+i']) >>> MainScreen() method=<Widget.on_key>
Key(key='tab', character='\t', name='tab', is_printable=False, aliases=['tab', 'ctrl+i']) >>> MidiRouterApp(title='MidiRouterApp', classes={'-dark-mode'}, pseudo_classes={'focus', 'dark'}) method=<App.on_key>
<action> namespace=MidiRouterApp(title='MidiRouterApp', classes={'-dark-mode'}, pseudo_classes={'focus', 'dark'}) action_name='focus_next' params=()
Key(key='tab', character='\t', name='tab', is_printable=False, aliases=['tab', 'ctrl+i']) >>> ListView() method=<Widget.on_key>
Key(key='tab', character='\t', name='tab', is_printable=False, aliases=['tab', 'ctrl+i']) >>> Routes(id='routes-view') method=<Widget.on_key>
Key(key='tab', character='\t', name='tab', is_printable=False, aliases=['tab', 'ctrl+i']) >>> Horizontal() method=<Widget.on_key>
Key(key='tab', character='\t', name='tab', is_printable=False, aliases=['tab', 'ctrl+i']) >>> MainScreen() method=<Widget.on_key>
Key(key='tab', character='\t', name='tab', is_printable=False, aliases=['tab', 'ctrl+i']) >>> MidiRouterApp(title='MidiRouterApp', classes={'-dark-mode'}, pseudo_classes={'focus', 'dark'}) method=<App.on_key>
<action> namespace=MidiRouterApp(title='MidiRouterApp', classes={'-dark-mode'}, pseudo_classes={'focus', 'dark'}) action_name='focus_next' params=()
Key(key='tab', character='\t', name='tab', is_printable=False, aliases=['tab', 'ctrl+i']) >>> ListView() method=<Widget.on_key>
Key(key='tab', character='\t', name='tab', is_printable=False, aliases=['tab', 'ctrl+i']) >>> Routes(id='routes-view') method=<Widget.on_key>
Key(key='tab', character='\t', name='tab', is_printable=False, aliases=['tab', 'ctrl+i']) >>> Horizontal() method=<Widget.on_key>
Key(key='tab', character='\t', name='tab', is_printable=False, aliases=['tab', 'ctrl+i']) >>> MainScreen() method=<Widget.on_key>
Key(key='tab', character='\t', name='tab', is_printable=False, aliases=['tab', 'ctrl+i']) >>> MidiRouterApp(title='MidiRouterApp', classes={'-dark-mode'}, pseudo_classes={'focus', 'dark'}) method=<App.on_key>
<action> namespace=MidiRouterApp(title='MidiRouterApp', classes={'-dark-mode'}, pseudo_classes={'focus', 'dark'}) action_name='focus_next' params=()
Key(key='tab', character='\t', name='tab', is_printable=False, aliases=['tab', 'ctrl+i']) >>> ListView() method=<Widget.on_key>
Key(key='tab', character='\t', name='tab', is_printable=False, aliases=['tab', 'ctrl+i']) >>> Routes(id='routes-view') method=<Widget.on_key>
Key(key='tab', character='\t', name='tab', is_printable=False, aliases=['tab', 'ctrl+i']) >>> Horizontal() method=<Widget.on_key>
Key(key='tab', character='\t', name='tab', is_printable=False, aliases=['tab', 'ctrl+i']) >>> MainScreen() method=<Widget.on_key>
Key(key='tab', character='\t', name='tab', is_printable=False, aliases=['tab', 'ctrl+i']) >>> MidiRouterApp(title='MidiRouterApp', classes={'-dark-mode'}, pseudo_classes={'focus', 'dark'}) method=<App.on_key>
<action> namespace=MidiRouterApp(title='MidiRouterApp', classes={'-dark-mode'}, pseudo_classes={'focus', 'dark'}) action_name='focus_next' params=()
Key(key='tab', character='\t', name='tab', is_printable=False, aliases=['tab', 'ctrl+i']) >>> ListView() method=<Widget.on_key>
Key(key='tab', character='\t', name='tab', is_printable=False, aliases=['tab', 'ctrl+i']) >>> Routes(id='routes-view') method=<Widget.on_key>
Key(key='tab', character='\t', name='tab', is_printable=False, aliases=['tab', 'ctrl+i']) >>> Horizontal() method=<Widget.on_key>
Key(key='tab', character='\t', name='tab', is_printable=False, aliases=['tab', 'ctrl+i']) >>> MainScreen() method=<Widget.on_key>
Key(key='tab', character='\t', name='tab', is_printable=False, aliases=['tab', 'ctrl+i']) >>> MidiRouterApp(title='MidiRouterApp', classes={'-dark-mode'}, pseudo_classes={'focus', 'dark'}) method=<App.on_key>
<action> namespace=MidiRouterApp(title='MidiRouterApp', classes={'-dark-mode'}, pseudo_classes={'focus', 'dark'}) action_name='focus_next' params=()
Key(key='tab', character='\t', name='tab', is_printable=False, aliases=['tab', 'ctrl+i']) >>> ListView() method=<Widget.on_key>
Key(key='tab', character='\t', name='tab', is_printable=False, aliases=['tab', 'ctrl+i']) >>> Routes(id='routes-view') method=<Widget.on_key>
Key(key='tab', character='\t', name='tab', is_printable=False, aliases=['tab', 'ctrl+i']) >>> Horizontal() method=<Widget.on_key>
Key(key='tab', character='\t', name='tab', is_printable=False, aliases=['tab', 'ctrl+i']) >>> MainScreen() method=<Widget.on_key>
Key(key='tab', character='\t', name='tab', is_printable=False, aliases=['tab', 'ctrl+i']) >>> MidiRouterApp(title='MidiRouterApp', classes={'-dark-mode'}, pseudo_classes={'focus', 'dark'}) method=<App.on_key>
<action> namespace=MidiRouterApp(title='MidiRouterApp', classes={'-dark-mode'}, pseudo_classes={'focus', 'dark'}) action_name='focus_next' params=()
Key(key='left', character=None, name='left', is_printable=False) >>> ListView() method=<Widget.on_key>
Key(key='left', character=None, name='left', is_printable=False) >>> Routes(id='routes-view') method=<Widget.on_key>
Key(key='left', character=None, name='left', is_printable=False) >>> Horizontal() method=<Widget.on_key>
Key(key='left', character=None, name='left', is_printable=False) >>> MainScreen() method=<Widget.on_key>
Key(key='left', character=None, name='left', is_printable=False) >>> MidiRouterApp(title='MidiRouterApp', classes={'-dark-mode'}, pseudo_classes={'focus', 'dark'}) method=<App.on_key>
<action> namespace=ListView() action_name='scroll_left' params=()
<action> 'scroll_left' skipped.
Key(key='tab', character='\t', name='tab', is_printable=False, aliases=['tab', 'ctrl+i']) >>> ListView() method=<Widget.on_key>
Key(key='tab', character='\t', name='tab', is_printable=False, aliases=['tab', 'ctrl+i']) >>> Routes(id='routes-view') method=<Widget.on_key>
Key(key='tab', character='\t', name='tab', is_printable=False, aliases=['tab', 'ctrl+i']) >>> Horizontal() method=<Widget.on_key>
Key(key='tab', character='\t', name='tab', is_printable=False, aliases=['tab', 'ctrl+i']) >>> MainScreen() method=<Widget.on_key>
Key(key='tab', character='\t', name='tab', is_printable=False, aliases=['tab', 'ctrl+i']) >>> MidiRouterApp(title='MidiRouterApp', classes={'-dark-mode'}, pseudo_classes={'focus', 'dark'}) method=<App.on_key>
<action> namespace=MidiRouterApp(title='MidiRouterApp', classes={'-dark-mode'}, pseudo_classes={'focus', 'dark'}) action_name='focus_next' params=()
Key(key='tab', character='\t', name='tab', is_printable=False, aliases=['tab', 'ctrl+i']) >>> ListView() method=<Widget.on_key>
Key(key='tab', character='\t', name='tab', is_printable=False, aliases=['tab', 'ctrl+i']) >>> Routes(id='routes-view') method=<Widget.on_key>
Key(key='tab', character='\t', name='tab', is_printable=False, aliases=['tab', 'ctrl+i']) >>> Horizontal() method=<Widget.on_key>
Key(key='tab', character='\t', name='tab', is_printable=False, aliases=['tab', 'ctrl+i']) >>> MainScreen() method=<Widget.on_key>
Key(key='tab', character='\t', name='tab', is_printable=False, aliases=['tab', 'ctrl+i']) >>> MidiRouterApp(title='MidiRouterApp', classes={'-dark-mode'}, pseudo_classes={'focus', 'dark'}) method=<App.on_key>
<action> namespace=MidiRouterApp(title='MidiRouterApp', classes={'-dark-mode'}, pseudo_classes={'focus', 'dark'}) action_name='focus_next' params=()
MouseMove(Vertical(), x=26, y=18, pointer_x=26.0, pointer_y=18.0, delta_x=-1, delta_y=-2, screen_x=132.0, screen_y=19.0, style=Style(bgcolor=Color('#121212', ColorType.TRUECOLOR, triplet=ColorTriplet(red=18, green=18, blue=18)))) >>> Vertical() method=None
MouseMove(Vertical(), x=26, y=18, pointer_x=26.0, pointer_y=18.0, delta_x=-1, delta_y=-2, screen_x=132.0, screen_y=19.0, style=Style(bgcolor=Color('#121212', ColorType.TRUECOLOR, triplet=ColorTriplet(red=18, green=18, blue=18)))) >>> Horizontal() method=None
MouseMove(Vertical(), x=26, y=18, pointer_x=26.0, pointer_y=18.0, delta_x=-1, delta_y=-2, screen_x=132.0, screen_y=19.0, style=Style(bgcolor=Color('#121212', ColorType.TRUECOLOR, triplet=ColorTriplet(red=18, green=18, blue=18)))) >>> MainScreen() method=None
MouseMove(Vertical(), x=26, y=18, pointer_x=26.0, pointer_y=18.0, delta_x=-1, delta_y=-2, screen_x=132.0, screen_y=19.0, style=Style(bgcolor=Color('#121212', ColorType.TRUECOLOR, triplet=ColorTriplet(red=18, green=18, blue=18)))) >>> MidiRouterApp(title='MidiRouterApp', classes={'-dark-mode'}, pseudo_classes={'focus', 'dark'}) method=None
MouseMove(Vertical(), x=24, y=10, pointer_x=24.0, pointer_y=10.0, delta_x=-2, delta_y=-8, screen_x=130.0, screen_y=11.0, style=Style(bgcolor=Color('#121212', ColorType.TRUECOLOR, triplet=ColorTriplet(red=18, green=18, blue=18)))) >>> Vertical() method=None
MouseMove(Vertical(), x=24, y=10, pointer_x=24.0, pointer_y=10.0, delta_x=-2, delta_y=-8, screen_x=130.0, screen_y=11.0, style=Style(bgcolor=Color('#121212', ColorType.TRUECOLOR, triplet=ColorTriplet(red=18, green=18, blue=18)))) >>> Horizontal() method=None
MouseMove(Vertical(), x=24, y=10, pointer_x=24.0, pointer_y=10.0, delta_x=-2, delta_y=-8, screen_x=130.0, screen_y=11.0, style=Style(bgcolor=Color('#121212', ColorType.TRUECOLOR, triplet=ColorTriplet(red=18, green=18, blue=18)))) >>> MainScreen() method=None
MouseMove(Vertical(), x=24, y=10, pointer_x=24.0, pointer_y=10.0, delta_x=-2, delta_y=-8, screen_x=130.0, screen_y=11.0, style=Style(bgcolor=Color('#121212', ColorType.TRUECOLOR, triplet=ColorTriplet(red=18, green=18, blue=18)))) >>> MidiRouterApp(title='MidiRouterApp', classes={'-dark-mode'}, pseudo_classes={'focus', 'dark'}) method=None
MouseMove(Vertical(), x=24, y=8, pointer_x=24.0, pointer_y=8.0, delta_y=-2, screen_x=130.0, screen_y=9.0, style=Style(bgcolor=Color('#121212', ColorType.TRUECOLOR, triplet=ColorTriplet(red=18, green=18, blue=18)))) >>> Vertical() method=None
MouseMove(Vertical(), x=24, y=8, pointer_x=24.0, pointer_y=8.0, delta_y=-2, screen_x=130.0, screen_y=9.0, style=Style(bgcolor=Color('#121212', ColorType.TRUECOLOR, triplet=ColorTriplet(red=18, green=18, blue=18)))) >>> Horizontal() method=None
MouseMove(Vertical(), x=24, y=8, pointer_x=24.0, pointer_y=8.0, delta_y=-2, screen_x=130.0, screen_y=9.0, style=Style(bgcolor=Color('#121212', ColorType.TRUECOLOR, triplet=ColorTriplet(red=18, green=18, blue=18)))) >>> MainScreen() method=None
MouseMove(Vertical(), x=24, y=8, pointer_x=24.0, pointer_y=8.0, delta_y=-2, screen_x=130.0, screen_y=9.0, style=Style(bgcolor=Color('#121212', ColorType.TRUECOLOR, triplet=ColorTriplet(red=18, green=18, blue=18)))) >>> MidiRouterApp(title='MidiRouterApp', classes={'-dark-mode'}, pseudo_classes={'focus', 'dark'}) method=None
MouseMove(Vertical(), x=24, y=7, pointer_x=24.0, pointer_y=7.0, delta_y=-1, screen_x=130.0, screen_y=8.0, style=Style(bgcolor=Color('#121212', ColorType.TRUECOLOR, triplet=ColorTriplet(red=18, green=18, blue=18)))) >>> Vertical() method=None
MouseMove(Vertical(), x=24, y=7, pointer_x=24.0, pointer_y=7.0, delta_y=-1, screen_x=130.0, screen_y=8.0, style=Style(bgcolor=Color('#121212', ColorType.TRUECOLOR, triplet=ColorTriplet(red=18, green=18, blue=18)))) >>> Horizontal() method=None
MouseMove(Vertical(), x=24, y=7, pointer_x=24.0, pointer_y=7.0, delta_y=-1, screen_x=130.0, screen_y=8.0, style=Style(bgcolor=Color('#121212', ColorType.TRUECOLOR, triplet=ColorTriplet(red=18, green=18, blue=18)))) >>> MainScreen() method=None
MouseMove(Vertical(), x=24, y=7, pointer_x=24.0, pointer_y=7.0, delta_y=-1, screen_x=130.0, screen_y=8.0, style=Style(bgcolor=Color('#121212', ColorType.TRUECOLOR, triplet=ColorTriplet(red=18, green=18, blue=18)))) >>> MidiRouterApp(title='MidiRouterApp', classes={'-dark-mode'}, pseudo_classes={'focus', 'dark'}) method=None
MouseMove(Vertical(), x=24, y=4, pointer_x=24.0, pointer_y=4.0, delta_y=-3, screen_x=130.0, screen_y=5.0, style=Style(bgcolor=Color('#121212', ColorType.TRUECOLOR, triplet=ColorTriplet(red=18, green=18, blue=18)))) >>> Vertical() method=None
MouseMove(Vertical(), x=24, y=4, pointer_x=24.0, pointer_y=4.0, delta_y=-3, screen_x=130.0, screen_y=5.0, style=Style(bgcolor=Color('#121212', ColorType.TRUECOLOR, triplet=ColorTriplet(red=18, green=18, blue=18)))) >>> Horizontal() method=None
MouseMove(Vertical(), x=24, y=4, pointer_x=24.0, pointer_y=4.0, delta_y=-3, screen_x=130.0, screen_y=5.0, style=Style(bgcolor=Color('#121212', ColorType.TRUECOLOR, triplet=ColorTriplet(red=18, green=18, blue=18)))) >>> MainScreen() method=None
MouseMove(Vertical(), x=24, y=4, pointer_x=24.0, pointer_y=4.0, delta_y=-3, screen_x=130.0, screen_y=5.0, style=Style(bgcolor=Color('#121212', ColorType.TRUECOLOR, triplet=ColorTriplet(red=18, green=18, blue=18)))) >>> MidiRouterApp(title='MidiRouterApp', classes={'-dark-mode'}, pseudo_classes={'focus', 'dark'}) method=None
MouseMove(Vertical(), x=24, y=3, pointer_x=24.0, pointer_y=3.0, delta_y=-1, screen_x=130.0, screen_y=4.0, style=Style(bgcolor=Color('#121212', ColorType.TRUECOLOR, triplet=ColorTriplet(red=18, green=18, blue=18)))) >>> Vertical() method=None
MouseMove(Vertical(), x=24, y=3, pointer_x=24.0, pointer_y=3.0, delta_y=-1, screen_x=130.0, screen_y=4.0, style=Style(bgcolor=Color('#121212', ColorType.TRUECOLOR, triplet=ColorTriplet(red=18, green=18, blue=18)))) >>> Horizontal() method=None
MouseMove(Vertical(), x=24, y=3, pointer_x=24.0, pointer_y=3.0, delta_y=-1, screen_x=130.0, screen_y=4.0, style=Style(bgcolor=Color('#121212', ColorType.TRUECOLOR, triplet=ColorTriplet(red=18, green=18, blue=18)))) >>> MainScreen() method=None
MouseMove(Vertical(), x=24, y=3, pointer_x=24.0, pointer_y=3.0, delta_y=-1, screen_x=130.0, screen_y=4.0, style=Style(bgcolor=Color('#121212', ColorType.TRUECOLOR, triplet=ColorTriplet(red=18, green=18, blue=18)))) >>> MidiRouterApp(title='MidiRouterApp', classes={'-dark-mode'}, pseudo_classes={'focus', 'dark'}) method=None
MouseMove(Vertical(), x=23, y=3, pointer_x=23.0, pointer_y=3.0, delta_x=-1, screen_x=129.0, screen_y=4.0, style=Style(bgcolor=Color('#121212', ColorType.TRUECOLOR, triplet=ColorTriplet(red=18, green=18, blue=18)))) >>> Vertical() method=None
MouseMove(Vertical(), x=23, y=3, pointer_x=23.0, pointer_y=3.0, delta_x=-1, screen_x=129.0, screen_y=4.0, style=Style(bgcolor=Color('#121212', ColorType.TRUECOLOR, triplet=ColorTriplet(red=18, green=18, blue=18)))) >>> Horizontal() method=None
MouseMove(Vertical(), x=23, y=3, pointer_x=23.0, pointer_y=3.0, delta_x=-1, screen_x=129.0, screen_y=4.0, style=Style(bgcolor=Color('#121212', ColorType.TRUECOLOR, triplet=ColorTriplet(red=18, green=18, blue=18)))) >>> MainScreen() method=None
MouseMove(Vertical(), x=23, y=3, pointer_x=23.0, pointer_y=3.0, delta_x=-1, screen_x=129.0, screen_y=4.0, style=Style(bgcolor=Color('#121212', ColorType.TRUECOLOR, triplet=ColorTriplet(red=18, green=18, blue=18)))) >>> MidiRouterApp(title='MidiRouterApp', classes={'-dark-mode'}, pseudo_classes={'focus', 'dark'}) method=None
Key(key='tab', character='\t', name='tab', is_printable=False, aliases=['tab', 'ctrl+i']) >>> ListView() method=<Widget.on_key>
Key(key='tab', character='\t', name='tab', is_printable=False, aliases=['tab', 'ctrl+i']) >>> Routes(id='routes-view') method=<Widget.on_key>
Key(key='tab', character='\t', name='tab', is_printable=False, aliases=['tab', 'ctrl+i']) >>> Horizontal() method=<Widget.on_key>
Key(key='tab', character='\t', name='tab', is_printable=False, aliases=['tab', 'ctrl+i']) >>> MainScreen() method=<Widget.on_key>
Key(key='tab', character='\t', name='tab', is_printable=False, aliases=['tab', 'ctrl+i']) >>> MidiRouterApp(title='MidiRouterApp', classes={'-dark-mode'}, pseudo_classes={'focus', 'dark'}) method=<App.on_key>
<action> namespace=MidiRouterApp(title='MidiRouterApp', classes={'-dark-mode'}, pseudo_classes={'focus', 'dark'}) action_name='focus_next' params=()
MouseDown(None, x=23, y=3, pointer_x=23.0, pointer_y=3.0, screen_x=129.0, screen_y=4.0, button=1, style=Style(bgcolor=Color('#121212', ColorType.TRUECOLOR, triplet=ColorTriplet(red=18, green=18, blue=18)))) >>> Vertical() method=<Widget.on_mouse_down>
MouseDown(None, x=23, y=3, pointer_x=23.0, pointer_y=3.0, screen_x=129.0, screen_y=4.0, button=1, style=Style(bgcolor=Color('#121212', ColorType.TRUECOLOR, triplet=ColorTriplet(red=18, green=18, blue=18)))) >>> Horizontal() method=<Widget.on_mouse_down>
MouseDown(None, x=23, y=3, pointer_x=23.0, pointer_y=3.0, screen_x=129.0, screen_y=4.0, button=1, style=Style(bgcolor=Color('#121212', ColorType.TRUECOLOR, triplet=ColorTriplet(red=18, green=18, blue=18)))) >>> MainScreen() method=<Widget.on_mouse_down>
MouseDown(None, x=23, y=3, pointer_x=23.0, pointer_y=3.0, screen_x=129.0, screen_y=4.0, button=1, style=Style(bgcolor=Color('#121212', ColorType.TRUECOLOR, triplet=ColorTriplet(red=18, green=18, blue=18)))) >>> MidiRouterApp(title='MidiRouterApp', classes={'-dark-mode'}, pseudo_classes={'focus', 'dark'}) method=None
MouseMove(Vertical(), x=23, y=3, pointer_x=23.0, pointer_y=3.0, screen_x=129.0, screen_y=4.0, button=1, style=Style(bgcolor=Color('#121212', ColorType.TRUECOLOR, triplet=ColorTriplet(red=18, green=18, blue=18)))) >>> Vertical() method=None
MouseMove(Vertical(), x=23, y=3, pointer_x=23.0, pointer_y=3.0, screen_x=129.0, screen_y=4.0, button=1, style=Style(bgcolor=Color('#121212', ColorType.TRUECOLOR, triplet=ColorTriplet(red=18, green=18, blue=18)))) >>> Horizontal() method=None
MouseMove(Vertical(), x=23, y=3, pointer_x=23.0, pointer_y=3.0, screen_x=129.0, screen_y=4.0, button=1, style=Style(bgcolor=Color('#121212', ColorType.TRUECOLOR, triplet=ColorTriplet(red=18, green=18, blue=18)))) >>> MainScreen() method=None
MouseMove(Vertical(), x=23, y=3, pointer_x=23.0, pointer_y=3.0, screen_x=129.0, screen_y=4.0, button=1, style=Style(bgcolor=Color('#121212', ColorType.TRUECOLOR, triplet=ColorTriplet(red=18, green=18, blue=18)))) >>> MidiRouterApp(title='MidiRouterApp', classes={'-dark-mode'}, pseudo_classes={'focus', 'dark'}) method=None
MouseUp(None, x=23, y=3, pointer_x=23.0, pointer_y=3.0, screen_x=129.0, screen_y=4.0, button=1, style=Style(bgcolor=Color('#121212', ColorType.TRUECOLOR, triplet=ColorTriplet(red=18, green=18, blue=18)))) >>> Vertical() method=<Widget.on_mouse_up>
Click(Vertical(), x=23, y=3, pointer_x=23, pointer_y=3, screen_x=129, screen_y=4, button=1, style=Style(bgcolor=Color('#121212', ColorType.TRUECOLOR, triplet=ColorTriplet(red=18, green=18, blue=18))), chain=1) >>> Vertical() method=<Widget.on_click>
MouseUp(None, x=23, y=3, pointer_x=23.0, pointer_y=3.0, screen_x=129.0, screen_y=4.0, button=1, style=Style(bgcolor=Color('#121212', ColorType.TRUECOLOR, triplet=ColorTriplet(red=18, green=18, blue=18)))) >>> Horizontal() method=<Widget.on_mouse_up>
Click(Vertical(), x=23, y=3, pointer_x=23, pointer_y=3, screen_x=129, screen_y=4, button=1, style=Style(bgcolor=Color('#121212', ColorType.TRUECOLOR, triplet=ColorTriplet(red=18, green=18, blue=18))), chain=1) >>> Horizontal() method=<Widget.on_click>
MouseUp(None, x=23, y=3, pointer_x=23.0, pointer_y=3.0, screen_x=129.0, screen_y=4.0, button=1, style=Style(bgcolor=Color('#121212', ColorType.TRUECOLOR, triplet=ColorTriplet(red=18, green=18, blue=18)))) >>> MainScreen() method=<Widget.on_mouse_up>
Click(Vertical(), x=23, y=3, pointer_x=23, pointer_y=3, screen_x=129, screen_y=4, button=1, style=Style(bgcolor=Color('#121212', ColorType.TRUECOLOR, triplet=ColorTriplet(red=18, green=18, blue=18))), chain=1) >>> MainScreen() method=<Widget.on_click>
MouseUp(None, x=23, y=3, pointer_x=23.0, pointer_y=3.0, screen_x=129.0, screen_y=4.0, button=1, style=Style(bgcolor=Color('#121212', ColorType.TRUECOLOR, triplet=ColorTriplet(red=18, green=18, blue=18)))) >>> MidiRouterApp(title='MidiRouterApp', classes={'-dark-mode'}, pseudo_classes={'focus', 'dark'}) method=None
Click(Vertical(), x=23, y=3, pointer_x=23, pointer_y=3, screen_x=129, screen_y=4, button=1, style=Style(bgcolor=Color('#121212', ColorType.TRUECOLOR, triplet=ColorTriplet(red=18, green=18, blue=18))), chain=1) >>> MidiRouterApp(title='MidiRouterApp', classes={'-dark-mode'}, pseudo_classes={'focus', 'dark'}) method=None
AppBlur() >>> MidiRouterApp(title='MidiRouterApp', classes={'-dark-mode'}, pseudo_classes={'focus', 'dark'}) method=<App.on_app_blur>
focus was removed
Blur() >>> ListView() method=<Widget.on_blur>
InvokeLater(callback=functools.partial(<bound method Screen.refresh_bindings of MainScreen()>)) >>> MainScreen() method=<MessagePump.on_invoke_later>
Update(HeaderTitle()) >>> MainScreen() method=<Screen.on_update>
Update(ListView()) >>> MainScreen() method=<Screen.on_update>
DescendantBlur(widget=ListView()) >>> Routes(id='routes-view') method=None
Update(Label()) >>> MainScreen() method=<Screen.on_update>
Update(ListItem(classes='-highlight')) >>> MainScreen() method=<Screen.on_update>
Update(Label()) >>> MainScreen() method=<Screen.on_update>
Update(ListItem()) >>> MainScreen() method=<Screen.on_update>
DescendantBlur(widget=ListView()) >>> Horizontal() method=None
InvokeLater(callback=functools.partial(<function App._update_mouse_over.<locals>.check_mouse at 0x0000016732CD0900>)) >>> MidiRouterApp(title='MidiRouterApp', classes={'-dark-mode'}, pseudo_classes={'dark', 'blur'}) method=<MessagePump.on_invoke_later>
DescendantBlur(widget=ListView()) >>> MainScreen() method=None
DescendantBlur(widget=ListView()) >>> MidiRouterApp(title='MidiRouterApp', classes={'-dark-mode'}, pseudo_classes={'dark', 'blur'}) method=None
InvokeLater(callback=functools.partial(<function App._update_mouse_over.<locals>.check_mouse at 0x0000016732DAF1A0>)) >>> MidiRouterApp(title='MidiRouterApp', classes={'-dark-mode'}, pseudo_classes={'dark', 'blur'}) method=<MessagePump.on_invoke_later>
AppFocus() >>> MidiRouterApp(title='MidiRouterApp', classes={'-dark-mode'}, pseudo_classes={'dark', 'blur'}) method=<App.on_app_focus>
ListView() was focused
InvokeLater(callback=functools.partial(<bound method Widget.recompose of Footer()>)) >>> Footer() method=<MessagePump.on_invoke_later>
InvokeLater(callback=functools.partial(<bound method Widget.recompose of Footer()>)) >>> Footer() method=<MessagePump.on_invoke_later>
InvokeLater(callback=functools.partial(<bound method Screen.refresh_bindings of MainScreen()>)) >>> MainScreen() method=<MessagePump.on_invoke_later>
Update(HeaderTitle()) >>> MainScreen() method=<Screen.on_update>
Focus(from_app_focus=True) >>> ListView() method=<Widget.on_focus>
DescendantFocus(widget=ListView()) >>> Routes(id='routes-view') method=None
Update(ListView()) >>> MainScreen() method=<Screen.on_update>
InvokeLater(callback=functools.partial(<function App._update_mouse_over.<locals>.check_mouse at 0x0000016732DDC360>)) >>> MidiRouterApp(title='MidiRouterApp', classes={'-dark-mode'}, pseudo_classes={'focus', 'dark'}) method=<MessagePump.on_invoke_later>
DescendantFocus(widget=ListView()) >>> Horizontal() method=None
Prune() >>> FooterKey(classes='-compact -command-palette') method=<Widget.on_prune>
Unmount() >>> FooterKey(classes='-compact -command-palette') method=<Widget.on_unmount>
Compose() >>> FooterKey(classes='-command-palette') method=<Widget.on_compose>
Mount() >>> FooterKey(classes='-command-palette') method=<Widget.on_mount>
InvokeLater(callback=functools.partial(<function App._update_mouse_over.<locals>.check_mouse at 0x00000167315A7920>)) >>> MidiRouterApp(title='MidiRouterApp', classes={'-dark-mode'}, pseudo_classes={'focus', 'dark'}) method=<MessagePump.on_invoke_later>
InvokeLater(callback=functools.partial(<function App._update_mouse_over.<locals>.check_mouse at 0x0000016732F13C40>)) >>> MidiRouterApp(title='MidiRouterApp', classes={'-dark-mode'}, pseudo_classes={'focus', 'dark'}) method=<MessagePump.on_invoke_later>
Leave() >>> Vertical() method=<Widget.on_leave>
Enter() >>> ListView() method=<Widget.on_enter>
MouseMove(ListView(), x=102, y=9, pointer_x=102.0, pointer_y=9.0, delta_x=-26, delta_y=7, screen_x=103.0, screen_y=11.0, style=Style(bgcolor=Color('#272727', ColorType.TRUECOLOR, triplet=ColorTriplet(red=39, green=39, blue=39)))) >>> ListView() method=None
Leave() >>> Horizontal() method=<Widget.on_leave>
Enter() >>> Routes(id='routes-view') method=<Widget.on_enter>
MouseMove(ListView(), x=102, y=9, pointer_x=102.0, pointer_y=9.0, delta_x=-26, delta_y=7, screen_x=103.0, screen_y=11.0, style=Style(bgcolor=Color('#272727', ColorType.TRUECOLOR, triplet=ColorTriplet(red=39, green=39, blue=39)))) >>> Routes(id='routes-view') method=None
Callback(callback=functools.partial(<function Widget.mount.<locals>.update_styles at 0x00000167315A7880>, [FooterKey(classes='-compact -command-palette')])) >>> Footer() method=<MessagePump.on_callback>
InvokeLater(callback=functools.partial(<function App._update_mouse_over.<locals>.check_mouse at 0x0000016732F12480>)) >>> MidiRouterApp(title='MidiRouterApp', classes={'-dark-mode'}, pseudo_classes={'focus', 'dark'}) method=<MessagePump.on_invoke_later>
Prune() >>> FooterKey(classes='-compact -command-palette') method=<Widget.on_prune>
Unmount() >>> FooterKey(classes='-compact -command-palette') method=<Widget.on_unmount>
Enter() >>> Horizontal() method=<Widget.on_enter>
MouseMove(ListView(), x=102, y=9, pointer_x=102.0, pointer_y=9.0, delta_x=-26, delta_y=7, screen_x=103.0, screen_y=11.0, style=Style(bgcolor=Color('#272727', ColorType.TRUECOLOR, triplet=ColorTriplet(red=39, green=39, blue=39)))) >>> Horizontal() method=None
Compose() >>> FooterKey(classes='-command-palette') method=<Widget.on_compose>
Mount() >>> FooterKey(classes='-command-palette') method=<Widget.on_mount>
InvokeLater(callback=functools.partial(<function App._update_mouse_over.<locals>.check_mouse at 0x0000016732F13CE0>)) >>> MidiRouterApp(title='MidiRouterApp', classes={'-dark-mode'}, pseudo_classes={'focus', 'dark'}) method=<MessagePump.on_invoke_later>
InvokeLater(callback=functools.partial(<function App._update_mouse_over.<locals>.check_mouse at 0x0000016732C077E0>)) >>> MidiRouterApp(title='MidiRouterApp', classes={'-dark-mode'}, pseudo_classes={'focus', 'dark'}) method=<MessagePump.on_invoke_later>
InvokeLater(callback=functools.partial(<function App._update_mouse_over.<locals>.check_mouse at 0x0000016732F13740>)) >>> MidiRouterApp(title='MidiRouterApp', classes={'-dark-mode'}, pseudo_classes={'focus', 'dark'}) method=<MessagePump.on_invoke_later>
Update(Label()) >>> MainScreen() method=<Screen.on_update>
Update(ListItem(classes='-highlight')) >>> MainScreen() method=<Screen.on_update>
Update(Label()) >>> MainScreen() method=<Screen.on_update>
Update(ListItem()) >>> MainScreen() method=<Screen.on_update>
DescendantFocus(widget=ListView()) >>> MainScreen() method=None
Update(Footer()) >>> MainScreen() method=<Screen.on_update>
Layout() >>> MainScreen() method=<Screen.on_layout>
Update(FooterKey(classes='-compact -command-palette')) >>> MainScreen() method=<Screen.on_update>
Leave() >>> MainScreen() method=<Widget.on_leave>
Update(Footer()) >>> MainScreen() method=<Screen.on_update>
Layout() >>> MainScreen() method=<Screen.on_layout>
Enter() >>> MainScreen() method=<Widget.on_enter>
MouseMove(ListView(), x=102, y=9, pointer_x=102.0, pointer_y=9.0, delta_x=-26, delta_y=7, screen_x=103.0, screen_y=11.0, style=Style(bgcolor=Color('#272727', ColorType.TRUECOLOR, triplet=ColorTriplet(red=39, green=39, blue=39)))) >>> MainScreen() method=None
Update(Footer()) >>> MainScreen() method=<Screen.on_update>
Layout() >>> MainScreen() method=<Screen.on_layout>
Update(FooterKey(classes='-compact -command-palette')) >>> MainScreen() method=<Screen.on_update>
Callback(callback=functools.partial(<function Widget.mount.<locals>.update_styles at 0x0000016732C074C0>, [FooterKey(classes='-compact -command-palette')])) >>> Footer() method=<MessagePump.on_callback>
InvokeLater(callback=functools.partial(<bound method Widget.recompose of Footer()>)) >>> Footer() method=<MessagePump.on_invoke_later>
InvokeLater(callback=functools.partial(<function App._update_mouse_over.<locals>.check_mouse at 0x000001673113CF40>)) >>> MidiRouterApp(title='MidiRouterApp', classes={'-dark-mode'}, pseudo_classes={'focus', 'dark'}) method=<MessagePump.on_invoke_later>
DescendantFocus(widget=ListView()) >>> MidiRouterApp(title='MidiRouterApp', classes={'-dark-mode'}, pseudo_classes={'focus', 'dark'}) method=None
Leave() >>> MidiRouterApp(title='MidiRouterApp', classes={'-dark-mode'}, pseudo_classes={'focus', 'dark'}) method=None
Enter() >>> MidiRouterApp(title='MidiRouterApp', classes={'-dark-mode'}, pseudo_classes={'focus', 'dark'}) method=None
MouseMove(ListView(), x=102, y=9, pointer_x=102.0, pointer_y=9.0, delta_x=-26, delta_y=7, screen_x=103.0, screen_y=11.0, style=Style(bgcolor=Color('#272727', ColorType.TRUECOLOR, triplet=ColorTriplet(red=39, green=39, blue=39)))) >>> MidiRouterApp(title='MidiRouterApp', classes={'-dark-mode'}, pseudo_classes={'focus', 'dark'}) method=None
InvokeLater(callback=functools.partial(<function App._update_mouse_over.<locals>.check_mouse at 0x0000016732C05080>)) >>> MidiRouterApp(title='MidiRouterApp', classes={'-dark-mode'}, pseudo_classes={'focus', 'dark'}) method=<MessagePump.on_invoke_later>
Update(Footer()) >>> MainScreen() method=<Screen.on_update>
Resize(size=Size(width=12, height=1), container_size=Size(width=10, height=1)) >>> FooterKey(classes='-compact -command-palette') method=None
Show() >>> FooterKey(classes='-compact -command-palette') method=<Widget.on_show>
Prune() >>> FooterKey(classes='-compact -command-palette') method=<Widget.on_prune>
Unmount() >>> FooterKey(classes='-compact -command-palette') method=<Widget.on_unmount>
InvokeLater(callback=functools.partial(<function App._update_mouse_over.<locals>.check_mouse at 0x00000167330785E0>)) >>> MidiRouterApp(title='MidiRouterApp', classes={'-dark-mode'}, pseudo_classes={'focus', 'dark'}) method=<MessagePump.on_invoke_later>
InvokeLater(callback=functools.partial(<function App._update_mouse_over.<locals>.check_mouse at 0x0000016732F51260>)) >>> MidiRouterApp(title='MidiRouterApp', classes={'-dark-mode'}, pseudo_classes={'focus', 'dark'}) method=<MessagePump.on_invoke_later>
Compose() >>> FooterKey(classes='-command-palette') method=<Widget.on_compose>
Mount() >>> FooterKey(classes='-command-palette') method=<Widget.on_mount>
InvokeLater(callback=functools.partial(<function App._update_mouse_over.<locals>.check_mouse at 0x0000016732F53060>)) >>> MidiRouterApp(title='MidiRouterApp', classes={'-dark-mode'}, pseudo_classes={'focus', 'dark'}) method=<MessagePump.on_invoke_later>
Layout() >>> MainScreen() method=<Screen.on_layout>
Layout() >>> MainScreen() method=<Screen.on_layout>
Update(Footer()) >>> MainScreen() method=<Screen.on_update>
Layout() >>> MainScreen() method=<Screen.on_layout>
Update(Footer()) >>> MainScreen() method=<Screen.on_update>
Layout() >>> MainScreen() method=<Screen.on_layout>
Update(FooterKey(classes='-compact -command-palette')) >>> MainScreen() method=<Screen.on_update>
Callback(callback=functools.partial(<function Widget.mount.<locals>.update_styles at 0x0000016732F52E80>, [FooterKey(classes='-compact -command-palette')])) >>> Footer() method=<MessagePump.on_callback>
InvokeLater(callback=functools.partial(<function App._update_mouse_over.<locals>.check_mouse at 0x000001672DC0EAC0>)) >>> MidiRouterApp(title='MidiRouterApp', classes={'-dark-mode'}, pseudo_classes={'focus', 'dark'}) method=<MessagePump.on_invoke_later>
InvokeLater(callback=functools.partial(<function App._update_mouse_over.<locals>.check_mouse at 0x0000016732DDC360>)) >>> MidiRouterApp(title='MidiRouterApp', classes={'-dark-mode'}, pseudo_classes={'focus', 'dark'}) method=<MessagePump.on_invoke_later>
Update(Footer()) >>> MainScreen() method=<Screen.on_update>
Layout() >>> MainScreen() method=<Screen.on_layout>
Resize(size=Size(width=12, height=1), container_size=Size(width=10, height=1)) >>> FooterKey(classes='-compact -command-palette') method=None
Show() >>> FooterKey(classes='-compact -command-palette') method=<Widget.on_show>
InvokeLater(callback=functools.partial(<function App._update_mouse_over.<locals>.check_mouse at 0x00000167330791C0>)) >>> MidiRouterApp(title='MidiRouterApp', classes={'-dark-mode'}, pseudo_classes={'focus', 'dark'}) method=<MessagePump.on_invoke_later>
Update(FooterKey(classes='-compact -command-palette')) >>> MainScreen() method=<Screen.on_update>
Layout() >>> MainScreen() method=<Screen.on_layout>
InvokeLater(callback=functools.partial(<function App._update_mouse_over.<locals>.check_mouse at 0x0000016733079300>)) >>> MidiRouterApp(title='MidiRouterApp', classes={'-dark-mode'}, pseudo_classes={'focus', 'dark'}) method=<MessagePump.on_invoke_later>
MouseMove(ListView(), x=102, y=10, pointer_x=102.0, pointer_y=10.0, delta_y=1, screen_x=103.0, screen_y=12.0, style=Style(bgcolor=Color('#272727', ColorType.TRUECOLOR, triplet=ColorTriplet(red=39, green=39, blue=39)))) >>> ListView() method=None
MouseMove(ListView(), x=102, y=10, pointer_x=102.0, pointer_y=10.0, delta_y=1, screen_x=103.0, screen_y=12.0, style=Style(bgcolor=Color('#272727', ColorType.TRUECOLOR, triplet=ColorTriplet(red=39, green=39, blue=39)))) >>> Routes(id='routes-view') method=None
MouseMove(ListView(), x=102, y=10, pointer_x=102.0, pointer_y=10.0, delta_y=1, screen_x=103.0, screen_y=12.0, style=Style(bgcolor=Color('#272727', ColorType.TRUECOLOR, triplet=ColorTriplet(red=39, green=39, blue=39)))) >>> Horizontal() method=None
MouseMove(ListView(), x=102, y=10, pointer_x=102.0, pointer_y=10.0, delta_y=1, screen_x=103.0, screen_y=12.0, style=Style(bgcolor=Color('#272727', ColorType.TRUECOLOR, triplet=ColorTriplet(red=39, green=39, blue=39)))) >>> MainScreen() method=None
MouseMove(ListView(), x=102, y=10, pointer_x=102.0, pointer_y=10.0, delta_y=1, screen_x=103.0, screen_y=12.0, style=Style(bgcolor=Color('#272727', ColorType.TRUECOLOR, triplet=ColorTriplet(red=39, green=39, blue=39)))) >>> MidiRouterApp(title='MidiRouterApp', classes={'-dark-mode'}, pseudo_classes={'focus', 'dark'}) method=None
MouseMove(ListView(), x=102, y=11, pointer_x=102.0, pointer_y=11.0, delta_y=1, screen_x=103.0, screen_y=13.0, style=Style(bgcolor=Color('#272727', ColorType.TRUECOLOR, triplet=ColorTriplet(red=39, green=39, blue=39)))) >>> ListView() method=None
MouseMove(ListView(), x=102, y=11, pointer_x=102.0, pointer_y=11.0, delta_y=1, screen_x=103.0, screen_y=13.0, style=Style(bgcolor=Color('#272727', ColorType.TRUECOLOR, triplet=ColorTriplet(red=39, green=39, blue=39)))) >>> Routes(id='routes-view') method=None
MouseMove(ListView(), x=102, y=11, pointer_x=102.0, pointer_y=11.0, delta_y=1, screen_x=103.0, screen_y=13.0, style=Style(bgcolor=Color('#272727', ColorType.TRUECOLOR, triplet=ColorTriplet(red=39, green=39, blue=39)))) >>> Horizontal() method=None
MouseMove(ListView(), x=102, y=11, pointer_x=102.0, pointer_y=11.0, delta_y=1, screen_x=103.0, screen_y=13.0, style=Style(bgcolor=Color('#272727', ColorType.TRUECOLOR, triplet=ColorTriplet(red=39, green=39, blue=39)))) >>> MainScreen() method=None
MouseMove(ListView(), x=102, y=11, pointer_x=102.0, pointer_y=11.0, delta_y=1, screen_x=103.0, screen_y=13.0, style=Style(bgcolor=Color('#272727', ColorType.TRUECOLOR, triplet=ColorTriplet(red=39, green=39, blue=39)))) >>> MidiRouterApp(title='MidiRouterApp', classes={'-dark-mode'}, pseudo_classes={'focus', 'dark'}) method=None
MouseMove(ListView(), x=103, y=11, pointer_x=103.0, pointer_y=11.0, delta_x=1, screen_x=104.0, screen_y=13.0, style=Style(bgcolor=Color('#272727', ColorType.TRUECOLOR, triplet=ColorTriplet(red=39, green=39, blue=39)))) >>> ListView() method=None
MouseMove(ListView(), x=103, y=11, pointer_x=103.0, pointer_y=11.0, delta_x=1, screen_x=104.0, screen_y=13.0, style=Style(bgcolor=Color('#272727', ColorType.TRUECOLOR, triplet=ColorTriplet(red=39, green=39, blue=39)))) >>> Routes(id='routes-view') method=None
MouseMove(ListView(), x=103, y=11, pointer_x=103.0, pointer_y=11.0, delta_x=1, screen_x=104.0, screen_y=13.0, style=Style(bgcolor=Color('#272727', ColorType.TRUECOLOR, triplet=ColorTriplet(red=39, green=39, blue=39)))) >>> Horizontal() method=None
MouseMove(ListView(), x=103, y=11, pointer_x=103.0, pointer_y=11.0, delta_x=1, screen_x=104.0, screen_y=13.0, style=Style(bgcolor=Color('#272727', ColorType.TRUECOLOR, triplet=ColorTriplet(red=39, green=39, blue=39)))) >>> MainScreen() method=None
MouseMove(ListView(), x=103, y=11, pointer_x=103.0, pointer_y=11.0, delta_x=1, screen_x=104.0, screen_y=13.0, style=Style(bgcolor=Color('#272727', ColorType.TRUECOLOR, triplet=ColorTriplet(red=39, green=39, blue=39)))) >>> MidiRouterApp(title='MidiRouterApp', classes={'-dark-mode'}, pseudo_classes={'focus', 'dark'}) method=None
Leave() >>> ListView() method=<Widget.on_leave>
Enter() >>> Vertical() method=<Widget.on_enter>
MouseMove(Vertical(), x=4, y=12, pointer_x=4.0, pointer_y=12.0, delta_x=6, screen_x=110.0, screen_y=13.0, style=Style(bgcolor=Color('#121212', ColorType.TRUECOLOR, triplet=ColorTriplet(red=18, green=18, blue=18)))) >>> Vertical() method=None
Leave() >>> Routes(id='routes-view') method=<Widget.on_leave>
Enter() >>> Horizontal() method=<Widget.on_enter>
MouseMove(Vertical(), x=4, y=12, pointer_x=4.0, pointer_y=12.0, delta_x=6, screen_x=110.0, screen_y=13.0, style=Style(bgcolor=Color('#121212', ColorType.TRUECOLOR, triplet=ColorTriplet(red=18, green=18, blue=18)))) >>> Horizontal() method=None
Leave() >>> Horizontal() method=<Widget.on_leave>
Enter() >>> MainScreen() method=<Widget.on_enter>
MouseMove(Vertical(), x=4, y=12, pointer_x=4.0, pointer_y=12.0, delta_x=6, screen_x=110.0, screen_y=13.0, style=Style(bgcolor=Color('#121212', ColorType.TRUECOLOR, triplet=ColorTriplet(red=18, green=18, blue=18)))) >>> MainScreen() method=None
Leave() >>> MainScreen() method=<Widget.on_leave>
Enter() >>> MidiRouterApp(title='MidiRouterApp', classes={'-dark-mode'}, pseudo_classes={'focus', 'dark'}) method=None
MouseMove(Vertical(), x=4, y=12, pointer_x=4.0, pointer_y=12.0, delta_x=6, screen_x=110.0, screen_y=13.0, style=Style(bgcolor=Color('#121212', ColorType.TRUECOLOR, triplet=ColorTriplet(red=18, green=18, blue=18)))) >>> MidiRouterApp(title='MidiRouterApp', classes={'-dark-mode'}, pseudo_classes={'focus', 'dark'}) method=None
Leave() >>> MidiRouterApp(title='MidiRouterApp', classes={'-dark-mode'}, pseudo_classes={'focus', 'dark'}) method=None
MouseMove(Vertical(), x=9, y=12, pointer_x=9.0, pointer_y=12.0, delta_x=5, screen_x=115.0, screen_y=13.0, style=Style(bgcolor=Color('#121212', ColorType.TRUECOLOR, triplet=ColorTriplet(red=18, green=18, blue=18)))) >>> Vertical() method=None
MouseMove(Vertical(), x=9, y=12, pointer_x=9.0, pointer_y=12.0, delta_x=5, screen_x=115.0, screen_y=13.0, style=Style(bgcolor=Color('#121212', ColorType.TRUECOLOR, triplet=ColorTriplet(red=18, green=18, blue=18)))) >>> Horizontal() method=None
MouseMove(Vertical(), x=9, y=12, pointer_x=9.0, pointer_y=12.0, delta_x=5, screen_x=115.0, screen_y=13.0, style=Style(bgcolor=Color('#121212', ColorType.TRUECOLOR, triplet=ColorTriplet(red=18, green=18, blue=18)))) >>> MainScreen() method=None
MouseMove(Vertical(), x=9, y=12, pointer_x=9.0, pointer_y=12.0, delta_x=5, screen_x=115.0, screen_y=13.0, style=Style(bgcolor=Color('#121212', ColorType.TRUECOLOR, triplet=ColorTriplet(red=18, green=18, blue=18)))) >>> MidiRouterApp(title='MidiRouterApp', classes={'-dark-mode'}, pseudo_classes={'focus', 'dark'}) method=None
MouseMove(Vertical(), x=17, y=12, pointer_x=17.0, pointer_y=12.0, delta_x=8, screen_x=123.0, screen_y=13.0, style=Style(bgcolor=Color('#121212', ColorType.TRUECOLOR, triplet=ColorTriplet(red=18, green=18, blue=18)))) >>> Vertical() method=None
MouseMove(Vertical(), x=17, y=12, pointer_x=17.0, pointer_y=12.0, delta_x=8, screen_x=123.0, screen_y=13.0, style=Style(bgcolor=Color('#121212', ColorType.TRUECOLOR, triplet=ColorTriplet(red=18, green=18, blue=18)))) >>> Horizontal() method=None
MouseMove(Vertical(), x=17, y=12, pointer_x=17.0, pointer_y=12.0, delta_x=8, screen_x=123.0, screen_y=13.0, style=Style(bgcolor=Color('#121212', ColorType.TRUECOLOR, triplet=ColorTriplet(red=18, green=18, blue=18)))) >>> MainScreen() method=None
MouseMove(Vertical(), x=17, y=12, pointer_x=17.0, pointer_y=12.0, delta_x=8, screen_x=123.0, screen_y=13.0, style=Style(bgcolor=Color('#121212', ColorType.TRUECOLOR, triplet=ColorTriplet(red=18, green=18, blue=18)))) >>> MidiRouterApp(title='MidiRouterApp', classes={'-dark-mode'}, pseudo_classes={'focus', 'dark'}) method=None
MouseMove(Vertical(), x=21, y=12, pointer_x=21.0, pointer_y=12.0, delta_x=4, screen_x=127.0, screen_y=13.0, style=Style(bgcolor=Color('#121212', ColorType.TRUECOLOR, triplet=ColorTriplet(red=18, green=18, blue=18)))) >>> Vertical() method=None
MouseMove(Vertical(), x=21, y=12, pointer_x=21.0, pointer_y=12.0, delta_x=4, screen_x=127.0, screen_y=13.0, style=Style(bgcolor=Color('#121212', ColorType.TRUECOLOR, triplet=ColorTriplet(red=18, green=18, blue=18)))) >>> Horizontal() method=None
MouseMove(Vertical(), x=21, y=12, pointer_x=21.0, pointer_y=12.0, delta_x=4, screen_x=127.0, screen_y=13.0, style=Style(bgcolor=Color('#121212', ColorType.TRUECOLOR, triplet=ColorTriplet(red=18, green=18, blue=18)))) >>> MainScreen() method=None
MouseMove(Vertical(), x=21, y=12, pointer_x=21.0, pointer_y=12.0, delta_x=4, screen_x=127.0, screen_y=13.0, style=Style(bgcolor=Color('#121212', ColorType.TRUECOLOR, triplet=ColorTriplet(red=18, green=18, blue=18)))) >>> MidiRouterApp(title='MidiRouterApp', classes={'-dark-mode'}, pseudo_classes={'focus', 'dark'}) method=None
MouseMove(Vertical(), x=24, y=11, pointer_x=24.0, pointer_y=11.0, delta_x=3, delta_y=-1, screen_x=130.0, screen_y=12.0, style=Style(bgcolor=Color('#121212', ColorType.TRUECOLOR, triplet=ColorTriplet(red=18, green=18, blue=18)))) >>> Vertical() method=None
MouseMove(Vertical(), x=24, y=11, pointer_x=24.0, pointer_y=11.0, delta_x=3, delta_y=-1, screen_x=130.0, screen_y=12.0, style=Style(bgcolor=Color('#121212', ColorType.TRUECOLOR, triplet=ColorTriplet(red=18, green=18, blue=18)))) >>> Horizontal() method=None
MouseMove(Vertical(), x=24, y=11, pointer_x=24.0, pointer_y=11.0, delta_x=3, delta_y=-1, screen_x=130.0, screen_y=12.0, style=Style(bgcolor=Color('#121212', ColorType.TRUECOLOR, triplet=ColorTriplet(red=18, green=18, blue=18)))) >>> MainScreen() method=None
MouseMove(Vertical(), x=24, y=11, pointer_x=24.0, pointer_y=11.0, delta_x=3, delta_y=-1, screen_x=130.0, screen_y=12.0, style=Style(bgcolor=Color('#121212', ColorType.TRUECOLOR, triplet=ColorTriplet(red=18, green=18, blue=18)))) >>> MidiRouterApp(title='MidiRouterApp', classes={'-dark-mode'}, pseudo_classes={'focus', 'dark'}) method=None
MouseMove(Vertical(), x=27, y=11, pointer_x=27.0, pointer_y=11.0, delta_x=3, screen_x=133.0, screen_y=12.0, style=Style(bgcolor=Color('#121212', ColorType.TRUECOLOR, triplet=ColorTriplet(red=18, green=18, blue=18)))) >>> Vertical() method=None
MouseMove(Vertical(), x=27, y=11, pointer_x=27.0, pointer_y=11.0, delta_x=3, screen_x=133.0, screen_y=12.0, style=Style(bgcolor=Color('#121212', ColorType.TRUECOLOR, triplet=ColorTriplet(red=18, green=18, blue=18)))) >>> Horizontal() method=None
MouseMove(Vertical(), x=27, y=11, pointer_x=27.0, pointer_y=11.0, delta_x=3, screen_x=133.0, screen_y=12.0, style=Style(bgcolor=Color('#121212', ColorType.TRUECOLOR, triplet=ColorTriplet(red=18, green=18, blue=18)))) >>> MainScreen() method=None
MouseMove(Vertical(), x=27, y=11, pointer_x=27.0, pointer_y=11.0, delta_x=3, screen_x=133.0, screen_y=12.0, style=Style(bgcolor=Color('#121212', ColorType.TRUECOLOR, triplet=ColorTriplet(red=18, green=18, blue=18)))) >>> MidiRouterApp(title='MidiRouterApp', classes={'-dark-mode'}, pseudo_classes={'focus', 'dark'}) method=None
MouseMove(Vertical(), x=28, y=11, pointer_x=28.0, pointer_y=11.0, delta_x=1, screen_x=134.0, screen_y=12.0, style=Style(bgcolor=Color('#121212', ColorType.TRUECOLOR, triplet=ColorTriplet(red=18, green=18, blue=18)))) >>> Vertical() method=None
MouseMove(Vertical(), x=28, y=11, pointer_x=28.0, pointer_y=11.0, delta_x=1, screen_x=134.0, screen_y=12.0, style=Style(bgcolor=Color('#121212', ColorType.TRUECOLOR, triplet=ColorTriplet(red=18, green=18, blue=18)))) >>> Horizontal() method=None
MouseMove(Vertical(), x=28, y=11, pointer_x=28.0, pointer_y=11.0, delta_x=1, screen_x=134.0, screen_y=12.0, style=Style(bgcolor=Color('#121212', ColorType.TRUECOLOR, triplet=ColorTriplet(red=18, green=18, blue=18)))) >>> MainScreen() method=None
MouseMove(Vertical(), x=28, y=11, pointer_x=28.0, pointer_y=11.0, delta_x=1, screen_x=134.0, screen_y=12.0, style=Style(bgcolor=Color('#121212', ColorType.TRUECOLOR, triplet=ColorTriplet(red=18, green=18, blue=18)))) >>> MidiRouterApp(title='MidiRouterApp', classes={'-dark-mode'}, pseudo_classes={'focus', 'dark'}) method=None
MouseMove(Vertical(), x=28, y=10, pointer_x=28.0, pointer_y=10.0, delta_y=-1, screen_x=134.0, screen_y=11.0, style=Style(bgcolor=Color('#121212', ColorType.TRUECOLOR, triplet=ColorTriplet(red=18, green=18, blue=18)))) >>> Vertical() method=None
MouseMove(Vertical(), x=28, y=10, pointer_x=28.0, pointer_y=10.0, delta_y=-1, screen_x=134.0, screen_y=11.0, style=Style(bgcolor=Color('#121212', ColorType.TRUECOLOR, triplet=ColorTriplet(red=18, green=18, blue=18)))) >>> Horizontal() method=None
MouseMove(Vertical(), x=28, y=10, pointer_x=28.0, pointer_y=10.0, delta_y=-1, screen_x=134.0, screen_y=11.0, style=Style(bgcolor=Color('#121212', ColorType.TRUECOLOR, triplet=ColorTriplet(red=18, green=18, blue=18)))) >>> MainScreen() method=None
MouseMove(Vertical(), x=28, y=10, pointer_x=28.0, pointer_y=10.0, delta_y=-1, screen_x=134.0, screen_y=11.0, style=Style(bgcolor=Color('#121212', ColorType.TRUECOLOR, triplet=ColorTriplet(red=18, green=18, blue=18)))) >>> MidiRouterApp(title='MidiRouterApp', classes={'-dark-mode'}, pseudo_classes={'focus', 'dark'}) method=None
MouseMove(Vertical(), x=27, y=9, pointer_x=27.0, pointer_y=9.0, delta_x=-1, delta_y=-1, screen_x=133.0, screen_y=10.0, style=Style(bgcolor=Color('#121212', ColorType.TRUECOLOR, triplet=ColorTriplet(red=18, green=18, blue=18)))) >>> Vertical() method=None
MouseMove(Vertical(), x=27, y=9, pointer_x=27.0, pointer_y=9.0, delta_x=-1, delta_y=-1, screen_x=133.0, screen_y=10.0, style=Style(bgcolor=Color('#121212', ColorType.TRUECOLOR, triplet=ColorTriplet(red=18, green=18, blue=18)))) >>> Horizontal() method=None
MouseMove(Vertical(), x=27, y=9, pointer_x=27.0, pointer_y=9.0, delta_x=-1, delta_y=-1, screen_x=133.0, screen_y=10.0, style=Style(bgcolor=Color('#121212', ColorType.TRUECOLOR, triplet=ColorTriplet(red=18, green=18, blue=18)))) >>> MainScreen() method=None
MouseMove(Vertical(), x=27, y=9, pointer_x=27.0, pointer_y=9.0, delta_x=-1, delta_y=-1, screen_x=133.0, screen_y=10.0, style=Style(bgcolor=Color('#121212', ColorType.TRUECOLOR, triplet=ColorTriplet(red=18, green=18, blue=18)))) >>> MidiRouterApp(title='MidiRouterApp', classes={'-dark-mode'}, pseudo_classes={'focus', 'dark'}) method=None
MouseMove(Vertical(), x=26, y=9, pointer_x=26.0, pointer_y=9.0, delta_x=-1, screen_x=132.0, screen_y=10.0, style=Style(bgcolor=Color('#121212', ColorType.TRUECOLOR, triplet=ColorTriplet(red=18, green=18, blue=18)))) >>> Vertical() method=None
MouseMove(Vertical(), x=26, y=9, pointer_x=26.0, pointer_y=9.0, delta_x=-1, screen_x=132.0, screen_y=10.0, style=Style(bgcolor=Color('#121212', ColorType.TRUECOLOR, triplet=ColorTriplet(red=18, green=18, blue=18)))) >>> Horizontal() method=None
MouseMove(Vertical(), x=26, y=9, pointer_x=26.0, pointer_y=9.0, delta_x=-1, screen_x=132.0, screen_y=10.0, style=Style(bgcolor=Color('#121212', ColorType.TRUECOLOR, triplet=ColorTriplet(red=18, green=18, blue=18)))) >>> MainScreen() method=None
MouseMove(Vertical(), x=26, y=9, pointer_x=26.0, pointer_y=9.0, delta_x=-1, screen_x=132.0, screen_y=10.0, style=Style(bgcolor=Color('#121212', ColorType.TRUECOLOR, triplet=ColorTriplet(red=18, green=18, blue=18)))) >>> MidiRouterApp(title='MidiRouterApp', classes={'-dark-mode'}, pseudo_classes={'focus', 'dark'}) method=None
MouseMove(Vertical(), x=26, y=8, pointer_x=26.0, pointer_y=8.0, delta_y=-1, screen_x=132.0, screen_y=9.0, style=Style(bgcolor=Color('#121212', ColorType.TRUECOLOR, triplet=ColorTriplet(red=18, green=18, blue=18)))) >>> Vertical() method=None
MouseMove(Vertical(), x=26, y=8, pointer_x=26.0, pointer_y=8.0, delta_y=-1, screen_x=132.0, screen_y=9.0, style=Style(bgcolor=Color('#121212', ColorType.TRUECOLOR, triplet=ColorTriplet(red=18, green=18, blue=18)))) >>> Horizontal() method=None
MouseMove(Vertical(), x=26, y=8, pointer_x=26.0, pointer_y=8.0, delta_y=-1, screen_x=132.0, screen_y=9.0, style=Style(bgcolor=Color('#121212', ColorType.TRUECOLOR, triplet=ColorTriplet(red=18, green=18, blue=18)))) >>> MainScreen() method=None
MouseMove(Vertical(), x=26, y=8, pointer_x=26.0, pointer_y=8.0, delta_y=-1, screen_x=132.0, screen_y=9.0, style=Style(bgcolor=Color('#121212', ColorType.TRUECOLOR, triplet=ColorTriplet(red=18, green=18, blue=18)))) >>> MidiRouterApp(title='MidiRouterApp', classes={'-dark-mode'}, pseudo_classes={'focus', 'dark'}) method=None
MouseDown(None, x=26, y=8, pointer_x=26.0, pointer_y=8.0, screen_x=132.0, screen_y=9.0, button=1, style=Style(bgcolor=Color('#121212', ColorType.TRUECOLOR, triplet=ColorTriplet(red=18, green=18, blue=18)))) >>> Vertical() method=<Widget.on_mouse_down>
MouseDown(None, x=26, y=8, pointer_x=26.0, pointer_y=8.0, screen_x=132.0, screen_y=9.0, button=1, style=Style(bgcolor=Color('#121212', ColorType.TRUECOLOR, triplet=ColorTriplet(red=18, green=18, blue=18)))) >>> Horizontal() method=<Widget.on_mouse_down>
MouseDown(None, x=26, y=8, pointer_x=26.0, pointer_y=8.0, screen_x=132.0, screen_y=9.0, button=1, style=Style(bgcolor=Color('#121212', ColorType.TRUECOLOR, triplet=ColorTriplet(red=18, green=18, blue=18)))) >>> MainScreen() method=<Widget.on_mouse_down>
MouseDown(None, x=26, y=8, pointer_x=26.0, pointer_y=8.0, screen_x=132.0, screen_y=9.0, button=1, style=Style(bgcolor=Color('#121212', ColorType.TRUECOLOR, triplet=ColorTriplet(red=18, green=18, blue=18)))) >>> MidiRouterApp(title='MidiRouterApp', classes={'-dark-mode'}, pseudo_classes={'focus', 'dark'}) method=None
MouseUp(None, x=26, y=8, pointer_x=26.0, pointer_y=8.0, screen_x=132.0, screen_y=9.0, button=1, style=Style(bgcolor=Color('#121212', ColorType.TRUECOLOR, triplet=ColorTriplet(red=18, green=18, blue=18)))) >>> Vertical() method=<Widget.on_mouse_up>
Click(Vertical(), x=26, y=8, pointer_x=26, pointer_y=8, screen_x=132, screen_y=9, button=1, style=Style(bgcolor=Color('#121212', ColorType.TRUECOLOR, triplet=ColorTriplet(red=18, green=18, blue=18))), chain=1) >>> Vertical() method=<Widget.on_click>
MouseUp(None, x=26, y=8, pointer_x=26.0, pointer_y=8.0, screen_x=132.0, screen_y=9.0, button=1, style=Style(bgcolor=Color('#121212', ColorType.TRUECOLOR, triplet=ColorTriplet(red=18, green=18, blue=18)))) >>> Horizontal() method=<Widget.on_mouse_up>
Click(Vertical(), x=26, y=8, pointer_x=26, pointer_y=8, screen_x=132, screen_y=9, button=1, style=Style(bgcolor=Color('#121212', ColorType.TRUECOLOR, triplet=ColorTriplet(red=18, green=18, blue=18))), chain=1) >>> Horizontal() method=<Widget.on_click>
MouseUp(None, x=26, y=8, pointer_x=26.0, pointer_y=8.0, screen_x=132.0, screen_y=9.0, button=1, style=Style(bgcolor=Color('#121212', ColorType.TRUECOLOR, triplet=ColorTriplet(red=18, green=18, blue=18)))) >>> MainScreen() method=<Widget.on_mouse_up>
Click(Vertical(), x=26, y=8, pointer_x=26, pointer_y=8, screen_x=132, screen_y=9, button=1, style=Style(bgcolor=Color('#121212', ColorType.TRUECOLOR, triplet=ColorTriplet(red=18, green=18, blue=18))), chain=1) >>> MainScreen() method=<Widget.on_click>
MouseUp(None, x=26, y=8, pointer_x=26.0, pointer_y=8.0, screen_x=132.0, screen_y=9.0, button=1, style=Style(bgcolor=Color('#121212', ColorType.TRUECOLOR, triplet=ColorTriplet(red=18, green=18, blue=18)))) >>> MidiRouterApp(title='MidiRouterApp', classes={'-dark-mode'}, pseudo_classes={'focus', 'dark'}) method=None
Click(Vertical(), x=26, y=8, pointer_x=26, pointer_y=8, screen_x=132, screen_y=9, button=1, style=Style(bgcolor=Color('#121212', ColorType.TRUECOLOR, triplet=ColorTriplet(red=18, green=18, blue=18))), chain=1) >>> MidiRouterApp(title='MidiRouterApp', classes={'-dark-mode'}, pseudo_classes={'focus', 'dark'}) method=None
Key(key='tab', character='\t', name='tab', is_printable=False, aliases=['tab', 'ctrl+i']) >>> ListView() method=<Widget.on_key>
Key(key='tab', character='\t', name='tab', is_printable=False, aliases=['tab', 'ctrl+i']) >>> Routes(id='routes-view') method=<Widget.on_key>
Key(key='tab', character='\t', name='tab', is_printable=False, aliases=['tab', 'ctrl+i']) >>> Horizontal() method=<Widget.on_key>
Key(key='tab', character='\t', name='tab', is_printable=False, aliases=['tab', 'ctrl+i']) >>> MainScreen() method=<Widget.on_key>
Key(key='tab', character='\t', name='tab', is_printable=False, aliases=['tab', 'ctrl+i']) >>> MidiRouterApp(title='MidiRouterApp', classes={'-dark-mode'}, pseudo_classes={'focus', 'dark'}) method=<App.on_key>
<action> namespace=MidiRouterApp(title='MidiRouterApp', classes={'-dark-mode'}, pseudo_classes={'focus', 'dark'}) action_name='focus_next' params=()
MouseDown(None, x=26, y=8, pointer_x=26.0, pointer_y=8.0, screen_x=132.0, screen_y=9.0, button=1, style=Style(bgcolor=Color('#121212', ColorType.TRUECOLOR, triplet=ColorTriplet(red=18, green=18, blue=18)))) >>> Vertical() method=<Widget.on_mouse_down>
MouseDown(None, x=26, y=8, pointer_x=26.0, pointer_y=8.0, screen_x=132.0, screen_y=9.0, button=1, style=Style(bgcolor=Color('#121212', ColorType.TRUECOLOR, triplet=ColorTriplet(red=18, green=18, blue=18)))) >>> Horizontal() method=<Widget.on_mouse_down>
MouseDown(None, x=26, y=8, pointer_x=26.0, pointer_y=8.0, screen_x=132.0, screen_y=9.0, button=1, style=Style(bgcolor=Color('#121212', ColorType.TRUECOLOR, triplet=ColorTriplet(red=18, green=18, blue=18)))) >>> MainScreen() method=<Widget.on_mouse_down>
MouseDown(None, x=26, y=8, pointer_x=26.0, pointer_y=8.0, screen_x=132.0, screen_y=9.0, button=1, style=Style(bgcolor=Color('#121212', ColorType.TRUECOLOR, triplet=ColorTriplet(red=18, green=18, blue=18)))) >>> MidiRouterApp(title='MidiRouterApp', classes={'-dark-mode'}, pseudo_classes={'focus', 'dark'}) method=None
MouseUp(None, x=26, y=8, pointer_x=26.0, pointer_y=8.0, screen_x=132.0, screen_y=9.0, button=1, style=Style(bgcolor=Color('#121212', ColorType.TRUECOLOR, triplet=ColorTriplet(red=18, green=18, blue=18)))) >>> Vertical() method=<Widget.on_mouse_up>
Click(Vertical(), x=26, y=8, pointer_x=26, pointer_y=8, screen_x=132, screen_y=9, button=1, style=Style(bgcolor=Color('#121212', ColorType.TRUECOLOR, triplet=ColorTriplet(red=18, green=18, blue=18))), chain=1) >>> Vertical() method=<Widget.on_click>
MouseUp(None, x=26, y=8, pointer_x=26.0, pointer_y=8.0, screen_x=132.0, screen_y=9.0, button=1, style=Style(bgcolor=Color('#121212', ColorType.TRUECOLOR, triplet=ColorTriplet(red=18, green=18, blue=18)))) >>> Horizontal() method=<Widget.on_mouse_up>
Click(Vertical(), x=26, y=8, pointer_x=26, pointer_y=8, screen_x=132, screen_y=9, button=1, style=Style(bgcolor=Color('#121212', ColorType.TRUECOLOR, triplet=ColorTriplet(red=18, green=18, blue=18))), chain=1) >>> Horizontal() method=<Widget.on_click>
MouseUp(None, x=26, y=8, pointer_x=26.0, pointer_y=8.0, screen_x=132.0, screen_y=9.0, button=1, style=Style(bgcolor=Color('#121212', ColorType.TRUECOLOR, triplet=ColorTriplet(red=18, green=18, blue=18)))) >>> MainScreen() method=<Widget.on_mouse_up>
Click(Vertical(), x=26, y=8, pointer_x=26, pointer_y=8, screen_x=132, screen_y=9, button=1, style=Style(bgcolor=Color('#121212', ColorType.TRUECOLOR, triplet=ColorTriplet(red=18, green=18, blue=18))), chain=1) >>> MainScreen() method=<Widget.on_click>
MouseUp(None, x=26, y=8, pointer_x=26.0, pointer_y=8.0, screen_x=132.0, screen_y=9.0, button=1, style=Style(bgcolor=Color('#121212', ColorType.TRUECOLOR, triplet=ColorTriplet(red=18, green=18, blue=18)))) >>> MidiRouterApp(title='MidiRouterApp', classes={'-dark-mode'}, pseudo_classes={'focus', 'dark'}) method=None
Click(Vertical(), x=26, y=8, pointer_x=26, pointer_y=8, screen_x=132, screen_y=9, button=1, style=Style(bgcolor=Color('#121212', ColorType.TRUECOLOR, triplet=ColorTriplet(red=18, green=18, blue=18))), chain=1) >>> MidiRouterApp(title='MidiRouterApp', classes={'-dark-mode'}, pseudo_classes={'focus', 'dark'}) method=None
Key(key='tab', character='\t', name='tab', is_printable=False, aliases=['tab', 'ctrl+i']) >>> ListView() method=<Widget.on_key>
Key(key='tab', character='\t', name='tab', is_printable=False, aliases=['tab', 'ctrl+i']) >>> Routes(id='routes-view') method=<Widget.on_key>
Key(key='tab', character='\t', name='tab', is_printable=False, aliases=['tab', 'ctrl+i']) >>> Horizontal() method=<Widget.on_key>
Key(key='tab', character='\t', name='tab', is_printable=False, aliases=['tab', 'ctrl+i']) >>> MainScreen() method=<Widget.on_key>
Key(key='tab', character='\t', name='tab', is_printable=False, aliases=['tab', 'ctrl+i']) >>> MidiRouterApp(title='MidiRouterApp', classes={'-dark-mode'}, pseudo_classes={'focus', 'dark'}) method=<App.on_key>
<action> namespace=MidiRouterApp(title='MidiRouterApp', classes={'-dark-mode'}, pseudo_classes={'focus', 'dark'}) action_name='focus_next' params=()
Key(key='tab', character='\t', name='tab', is_printable=False, aliases=['tab', 'ctrl+i']) >>> ListView() method=<Widget.on_key>
Key(key='tab', character='\t', name='tab', is_printable=False, aliases=['tab', 'ctrl+i']) >>> Routes(id='routes-view') method=<Widget.on_key>
Key(key='tab', character='\t', name='tab', is_printable=False, aliases=['tab', 'ctrl+i']) >>> Horizontal() method=<Widget.on_key>
Key(key='tab', character='\t', name='tab', is_printable=False, aliases=['tab', 'ctrl+i']) >>> MainScreen() method=<Widget.on_key>
Key(key='tab', character='\t', name='tab', is_printable=False, aliases=['tab', 'ctrl+i']) >>> MidiRouterApp(title='MidiRouterApp', classes={'-dark-mode'}, pseudo_classes={'focus', 'dark'}) method=<App.on_key>
<action> namespace=MidiRouterApp(title='MidiRouterApp', classes={'-dark-mode'}, pseudo_classes={'focus', 'dark'}) action_name='focus_next' params=()
<action> namespace=MidiRouterApp(title='MidiRouterApp', classes={'-dark-mode'}, pseudo_classes={'focus', 'dark'}) action_name='command_palette' params=()
Compose() >>> CommandPalette(id='--command-palette', classes='--textual-command-palette') method=<Widget.on_compose>
Compose() >>> ToastRack(id='textual-toastrack', classes='-textual-system') method=<Widget.on_compose>
Mount() >>> ToastRack(id='textual-toastrack', classes='-textual-system') method=<Widget.on_mount>
Compose() >>> Tooltip(id='textual-tooltip', classes='-textual-system') method=<Widget.on_compose>
Mount() >>> Tooltip(id='textual-tooltip', classes='-textual-system') method=<Widget.on_mount>
Compose() >>> Vertical(id='--container') method=<Widget.on_compose>
Compose() >>> Horizontal(id='--input') method=<Widget.on_compose>
Compose() >>> SearchIcon() method=<Widget.on_compose>
Mount() >>> SearchIcon() method=<Widget.on_mount>
Compose() >>> CommandInput() method=<Widget.on_compose>
Mount() >>> CommandInput() method=<Input.on_mount>
Mount() >>> CommandInput() method=<ScrollView.on_mount>
Mount() >>> CommandInput() method=<Widget.on_mount>
Compose() >>> Vertical(id='--results') method=<Widget.on_compose>
Compose() >>> CommandList() method=<Widget.on_compose>
Mount() >>> CommandList() method=<OptionList.on_mount>
Mount() >>> CommandList() method=<ScrollView.on_mount>
Mount() >>> CommandList() method=<Widget.on_mount>
Compose() >>> LoadingIndicator() method=<Widget.on_compose>
Mount() >>> LoadingIndicator() method=<LoadingIndicator.on_mount>
Mount() >>> LoadingIndicator() method=<Widget.on_mount>
CommandInput() was focused
CommandPalette(id='--command-palette', classes='--textual-command-palette') is current (PUSHED)
ScreenSuspend() >>> MainScreen() method=<Screen.on_screen_suspend>
Focus(from_app_focus=False) >>> CommandInput() method=<Input.on_focus>
Focus(from_app_focus=False) >>> CommandInput() method=<Widget.on_focus>
Leave() >>> Vertical() method=<Widget.on_leave>
InvokeLater(callback=functools.partial(<bound method Widget.recompose of Footer()>)) >>> Footer() method=<MessagePump.on_invoke_later>
Leave() >>> Horizontal() method=<Widget.on_leave>
Leave() >>> MainScreen() method=<Widget.on_leave>
Mount() >>> Horizontal(id='--input') method=<Widget.on_mount>
Mount() >>> Vertical(id='--results') method=<Widget.on_mount>
Callback(callback=functools.partial(<function Widget.mount.<locals>.update_styles at 0x0000016732CD3600>, [SearchIcon(), CommandInput()])) >>> Horizontal(id='--input') method=<MessagePump.on_callback>
DescendantFocus(widget=CommandInput()) >>> Horizontal(id='--input') method=None
Callback(callback=functools.partial(<function Widget.mount.<locals>.update_styles at 0x0000016732D78B80>, [CommandList(), LoadingIndicator()])) >>> Vertical(id='--results') method=<MessagePump.on_callback>
Mount() >>> Vertical(id='--container') method=<Widget.on_mount>
Callback(callback=functools.partial(<function Widget.mount.<locals>.update_styles at 0x0000016732CD3C40>, [Horizontal(id='--input'), Vertical(id='--results')])) >>> Vertical(id='--container') method=<MessagePump.on_callback>
DescendantFocus(widget=CommandInput()) >>> Vertical(id='--container') method=None
Mount() >>> CommandPalette(id='--command-palette', classes='--textual-command-palette') method=<CommandPalette.on_mount>
<Worker RUNNING name='_gather_commands' group='--textual-command-palette-gather-commands' description="_gather_commands('')">
Compose() >>> ScrollBar(name='vertical', classes='-textual-system', window_virtual_size=100, window_size=0, position=0, thickness=2) method=<Widget.on_compose>
Mount() >>> ScrollBar(name='vertical', classes='-textual-system', window_virtual_size=100, window_size=0, position=0, thickness=2) method=<Widget.on_mount>
<Worker SUCCESS name='_gather_commands' group='--textual-command-palette-gather-commands' description="_gather_commands('')">
Mount() >>> CommandPalette(id='--command-palette', classes='--textual-command-palette -ready') method=<Screen.on_mount>
Mount() >>> CommandPalette(id='--command-palette', classes='--textual-command-palette -ready') method=<Widget.on_mount>
OptionHighlighted(option_list=CommandList(classes='--visible'), option=Command(Content('Keys\nShow help for the focused widget and a summary of available keys', spans=[Span(5, 69, style=Style(background=Color(0, 0, 0, a=0), foreground=Color(0, 0, 0, a=0.6, auto=True), bold=False))]), id='0'), option_id='0', option_index=0) >>> CommandList(classes='--visible') method=None
Callback(callback=functools.partial(<function Widget.mount.<locals>.update_styles at 0x000001673158F2E0>, [])) >>> CommandPalette(id='--command-palette', classes='--textual-command-palette -ready') method=<MessagePump.on_callback>
Callback(callback=functools.partial(<function Screen.set_focus.<locals>.scroll_to_center at 0x0000016732DAFD80>, CommandInput())) >>> CommandPalette(id='--command-palette', classes='--textual-command-palette -ready') method=<MessagePump.on_callback>
InvokeLater(callback=functools.partial(<bound method Screen.refresh_bindings of CommandPalette(id='--command-palette', classes='--textual-command-palette -ready')>)) >>> CommandPalette(id='--command-palette', classes='--textual-command-palette -ready') method=<MessagePump.on_invoke_later>
ScreenResume() >>> CommandPalette(id='--command-palette', classes='--textual-command-palette -ready') method=<Screen.on_screen_resume>
Layout() >>> CommandPalette(id='--command-palette', classes='--textual-command-palette -ready') method=<Screen.on_layout>
Update(CommandInput()) >>> CommandPalette(id='--command-palette', classes='--textual-command-palette -ready') method=<Screen.on_update>
Update(Horizontal(id='--input', classes='--list-visible')) >>> CommandPalette(id='--command-palette', classes='--textual-command-palette -ready') method=<Screen.on_update>
Layout() >>> CommandPalette(id='--command-palette', classes='--textual-command-palette -ready') method=<Screen.on_layout>
Update(Vertical(id='--results')) >>> CommandPalette(id='--command-palette', classes='--textual-command-palette -ready') method=<Screen.on_update>
Layout() >>> CommandPalette(id='--command-palette', classes='--textual-command-palette -ready') method=<Screen.on_layout>
DescendantFocus(widget=CommandInput()) >>> CommandPalette(id='--command-palette', classes='--textual-command-palette -ready') method=None
StateChanged(<Worker SUCCESS name='_gather_commands' group='--textual-command-palette-gather-commands' description="_gather_commands('')">, <WorkerState.PENDING: 1>) >>> CommandPalette(id='--command-palette', classes='--textual-command-palette -ready') method=None
StateChanged(<Worker SUCCESS name='_gather_commands' group='--textual-command-palette-gather-commands' description="_gather_commands('')">, <WorkerState.RUNNING: 2>) >>> CommandPalette(id='--command-palette', classes='--textual-command-palette -ready') method=None
StateChanged(<Worker SUCCESS name='_gather_commands' group='--textual-command-palette-gather-commands' description="_gather_commands('')">, <WorkerState.SUCCESS: 5>) >>> CommandPalette(id='--command-palette', classes='--textual-command-palette -ready') method=None
Update(CommandList(classes='--visible')) >>> CommandPalette(id='--command-palette', classes='--textual-command-palette -ready') method=<Screen.on_update>
Layout() >>> CommandPalette(id='--command-palette', classes='--textual-command-palette -ready') method=<Screen.on_layout>
Update(Horizontal(id='--input', classes='--list-visible')) >>> CommandPalette(id='--command-palette', classes='--textual-command-palette -ready') method=<Screen.on_update>
Layout() >>> CommandPalette(id='--command-palette', classes='--textual-command-palette -ready') method=<Screen.on_layout>
Update(Vertical(id='--container')) >>> CommandPalette(id='--command-palette', classes='--textual-command-palette -ready') method=<Screen.on_update>
Layout() >>> CommandPalette(id='--command-palette', classes='--textual-command-palette -ready') method=<Screen.on_layout>
Callback(callback=functools.partial(<bound method Reactive._compute of <class 'textual.reactive.Reactive'>>, CommandPalette(id='--command-palette', classes='--textual-command-palette -ready'))) >>> CommandPalette(id='--command-palette', classes='--textual-command-palette -ready') method=<MessagePump.on_callback>
Resize(size=Size(width=212, height=49)) >>> CommandPalette(id='--command-palette', classes='--textual-command-palette -ready') method=<Screen.on_resize>
Show() >>> CommandPalette(id='--command-palette', classes='--textual-command-palette -ready') method=<Widget.on_show>
OptionHighlighted(option_list=CommandList(classes='--visible'), option=Command(Content('Keys\nShow help for the focused widget and a summary of available keys', spans=[Span(5, 69, style=Style(background=Color(0, 0, 0, a=0), foreground=Color(0, 0, 0, a=0.6, auto=True), bold=False))]), id='0'), option_id='0', option_index=0) >>> Vertical(id='--results') method=None
Resize(size=Size(width=212, height=12), virtual_size=Size(width=212, height=10), container_size=Size(width=212, height=10)) >>> CommandList(classes='--visible') method=<OptionList.on_resize>
Show() >>> CommandList(classes='--visible') method=<OptionList.on_show>
Show() >>> CommandList(classes='--visible') method=<Widget.on_show>
Resize(size=Size(width=207, height=3), virtual_size=Size(width=205, height=1), container_size=Size(width=205, height=1)) >>> CommandInput() method=None
Show() >>> CommandInput() method=<Widget.on_show>
Resize(size=Size(width=2, height=2)) >>> SearchIcon() method=None
Show() >>> SearchIcon() method=<Widget.on_show>
Resize(size=Size(width=212, height=4), virtual_size=Size(width=210, height=3), container_size=Size(width=210, height=3)) >>> Horizontal(id='--input', classes='--list-visible') method=None
Show() >>> Horizontal(id='--input', classes='--list-visible') method=<Widget.on_show>
OptionHighlighted(option_list=CommandList(classes='--visible'), option=Command(Content('Keys\nShow help for the focused widget and a summary of available keys', spans=[Span(5, 69, style=Style(background=Color(0, 0, 0, a=0), foreground=Color(0, 0, 0, a=0.6, auto=True), bold=False))]), id='0'), option_id='0', option_index=0) >>> Vertical(id='--container') method=None
CommandPalette.Opened() >>> MidiRouterApp(title='MidiRouterApp', classes={'-dark-mode'}, pseudo_classes={'focus', 'dark'}) method=None
Callback(callback=functools.partial(<bound method ToastRack.show of ToastRack(id='textual-toastrack', classes='-textual-system')>, <textual.notifications.Notifications object at 0x0000016732AFC980>)) >>> MidiRouterApp(title='MidiRouterApp', classes={'-dark-mode'}, pseudo_classes={'focus', 'dark'}) method=<MessagePump.on_callback>
DescendantFocus(widget=CommandInput()) >>> MidiRouterApp(title='MidiRouterApp', classes={'-dark-mode'}, pseudo_classes={'focus', 'dark'}) method=None
Update(CommandList(classes='--visible')) >>> CommandPalette(id='--command-palette', classes='--textual-command-palette -ready') method=<Screen.on_update>
Layout() >>> CommandPalette(id='--command-palette', classes='--textual-command-palette -ready') method=<Screen.on_layout>
Update(SearchIcon()) >>> CommandPalette(id='--command-palette', classes='--textual-command-palette -ready') method=<Screen.on_update>
Layout() >>> CommandPalette(id='--command-palette', classes='--textual-command-palette -ready') method=<Screen.on_layout>
Update(Horizontal(id='--input', classes='--list-visible')) >>> CommandPalette(id='--command-palette', classes='--textual-command-palette -ready') method=<Screen.on_update>
Layout() >>> CommandPalette(id='--command-palette', classes='--textual-command-palette -ready') method=<Screen.on_layout>
OptionHighlighted(option_list=CommandList(classes='--visible'), option=Command(Content('Keys\nShow help for the focused widget and a summary of available keys', spans=[Span(5, 69, style=Style(background=Color(0, 0, 0, a=0), foreground=Color(0, 0, 0, a=0.6, auto=True), bold=False))]), id='0'), option_id='0', option_index=0) >>> CommandPalette(id='--command-palette', classes='--textual-command-palette -ready') method=<CommandPalette.on_option_list_option_highlighted>
CommandPalette.OptionHighlighted(highlighted_event=OptionHighlighted(option_list=CommandList(classes='--visible'), option=Command(Content('Keys\nShow help for the focused widget and a summary of available keys', spans=[Span(5, 69, style=Style(background=Color(0, 0, 0, a=0), foreground=Color(0, 0, 0, a=0.6, auto=True), bold=False))]), id='0'), option_id='0', option_index=0)) >>> MidiRouterApp(title='MidiRouterApp', classes={'-dark-mode'}, pseudo_classes={'focus', 'dark'}) method=None
Layout() >>> CommandPalette(id='--command-palette', classes='--textual-command-palette -ready') method=<Screen.on_layout>
Prune() >>> FooterKey(classes='-compact -command-palette') method=<Widget.on_prune>
Unmount() >>> FooterKey(classes='-compact -command-palette') method=<Widget.on_unmount>
Compose() >>> FooterKey(classes='-command-palette') method=<Widget.on_compose>
Mount() >>> FooterKey(classes='-command-palette') method=<Widget.on_mount>
Update(Footer()) >>> MainScreen() method=<Screen.on_update>
Layout() >>> MainScreen() method=<Screen.on_layout>
Update(Footer()) >>> MainScreen() method=<Screen.on_update>
Layout() >>> MainScreen() method=<Screen.on_layout>
Update(FooterKey(classes='-compact -command-palette')) >>> MainScreen() method=<Screen.on_update>
Callback(callback=functools.partial(<function Widget.mount.<locals>.update_styles at 0x0000016733078FE0>, [FooterKey(classes='-compact -command-palette')])) >>> Footer() method=<MessagePump.on_callback>
Update(Footer()) >>> MainScreen() method=<Screen.on_update>
Layout() >>> MainScreen() method=<Screen.on_layout>
Resize(size=Size(width=12, height=1), container_size=Size(width=10, height=1)) >>> FooterKey(classes='-compact -command-palette') method=None
Show() >>> FooterKey(classes='-compact -command-palette') method=<Widget.on_show>
Update(FooterKey(classes='-compact -command-palette')) >>> MainScreen() method=<Screen.on_update>
Layout() >>> MainScreen() method=<Screen.on_layout>
<action> namespace=MidiRouterApp(title='MidiRouterApp', classes={'-dark-mode'}, pseudo_classes={'focus', 'dark'}) action_name='command_palette' params=()
Update(CommandInput()) >>> CommandPalette(id='--command-palette', classes='--textual-command-palette -ready') method=<Screen.on_update>
Key(key='grave_accent', character='`', name='grave_accent', is_printable=True) >>> CommandInput() method=<Input.on_key>
Input.Changed(input=CommandInput(classes='-valid'), value='`', validation_result=None) >>> CommandInput(classes='-valid') method=None
Update(CommandInput(classes='-valid')) >>> CommandPalette(id='--command-palette', classes='--textual-command-palette -ready') method=<Screen.on_update>
Layout() >>> CommandPalette(id='--command-palette', classes='--textual-command-palette -ready') method=<Screen.on_layout>
Input.Changed(input=CommandInput(classes='-valid'), value='`', validation_result=None) >>> Horizontal(id='--input', classes='--list-visible') method=None
Input.Changed(input=CommandInput(classes='-valid'), value='`', validation_result=None) >>> Vertical(id='--container') method=None
Input.Changed(input=CommandInput(classes='-valid'), value='`', validation_result=None) >>> CommandPalette(id='--command-palette', classes='--textual-command-palette -ready') method=<CommandPalette.on_input_changed>
<Worker RUNNING name='_gather_commands' group='--textual-command-palette-gather-commands' description="_gather_commands('`')">
<Worker SUCCESS name='_gather_commands' group='--textual-command-palette-gather-commands' description="_gather_commands('`')">
StateChanged(<Worker SUCCESS name='_gather_commands' group='--textual-command-palette-gather-commands' description="_gather_commands('`')">, <WorkerState.PENDING: 1>) >>> CommandPalette(id='--command-palette', classes='--textual-command-palette -ready') method=None
StateChanged(<Worker SUCCESS name='_gather_commands' group='--textual-command-palette-gather-commands' description="_gather_commands('`')">, <WorkerState.RUNNING: 2>) >>> CommandPalette(id='--command-palette', classes='--textual-command-palette -ready') method=None
StateChanged(<Worker SUCCESS name='_gather_commands' group='--textual-command-palette-gather-commands' description="_gather_commands('`')">, <WorkerState.SUCCESS: 5>) >>> CommandPalette(id='--command-palette', classes='--textual-command-palette -ready') method=None
Update(CommandList()) >>> CommandPalette(id='--command-palette', classes='--textual-command-palette -ready') method=<Screen.on_update>
Layout() >>> CommandPalette(id='--command-palette', classes='--textual-command-palette -ready') method=<Screen.on_layout>
Update(Horizontal(id='--input')) >>> CommandPalette(id='--command-palette', classes='--textual-command-palette -ready') method=<Screen.on_update>
Layout() >>> CommandPalette(id='--command-palette', classes='--textual-command-palette -ready') method=<Screen.on_layout>
Hide() >>> CommandList() method=<Widget.on_hide>
Resize(size=Size(width=212, height=5), virtual_size=Size(width=210, height=3), container_size=Size(width=210, height=3)) >>> Horizontal(id='--input') method=None
Key(key='escape', character='\x1b', name='escape', is_printable=False, aliases=['escape', 'ctrl+left_square_brace']) >>> CommandInput(classes='-valid') method=<Input.on_key>
Key(key='escape', character='\x1b', name='escape', is_printable=False, aliases=['escape', 'ctrl+left_square_brace']) >>> CommandInput(classes='-valid') method=<Widget.on_key>
Key(key='escape', character='\x1b', name='escape', is_printable=False, aliases=['escape', 'ctrl+left_square_brace']) >>> Horizontal(id='--input') method=<Widget.on_key>
Key(key='escape', character='\x1b', name='escape', is_printable=False, aliases=['escape', 'ctrl+left_square_brace']) >>> Vertical(id='--container') method=<Widget.on_key>
Key(key='escape', character='\x1b', name='escape', is_printable=False, aliases=['escape', 'ctrl+left_square_brace']) >>> CommandPalette(id='--command-palette', classes='--textual-command-palette -ready') method=<Widget.on_key>
Key(key='escape', character='\x1b', name='escape', is_printable=False, aliases=['escape', 'ctrl+left_square_brace']) >>> MidiRouterApp(title='MidiRouterApp', classes={'-dark-mode'}, pseudo_classes={'focus', 'dark'}) method=<App.on_key>
<action> namespace=CommandPalette(id='--command-palette', classes='--textual-command-palette -ready') action_name='escape' params=()
MainScreen() is active
CommandPalette(id='--command-palette', classes='--textual-command-palette -ready') SUSPENDED
focus was removed
ScreenResume() >>> MainScreen() method=<Screen.on_screen_resume>
ScreenSuspend() >>> CommandPalette(id='--command-palette', classes='--textual-command-palette -ready') method=<Screen.on_screen_suspend>
Prune() >>> CommandPalette(id='--command-palette', classes='--textual-command-palette -ready') method=<Widget.on_prune>
Blur() >>> CommandInput(classes='-valid') method=<Input.on_blur>
Blur() >>> CommandInput(classes='-valid') method=<Widget.on_blur>
Input.Blurred(input=CommandInput(classes='-valid'), value='`', validation_result=None) >>> CommandInput(classes='-valid') method=None
InvokeLater(callback=functools.partial(<bound method Widget.recompose of Footer()>)) >>> Footer() method=<MessagePump.on_invoke_later>
DescendantBlur(widget=CommandInput(classes='-valid')) >>> Horizontal(id='--input') method=None
Input.Blurred(input=CommandInput(classes='-valid'), value='`', validation_result=None) >>> Horizontal(id='--input') method=None
DescendantBlur(widget=CommandInput(classes='-valid')) >>> Vertical(id='--container') method=None
Input.Blurred(input=CommandInput(classes='-valid'), value='`', validation_result=None) >>> Vertical(id='--container') method=None
Prune() >>> FooterKey(classes='-compact -command-palette') method=<Widget.on_prune>
Unmount() >>> FooterKey(classes='-compact -command-palette') method=<Widget.on_unmount>
Compose() >>> FooterKey(classes='-command-palette') method=<Widget.on_compose>
Mount() >>> FooterKey(classes='-command-palette') method=<Widget.on_mount>
Update(Footer()) >>> MainScreen() method=<Screen.on_update>
Layout() >>> MainScreen() method=<Screen.on_layout>
Update(FooterKey(classes='-compact -command-palette')) >>> MainScreen() method=<Screen.on_update>
InvokeLater(callback=functools.partial(<bound method Screen.refresh_bindings of CommandPalette(id='--command-palette', classes='--textual-command-palette -ready')>)) >>> CommandPalette(id='--command-palette', classes='--textual-command-palette -ready') method=<MessagePump.on_invoke_later>
Callback(callback=functools.partial(<function Widget.mount.<locals>.update_styles at 0x0000016732F6EB60>, [FooterKey(classes='-compact -command-palette')])) >>> Footer() method=<MessagePump.on_callback>
Update(Footer()) >>> MainScreen() method=<Screen.on_update>
Layout() >>> MainScreen() method=<Screen.on_layout>
Prune() >>> ToastRack(id='textual-toastrack', classes='-textual-system') method=<Widget.on_prune>
Prune() >>> Tooltip(id='textual-tooltip', classes='-textual-system') method=<Widget.on_prune>
Unmount() >>> Tooltip(id='textual-tooltip', classes='-textual-system') method=<Widget.on_unmount>
Prune() >>> Vertical(id='--container') method=<Widget.on_prune>
Prune() >>> ScrollBar(name='vertical', classes='-textual-system', window_virtual_size=100, window_size=0, position=0, thickness=2) method=<Widget.on_prune>
Unmount() >>> ScrollBar(name='vertical', classes='-textual-system', window_virtual_size=100, window_size=0, position=0, thickness=2) method=<Widget.on_unmount>
Prune() >>> Horizontal(id='--input') method=<Widget.on_prune>
Prune() >>> Vertical(id='--results') method=<Widget.on_prune>
Prune() >>> SearchIcon() method=<Widget.on_prune>
Unmount() >>> SearchIcon() method=<Widget.on_unmount>
Prune() >>> CommandInput(classes='-valid') method=<Widget.on_prune>
Prune() >>> CommandList() method=<Widget.on_prune>
Unmount() >>> CommandList() method=<Widget.on_unmount>
Prune() >>> LoadingIndicator() method=<Widget.on_prune>
Unmount() >>> ToastRack(id='textual-toastrack', classes='-textual-system') method=<Widget.on_unmount>
Resize(size=Size(width=12, height=1), container_size=Size(width=10, height=1)) >>> FooterKey(classes='-compact -command-palette') method=None
Show() >>> FooterKey(classes='-compact -command-palette') method=<Widget.on_show>
Update(FooterKey(classes='-compact -command-palette')) >>> MainScreen() method=<Screen.on_update>
Layout() >>> MainScreen() method=<Screen.on_layout>
Unmount() >>> CommandInput(classes='-valid') method=<Widget.on_unmount>
Unmount() >>> Horizontal(id='--input') method=<Widget.on_unmount>
Unmount() >>> LoadingIndicator() method=<Widget.on_unmount>
Unmount() >>> Vertical(id='--results') method=<Widget.on_unmount>
Unmount() >>> Vertical(id='--container') method=<Widget.on_unmount>
Unmount() >>> CommandPalette(id='--command-palette', classes='--textual-command-palette -ready') method=<CommandPalette.on_unmount>
Unmount() >>> CommandPalette(id='--command-palette', classes='--textual-command-palette -ready') method=<Widget.on_unmount>
CommandPalette(id='--command-palette', classes='--textual-command-palette -ready') REMOVED
CommandPalette.Closed(option_selected=False) >>> MidiRouterApp(title='MidiRouterApp', classes={'-dark-mode'}, pseudo_classes={'focus', 'dark'}) method=None
Callback(callback=functools.partial(<bound method ToastRack.show of ToastRack(id='textual-toastrack', classes='-textual-system')>, <textual.notifications.Notifications object at 0x0000016732AFC980>)) >>> MidiRouterApp(title='MidiRouterApp', classes={'-dark-mode'}, pseudo_classes={'focus', 'dark'}) method=<MessagePump.on_callback>
Update(Footer()) >>> MainScreen() method=<Screen.on_update>
Layout() >>> MainScreen() method=<Screen.on_layout>
AppBlur() >>> MidiRouterApp(title='MidiRouterApp', classes={'-dark-mode'}, pseudo_classes={'focus', 'dark'}) method=<App.on_app_blur>
focus was removed
Blur() >>> ListView() method=<Widget.on_blur>
InvokeLater(callback=functools.partial(<bound method Screen.refresh_bindings of MainScreen()>)) >>> MainScreen() method=<MessagePump.on_invoke_later>
Update(HeaderTitle()) >>> MainScreen() method=<Screen.on_update>
Update(ListView()) >>> MainScreen() method=<Screen.on_update>
ListView() was focused
DescendantBlur(widget=ListView()) >>> Routes(id='routes-view') method=None
InvokeLater(callback=functools.partial(<bound method Widget.recompose of Footer()>)) >>> Footer() method=<MessagePump.on_invoke_later>
InvokeLater(callback=functools.partial(<bound method Screen.refresh_bindings of MainScreen()>)) >>> MainScreen() method=<MessagePump.on_invoke_later>
Focus(from_app_focus=True) >>> ListView() method=<Widget.on_focus>
Key(key='escape', character='\x1b', name='escape', is_printable=False, aliases=['escape', 'ctrl+left_square_brace']) >>> ListView() method=<Widget.on_key>
DescendantBlur(widget=ListView()) >>> Horizontal() method=None
InvokeLater(callback=functools.partial(<bound method Widget.recompose of Footer()>)) >>> Footer() method=<MessagePump.on_invoke_later>
Prune() >>> FooterKey(classes='-compact -command-palette') method=<Widget.on_prune>
Unmount() >>> FooterKey(classes='-compact -command-palette') method=<Widget.on_unmount>
DescendantFocus(widget=ListView()) >>> Routes(id='routes-view') method=None
Key(key='escape', character='\x1b', name='escape', is_printable=False, aliases=['escape', 'ctrl+left_square_brace']) >>> Routes(id='routes-view') method=<Widget.on_key>
DescendantFocus(widget=ListView()) >>> Horizontal() method=None
Key(key='escape', character='\x1b', name='escape', is_printable=False, aliases=['escape', 'ctrl+left_square_brace']) >>> Horizontal() method=<Widget.on_key>
Compose() >>> FooterKey(classes='-command-palette') method=<Widget.on_compose>
Mount() >>> FooterKey(classes='-command-palette') method=<Widget.on_mount>
Update(Label()) >>> MainScreen() method=<Screen.on_update>
Update(ListItem(classes='-highlight')) >>> MainScreen() method=<Screen.on_update>
Update(Label()) >>> MainScreen() method=<Screen.on_update>
Update(ListItem()) >>> MainScreen() method=<Screen.on_update>
Update(HeaderTitle()) >>> MainScreen() method=<Screen.on_update>
Update(ListView()) >>> MainScreen() method=<Screen.on_update>
DescendantBlur(widget=ListView()) >>> MainScreen() method=None
Update(Label()) >>> MainScreen() method=<Screen.on_update>
Update(ListItem(classes='-highlight')) >>> MainScreen() method=<Screen.on_update>
Update(Label()) >>> MainScreen() method=<Screen.on_update>
Update(ListItem()) >>> MainScreen() method=<Screen.on_update>
Update(Footer()) >>> MainScreen() method=<Screen.on_update>
Layout() >>> MainScreen() method=<Screen.on_layout>
DescendantFocus(widget=ListView()) >>> MainScreen() method=None
Key(key='escape', character='\x1b', name='escape', is_printable=False, aliases=['escape', 'ctrl+left_square_brace']) >>> MainScreen() method=<Widget.on_key>
Update(Footer()) >>> MainScreen() method=<Screen.on_update>
Layout() >>> MainScreen() method=<Screen.on_layout>
Update(FooterKey(classes='-compact -command-palette')) >>> MainScreen() method=<Screen.on_update>
Callback(callback=functools.partial(<function Widget.mount.<locals>.update_styles at 0x0000016732F6ED40>, [FooterKey(classes='-compact -command-palette')])) >>> Footer() method=<MessagePump.on_callback>
InvokeLater(callback=functools.partial(<bound method Widget.recompose of Footer()>)) >>> Footer() method=<MessagePump.on_invoke_later>
DescendantBlur(widget=ListView()) >>> MidiRouterApp(title='MidiRouterApp', classes={'-dark-mode'}, pseudo_classes={'focus', 'dark'}) method=None
DescendantFocus(widget=ListView()) >>> MidiRouterApp(title='MidiRouterApp', classes={'-dark-mode'}, pseudo_classes={'focus', 'dark'}) method=None
Key(key='escape', character='\x1b', name='escape', is_printable=False, aliases=['escape', 'ctrl+left_square_brace']) >>> MidiRouterApp(title='MidiRouterApp', classes={'-dark-mode'}, pseudo_classes={'focus', 'dark'}) method=<App.on_key>
Update(Footer()) >>> MainScreen() method=<Screen.on_update>
Resize(size=Size(width=12, height=1), container_size=Size(width=10, height=1)) >>> FooterKey(classes='-compact -command-palette') method=None
Show() >>> FooterKey(classes='-compact -command-palette') method=<Widget.on_show>
Prune() >>> FooterKey(classes='-compact -command-palette') method=<Widget.on_prune>
Unmount() >>> FooterKey(classes='-compact -command-palette') method=<Widget.on_unmount>
Compose() >>> FooterKey(classes='-command-palette') method=<Widget.on_compose>
Mount() >>> FooterKey(classes='-command-palette') method=<Widget.on_mount>
Callback(callback=functools.partial(<function Widget.mount.<locals>.update_styles at 0x000001673307B6A0>, [FooterKey(classes='-compact -command-palette')])) >>> Footer() method=<MessagePump.on_callback>
Prune() >>> FooterKey(classes='-compact -command-palette') method=<Widget.on_prune>
Unmount() >>> FooterKey(classes='-compact -command-palette') method=<Widget.on_unmount>
Compose() >>> FooterKey(classes='-command-palette') method=<Widget.on_compose>
Mount() >>> FooterKey(classes='-command-palette') method=<Widget.on_mount>
Layout() >>> MainScreen() method=<Screen.on_layout>
Layout() >>> MainScreen() method=<Screen.on_layout>
Update(Footer()) >>> MainScreen() method=<Screen.on_update>
Layout() >>> MainScreen() method=<Screen.on_layout>
Update(Footer()) >>> MainScreen() method=<Screen.on_update>
Layout() >>> MainScreen() method=<Screen.on_layout>
Update(FooterKey(classes='-compact -command-palette')) >>> MainScreen() method=<Screen.on_update>
Update(Footer()) >>> MainScreen() method=<Screen.on_update>
Layout() >>> MainScreen() method=<Screen.on_layout>
Update(Footer()) >>> MainScreen() method=<Screen.on_update>
Layout() >>> MainScreen() method=<Screen.on_layout>
Update(FooterKey(classes='-compact -command-palette')) >>> MainScreen() method=<Screen.on_update>
Callback(callback=functools.partial(<function Widget.mount.<locals>.update_styles at 0x000001673307B9C0>, [FooterKey(classes='-compact -command-palette')])) >>> Footer() method=<MessagePump.on_callback>
Update(Footer()) >>> MainScreen() method=<Screen.on_update>
Layout() >>> MainScreen() method=<Screen.on_layout>
Resize(size=Size(width=12, height=1), container_size=Size(width=10, height=1)) >>> FooterKey(classes='-compact -command-palette') method=None
Show() >>> FooterKey(classes='-compact -command-palette') method=<Widget.on_show>
Update(FooterKey(classes='-compact -command-palette')) >>> MainScreen() method=<Screen.on_update>
Layout() >>> MainScreen() method=<Screen.on_layout>
AppFocus() >>> MidiRouterApp(title='MidiRouterApp', classes={'-dark-mode'}, pseudo_classes={'focus', 'dark'}) method=<App.on_app_focus>
InvokeLater(callback=functools.partial(<bound method Widget.recompose of Footer()>)) >>> Footer() method=<MessagePump.on_invoke_later>
Prune() >>> FooterKey(classes='-compact -command-palette') method=<Widget.on_prune>
Unmount() >>> FooterKey(classes='-compact -command-palette') method=<Widget.on_unmount>
Compose() >>> FooterKey(classes='-command-palette') method=<Widget.on_compose>
Mount() >>> FooterKey(classes='-command-palette') method=<Widget.on_mount>
Update(Footer()) >>> MainScreen() method=<Screen.on_update>
Layout() >>> MainScreen() method=<Screen.on_layout>
Update(Footer()) >>> MainScreen() method=<Screen.on_update>
Layout() >>> MainScreen() method=<Screen.on_layout>
Update(FooterKey(classes='-compact -command-palette')) >>> MainScreen() method=<Screen.on_update>
Callback(callback=functools.partial(<function Widget.mount.<locals>.update_styles at 0x000001673307BD80>, [FooterKey(classes='-compact -command-palette')])) >>> Footer() method=<MessagePump.on_callback>
Update(Footer()) >>> MainScreen() method=<Screen.on_update>
Layout() >>> MainScreen() method=<Screen.on_layout>
Resize(size=Size(width=12, height=1), container_size=Size(width=10, height=1)) >>> FooterKey(classes='-compact -command-palette') method=None
Show() >>> FooterKey(classes='-compact -command-palette') method=<Widget.on_show>
Update(FooterKey(classes='-compact -command-palette')) >>> MainScreen() method=<Screen.on_update>
Layout() >>> MainScreen() method=<Screen.on_layout>
Enter() >>> Vertical() method=<Widget.on_enter>
MouseMove(Vertical(), x=8, y=18, pointer_x=8.0, pointer_y=18.0, delta_x=-18, delta_y=10, screen_x=114.0, screen_y=19.0, style=Style(bgcolor=Color('#121212', ColorType.TRUECOLOR, triplet=ColorTriplet(red=18, green=18, blue=18)))) >>> Vertical() method=None
Enter() >>> Horizontal() method=<Widget.on_enter>
MouseMove(Vertical(), x=8, y=18, pointer_x=8.0, pointer_y=18.0, delta_x=-18, delta_y=10, screen_x=114.0, screen_y=19.0, style=Style(bgcolor=Color('#121212', ColorType.TRUECOLOR, triplet=ColorTriplet(red=18, green=18, blue=18)))) >>> Horizontal() method=None
Enter() >>> MainScreen() method=<Widget.on_enter>
MouseMove(Vertical(), x=8, y=18, pointer_x=8.0, pointer_y=18.0, delta_x=-18, delta_y=10, screen_x=114.0, screen_y=19.0, style=Style(bgcolor=Color('#121212', ColorType.TRUECOLOR, triplet=ColorTriplet(red=18, green=18, blue=18)))) >>> MainScreen() method=None
Enter() >>> MidiRouterApp(title='MidiRouterApp', classes={'-dark-mode'}, pseudo_classes={'focus', 'dark'}) method=None
MouseMove(Vertical(), x=8, y=18, pointer_x=8.0, pointer_y=18.0, delta_x=-18, delta_y=10, screen_x=114.0, screen_y=19.0, style=Style(bgcolor=Color('#121212', ColorType.TRUECOLOR, triplet=ColorTriplet(red=18, green=18, blue=18)))) >>> MidiRouterApp(title='MidiRouterApp', classes={'-dark-mode'}, pseudo_classes={'focus', 'dark'}) method=None
InvokeLater(callback=functools.partial(<function App._update_mouse_over.<locals>.check_mouse at 0x0000016732D78680>)) >>> MidiRouterApp(title='MidiRouterApp', classes={'-dark-mode'}, pseudo_classes={'focus', 'dark'}) method=<MessagePump.on_invoke_later>
AppBlur() >>> MidiRouterApp(title='MidiRouterApp', classes={'-dark-mode'}, pseudo_classes={'focus', 'dark'}) method=<App.on_app_blur>
focus was removed
Blur() >>> ListView() method=<Widget.on_blur>
InvokeLater(callback=functools.partial(<bound method Screen.refresh_bindings of MainScreen()>)) >>> MainScreen() method=<MessagePump.on_invoke_later>
Update(HeaderTitle()) >>> MainScreen() method=<Screen.on_update>
Update(ListView()) >>> MainScreen() method=<Screen.on_update>
DescendantBlur(widget=ListView()) >>> Routes(id='routes-view') method=None
Update(Label()) >>> MainScreen() method=<Screen.on_update>
Update(ListItem(classes='-highlight')) >>> MainScreen() method=<Screen.on_update>
Update(Label()) >>> MainScreen() method=<Screen.on_update>
Update(ListItem()) >>> MainScreen() method=<Screen.on_update>
DescendantBlur(widget=ListView()) >>> Horizontal() method=None
InvokeLater(callback=functools.partial(<function App._update_mouse_over.<locals>.check_mouse at 0x0000016732AD2D40>)) >>> MidiRouterApp(title='MidiRouterApp', classes={'-dark-mode'}, pseudo_classes={'dark', 'blur'}) method=<MessagePump.on_invoke_later>
DescendantBlur(widget=ListView()) >>> MainScreen() method=None
DescendantBlur(widget=ListView()) >>> MidiRouterApp(title='MidiRouterApp', classes={'-dark-mode'}, pseudo_classes={'dark', 'blur'}) method=None
InvokeLater(callback=functools.partial(<function App._update_mouse_over.<locals>.check_mouse at 0x0000016733114FE0>)) >>> MidiRouterApp(title='MidiRouterApp', classes={'-dark-mode'}, pseudo_classes={'dark', 'blur'}) method=<MessagePump.on_invoke_later>
<stylesheet> loaded 1 CSS files in 33 ms
Update(FooterKey(classes='-compact -command-palette')) >>> MainScreen() method=<Screen.on_update>
Layout() >>> MainScreen() method=<Screen.on_layout>
Update(Footer()) >>> MainScreen() method=<Screen.on_update>
Layout() >>> MainScreen() method=<Screen.on_layout>
Update(Label()) >>> MainScreen() method=<Screen.on_update>
Layout() >>> MainScreen() method=<Screen.on_layout>
Update(Label(id='midi-router-label')) >>> MainScreen() method=<Screen.on_update>
Layout() >>> MainScreen() method=<Screen.on_layout>
Update(Vertical()) >>> MainScreen() method=<Screen.on_update>
Layout() >>> MainScreen() method=<Screen.on_layout>
Update(Label()) >>> MainScreen() method=<Screen.on_update>
Layout() >>> MainScreen() method=<Screen.on_layout>
Update(ListItem(classes='-highlight')) >>> MainScreen() method=<Screen.on_update>
Layout() >>> MainScreen() method=<Screen.on_layout>
Update(Label()) >>> MainScreen() method=<Screen.on_update>
Layout() >>> MainScreen() method=<Screen.on_layout>
Update(ListItem()) >>> MainScreen() method=<Screen.on_update>
Layout() >>> MainScreen() method=<Screen.on_layout>
Update(ListView()) >>> MainScreen() method=<Screen.on_update>
Layout() >>> MainScreen() method=<Screen.on_layout>
Update(Routes(id='routes-view')) >>> MainScreen() method=<Screen.on_update>
Layout() >>> MainScreen() method=<Screen.on_layout>
Update(Horizontal()) >>> MainScreen() method=<Screen.on_update>
Layout() >>> MainScreen() method=<Screen.on_layout>
Update(HeaderClockSpace()) >>> MainScreen() method=<Screen.on_update>
Layout() >>> MainScreen() method=<Screen.on_layout>
Update(HeaderTitle()) >>> MainScreen() method=<Screen.on_update>
Layout() >>> MainScreen() method=<Screen.on_layout>
Update(HeaderIcon()) >>> MainScreen() method=<Screen.on_update>
Layout() >>> MainScreen() method=<Screen.on_layout>
Update(Header()) >>> MainScreen() method=<Screen.on_update>
Layout() >>> MainScreen() method=<Screen.on_layout>
Layout() >>> Screen(id='_default') method=<Screen.on_layout>
InvokeLater(callback=functools.partial(<function App._update_mouse_over.<locals>.check_mouse at 0x0000016732E1DEE0>)) >>> MidiRouterApp(title='MidiRouterApp', classes={'-dark-mode'}, pseudo_classes={'dark', 'blur'}) method=<MessagePump.on_invoke_later>
InvokeLater(callback=functools.partial(<function App._update_mouse_over.<locals>.check_mouse at 0x0000016732F12F20>)) >>> MidiRouterApp(title='MidiRouterApp', classes={'-dark-mode'}, pseudo_classes={'dark', 'blur'}) method=<MessagePump.on_invoke_later>
InvokeLater(callback=functools.partial(<function App._update_mouse_over.<locals>.check_mouse at 0x0000016732F132E0>)) >>> MidiRouterApp(title='MidiRouterApp', classes={'-dark-mode'}, pseudo_classes={'dark', 'blur'}) method=<MessagePump.on_invoke_later>
InvokeLater(callback=functools.partial(<function App._update_mouse_over.<locals>.check_mouse at 0x0000016732E1E0C0>)) >>> MidiRouterApp(title='MidiRouterApp', classes={'-dark-mode'}, pseudo_classes={'dark', 'blur'}) method=<MessagePump.on_invoke_later>
InvokeLater(callback=functools.partial(<function App._update_mouse_over.<locals>.check_mouse at 0x0000016732E1DE40>)) >>> MidiRouterApp(title='MidiRouterApp', classes={'-dark-mode'}, pseudo_classes={'dark', 'blur'}) method=<MessagePump.on_invoke_later>
<stylesheet> loaded 1 CSS files in 31 ms
Update(FooterKey(classes='-compact -command-palette')) >>> MainScreen() method=<Screen.on_update>
Layout() >>> MainScreen() method=<Screen.on_layout>
Update(Footer()) >>> MainScreen() method=<Screen.on_update>
Layout() >>> MainScreen() method=<Screen.on_layout>
Update(Label()) >>> MainScreen() method=<Screen.on_update>
Layout() >>> MainScreen() method=<Screen.on_layout>
Update(Label(id='midi-router-label')) >>> MainScreen() method=<Screen.on_update>
Layout() >>> MainScreen() method=<Screen.on_layout>
Update(Vertical()) >>> MainScreen() method=<Screen.on_update>
Layout() >>> MainScreen() method=<Screen.on_layout>
Update(Label()) >>> MainScreen() method=<Screen.on_update>
Layout() >>> MainScreen() method=<Screen.on_layout>
Update(ListItem(classes='-highlight')) >>> MainScreen() method=<Screen.on_update>
Layout() >>> MainScreen() method=<Screen.on_layout>
Update(Label()) >>> MainScreen() method=<Screen.on_update>
Layout() >>> MainScreen() method=<Screen.on_layout>
Update(ListItem()) >>> MainScreen() method=<Screen.on_update>
Layout() >>> MainScreen() method=<Screen.on_layout>
Update(ListView()) >>> MainScreen() method=<Screen.on_update>
Layout() >>> MainScreen() method=<Screen.on_layout>
Update(Routes(id='routes-view')) >>> MainScreen() method=<Screen.on_update>
Layout() >>> MainScreen() method=<Screen.on_layout>
Update(Horizontal()) >>> MainScreen() method=<Screen.on_update>
Layout() >>> MainScreen() method=<Screen.on_layout>
Update(HeaderClockSpace()) >>> MainScreen() method=<Screen.on_update>
Layout() >>> MainScreen() method=<Screen.on_layout>
Update(HeaderTitle()) >>> MainScreen() method=<Screen.on_update>
Layout() >>> MainScreen() method=<Screen.on_layout>
Update(HeaderIcon()) >>> MainScreen() method=<Screen.on_update>
Layout() >>> MainScreen() method=<Screen.on_layout>
Update(Header()) >>> MainScreen() method=<Screen.on_update>
Layout() >>> MainScreen() method=<Screen.on_layout>
Layout() >>> Screen(id='_default') method=<Screen.on_layout>
InvokeLater(callback=functools.partial(<function App._update_mouse_over.<locals>.check_mouse at 0x000001673307A5C0>)) >>> MidiRouterApp(title='MidiRouterApp', classes={'-dark-mode'}, pseudo_classes={'dark', 'blur'}) method=<MessagePump.on_invoke_later>
InvokeLater(callback=functools.partial(<function App._update_mouse_over.<locals>.check_mouse at 0x0000016732F500E0>)) >>> MidiRouterApp(title='MidiRouterApp', classes={'-dark-mode'}, pseudo_classes={'dark', 'blur'}) method=<MessagePump.on_invoke_later>
InvokeLater(callback=functools.partial(<function App._update_mouse_over.<locals>.check_mouse at 0x0000016732F534C0>)) >>> MidiRouterApp(title='MidiRouterApp', classes={'-dark-mode'}, pseudo_classes={'dark', 'blur'}) method=<MessagePump.on_invoke_later>
InvokeLater(callback=functools.partial(<function App._update_mouse_over.<locals>.check_mouse at 0x000001673307A7A0>)) >>> MidiRouterApp(title='MidiRouterApp', classes={'-dark-mode'}, pseudo_classes={'dark', 'blur'}) method=<MessagePump.on_invoke_later>
InvokeLater(callback=functools.partial(<function App._update_mouse_over.<locals>.check_mouse at 0x0000016732F52340>)) >>> MidiRouterApp(title='MidiRouterApp', classes={'-dark-mode'}, pseudo_classes={'dark', 'blur'}) method=<MessagePump.on_invoke_later>
AppFocus() >>> MidiRouterApp(title='MidiRouterApp', classes={'-dark-mode'}, pseudo_classes={'dark', 'blur'}) method=<App.on_app_focus>
ListView() was focused
InvokeLater(callback=functools.partial(<bound method Widget.recompose of Footer()>)) >>> Footer() method=<MessagePump.on_invoke_later>
InvokeLater(callback=functools.partial(<bound method Widget.recompose of Footer()>)) >>> Footer() method=<MessagePump.on_invoke_later>
InvokeLater(callback=functools.partial(<bound method Screen.refresh_bindings of MainScreen()>)) >>> MainScreen() method=<MessagePump.on_invoke_later>
Update(HeaderTitle()) >>> MainScreen() method=<Screen.on_update>
Focus(from_app_focus=True) >>> ListView() method=<Widget.on_focus>
DescendantFocus(widget=ListView()) >>> Routes(id='routes-view') method=None
Update(ListView()) >>> MainScreen() method=<Screen.on_update>
InvokeLater(callback=functools.partial(<function App._update_mouse_over.<locals>.check_mouse at 0x0000016732F53100>)) >>> MidiRouterApp(title='MidiRouterApp', classes={'-dark-mode'}, pseudo_classes={'focus', 'dark'}) method=<MessagePump.on_invoke_later>
DescendantFocus(widget=ListView()) >>> Horizontal() method=None
Prune() >>> FooterKey(classes='-compact -command-palette') method=<Widget.on_prune>
Unmount() >>> FooterKey(classes='-compact -command-palette') method=<Widget.on_unmount>
Compose() >>> FooterKey(classes='-command-palette') method=<Widget.on_compose>
Mount() >>> FooterKey(classes='-command-palette') method=<Widget.on_mount>
InvokeLater(callback=functools.partial(<function App._update_mouse_over.<locals>.check_mouse at 0x0000016732D7ADE0>)) >>> MidiRouterApp(title='MidiRouterApp', classes={'-dark-mode'}, pseudo_classes={'focus', 'dark'}) method=<MessagePump.on_invoke_later>
InvokeLater(callback=functools.partial(<function App._update_mouse_over.<locals>.check_mouse at 0x0000016732D7B420>)) >>> MidiRouterApp(title='MidiRouterApp', classes={'-dark-mode'}, pseudo_classes={'focus', 'dark'}) method=<MessagePump.on_invoke_later>
MouseMove(Vertical(), x=7, y=6, pointer_x=7.0, pointer_y=6.0, delta_x=-1, delta_y=-12, screen_x=113.0, screen_y=7.0, style=Style(bgcolor=Color('#121212', ColorType.TRUECOLOR, triplet=ColorTriplet(red=18, green=18, blue=18)))) >>> Vertical() method=None
MouseMove(Vertical(), x=7, y=6, pointer_x=7.0, pointer_y=6.0, delta_x=-1, delta_y=-12, screen_x=113.0, screen_y=7.0, style=Style(bgcolor=Color('#121212', ColorType.TRUECOLOR, triplet=ColorTriplet(red=18, green=18, blue=18)))) >>> Horizontal() method=None
Callback(callback=functools.partial(<function Widget.mount.<locals>.update_styles at 0x000001673307BB00>, [FooterKey(classes='-compact -command-palette')])) >>> Footer() method=<MessagePump.on_callback>
InvokeLater(callback=functools.partial(<function App._update_mouse_over.<locals>.check_mouse at 0x0000016732D7B560>)) >>> MidiRouterApp(title='MidiRouterApp', classes={'-dark-mode'}, pseudo_classes={'focus', 'dark'}) method=<MessagePump.on_invoke_later>
Prune() >>> FooterKey(classes='-compact -command-palette') method=<Widget.on_prune>
Unmount() >>> FooterKey(classes='-compact -command-palette') method=<Widget.on_unmount>
Compose() >>> FooterKey(classes='-command-palette') method=<Widget.on_compose>
Mount() >>> FooterKey(classes='-command-palette') method=<Widget.on_mount>
InvokeLater(callback=functools.partial(<function App._update_mouse_over.<locals>.check_mouse at 0x0000016732D7AF20>)) >>> MidiRouterApp(title='MidiRouterApp', classes={'-dark-mode'}, pseudo_classes={'focus', 'dark'}) method=<MessagePump.on_invoke_later>
InvokeLater(callback=functools.partial(<function App._update_mouse_over.<locals>.check_mouse at 0x0000016732D78E00>)) >>> MidiRouterApp(title='MidiRouterApp', classes={'-dark-mode'}, pseudo_classes={'focus', 'dark'}) method=<MessagePump.on_invoke_later>
InvokeLater(callback=functools.partial(<function App._update_mouse_over.<locals>.check_mouse at 0x0000016732DDD440>)) >>> MidiRouterApp(title='MidiRouterApp', classes={'-dark-mode'}, pseudo_classes={'focus', 'dark'}) method=<MessagePump.on_invoke_later>
Update(Label()) >>> MainScreen() method=<Screen.on_update>
Update(ListItem(classes='-highlight')) >>> MainScreen() method=<Screen.on_update>
Update(Label()) >>> MainScreen() method=<Screen.on_update>
Update(ListItem()) >>> MainScreen() method=<Screen.on_update>
DescendantFocus(widget=ListView()) >>> MainScreen() method=None
Update(Footer()) >>> MainScreen() method=<Screen.on_update>
Layout() >>> MainScreen() method=<Screen.on_layout>
Update(FooterKey(classes='-compact -command-palette')) >>> MainScreen() method=<Screen.on_update>
MouseMove(Vertical(), x=7, y=6, pointer_x=7.0, pointer_y=6.0, delta_x=-1, delta_y=-12, screen_x=113.0, screen_y=7.0, style=Style(bgcolor=Color('#121212', ColorType.TRUECOLOR, triplet=ColorTriplet(red=18, green=18, blue=18)))) >>> MainScreen() method=None
Update(Footer()) >>> MainScreen() method=<Screen.on_update>
Layout() >>> MainScreen() method=<Screen.on_layout>
Update(Footer()) >>> MainScreen() method=<Screen.on_update>
Layout() >>> MainScreen() method=<Screen.on_layout>
Update(FooterKey(classes='-compact -command-palette')) >>> MainScreen() method=<Screen.on_update>
Callback(callback=functools.partial(<function Widget.mount.<locals>.update_styles at 0x0000016732D7AE80>, [FooterKey(classes='-compact -command-palette')])) >>> Footer() method=<MessagePump.on_callback>
InvokeLater(callback=functools.partial(<bound method Widget.recompose of Footer()>)) >>> Footer() method=<MessagePump.on_invoke_later>
InvokeLater(callback=functools.partial(<function App._update_mouse_over.<locals>.check_mouse at 0x0000016732DAF4C0>)) >>> MidiRouterApp(title='MidiRouterApp', classes={'-dark-mode'}, pseudo_classes={'focus', 'dark'}) method=<MessagePump.on_invoke_later>
DescendantFocus(widget=ListView()) >>> MidiRouterApp(title='MidiRouterApp', classes={'-dark-mode'}, pseudo_classes={'focus', 'dark'}) method=None
MouseMove(Vertical(), x=7, y=6, pointer_x=7.0, pointer_y=6.0, delta_x=-1, delta_y=-12, screen_x=113.0, screen_y=7.0, style=Style(bgcolor=Color('#121212', ColorType.TRUECOLOR, triplet=ColorTriplet(red=18, green=18, blue=18)))) >>> MidiRouterApp(title='MidiRouterApp', classes={'-dark-mode'}, pseudo_classes={'focus', 'dark'}) method=None
InvokeLater(callback=functools.partial(<function App._update_mouse_over.<locals>.check_mouse at 0x000001673158EF20>)) >>> MidiRouterApp(title='MidiRouterApp', classes={'-dark-mode'}, pseudo_classes={'focus', 'dark'}) method=<MessagePump.on_invoke_later>
Update(Footer()) >>> MainScreen() method=<Screen.on_update>
Resize(size=Size(width=12, height=1), container_size=Size(width=10, height=1)) >>> FooterKey(classes='-compact -command-palette') method=None
Show() >>> FooterKey(classes='-compact -command-palette') method=<Widget.on_show>
Prune() >>> FooterKey(classes='-compact -command-palette') method=<Widget.on_prune>
Unmount() >>> FooterKey(classes='-compact -command-palette') method=<Widget.on_unmount>
InvokeLater(callback=functools.partial(<function App._update_mouse_over.<locals>.check_mouse at 0x0000016732F518A0>)) >>> MidiRouterApp(title='MidiRouterApp', classes={'-dark-mode'}, pseudo_classes={'focus', 'dark'}) method=<MessagePump.on_invoke_later>
InvokeLater(callback=functools.partial(<function App._update_mouse_over.<locals>.check_mouse at 0x0000016732D79A80>)) >>> MidiRouterApp(title='MidiRouterApp', classes={'-dark-mode'}, pseudo_classes={'focus', 'dark'}) method=<MessagePump.on_invoke_later>
Compose() >>> FooterKey(classes='-command-palette') method=<Widget.on_compose>
Mount() >>> FooterKey(classes='-command-palette') method=<Widget.on_mount>
InvokeLater(callback=functools.partial(<function App._update_mouse_over.<locals>.check_mouse at 0x000001672E6A1A80>)) >>> MidiRouterApp(title='MidiRouterApp', classes={'-dark-mode'}, pseudo_classes={'focus', 'dark'}) method=<MessagePump.on_invoke_later>
Layout() >>> MainScreen() method=<Screen.on_layout>
Layout() >>> MainScreen() method=<Screen.on_layout>
Update(Footer()) >>> MainScreen() method=<Screen.on_update>
Layout() >>> MainScreen() method=<Screen.on_layout>
Update(Footer()) >>> MainScreen() method=<Screen.on_update>
Layout() >>> MainScreen() method=<Screen.on_layout>
Update(FooterKey(classes='-compact -command-palette')) >>> MainScreen() method=<Screen.on_update>
Callback(callback=functools.partial(<function Widget.mount.<locals>.update_styles at 0x0000016732D7B7E0>, [FooterKey(classes='-compact -command-palette')])) >>> Footer() method=<MessagePump.on_callback>
InvokeLater(callback=functools.partial(<function App._update_mouse_over.<locals>.check_mouse at 0x000001673307ADE0>)) >>> MidiRouterApp(title='MidiRouterApp', classes={'-dark-mode'}, pseudo_classes={'focus', 'dark'}) method=<MessagePump.on_invoke_later>
InvokeLater(callback=functools.partial(<function App._update_mouse_over.<locals>.check_mouse at 0x0000016732D79B20>)) >>> MidiRouterApp(title='MidiRouterApp', classes={'-dark-mode'}, pseudo_classes={'focus', 'dark'}) method=<MessagePump.on_invoke_later>
Update(Footer()) >>> MainScreen() method=<Screen.on_update>
Layout() >>> MainScreen() method=<Screen.on_layout>
Resize(size=Size(width=12, height=1), container_size=Size(width=10, height=1)) >>> FooterKey(classes='-compact -command-palette') method=None
Show() >>> FooterKey(classes='-compact -command-palette') method=<Widget.on_show>
InvokeLater(callback=functools.partial(<function App._update_mouse_over.<locals>.check_mouse at 0x00000167331925C0>)) >>> MidiRouterApp(title='MidiRouterApp', classes={'-dark-mode'}, pseudo_classes={'focus', 'dark'}) method=<MessagePump.on_invoke_later>
Update(FooterKey(classes='-compact -command-palette')) >>> MainScreen() method=<Screen.on_update>
Layout() >>> MainScreen() method=<Screen.on_layout>
InvokeLater(callback=functools.partial(<function App._update_mouse_over.<locals>.check_mouse at 0x0000016733192340>)) >>> MidiRouterApp(title='MidiRouterApp', classes={'-dark-mode'}, pseudo_classes={'focus', 'dark'}) method=<MessagePump.on_invoke_later>
MouseMove(Vertical(), x=6, y=7, pointer_x=6.0, pointer_y=7.0, delta_x=-1, delta_y=1, screen_x=112.0, screen_y=8.0, style=Style(bgcolor=Color('#121212', ColorType.TRUECOLOR, triplet=ColorTriplet(red=18, green=18, blue=18)))) >>> Vertical() method=None
MouseMove(Vertical(), x=6, y=7, pointer_x=6.0, pointer_y=7.0, delta_x=-1, delta_y=1, screen_x=112.0, screen_y=8.0, style=Style(bgcolor=Color('#121212', ColorType.TRUECOLOR, triplet=ColorTriplet(red=18, green=18, blue=18)))) >>> Horizontal() method=None
MouseMove(Vertical(), x=6, y=7, pointer_x=6.0, pointer_y=7.0, delta_x=-1, delta_y=1, screen_x=112.0, screen_y=8.0, style=Style(bgcolor=Color('#121212', ColorType.TRUECOLOR, triplet=ColorTriplet(red=18, green=18, blue=18)))) >>> MainScreen() method=None
MouseMove(Vertical(), x=6, y=7, pointer_x=6.0, pointer_y=7.0, delta_x=-1, delta_y=1, screen_x=112.0, screen_y=8.0, style=Style(bgcolor=Color('#121212', ColorType.TRUECOLOR, triplet=ColorTriplet(red=18, green=18, blue=18)))) >>> MidiRouterApp(title='MidiRouterApp', classes={'-dark-mode'}, pseudo_classes={'focus', 'dark'}) method=None
MouseMove(Vertical(), x=3, y=9, pointer_x=3.0, pointer_y=9.0, delta_x=-3, delta_y=2, screen_x=109.0, screen_y=10.0, style=Style(bgcolor=Color('#121212', ColorType.TRUECOLOR, triplet=ColorTriplet(red=18, green=18, blue=18)))) >>> Vertical() method=None
MouseMove(Vertical(), x=3, y=9, pointer_x=3.0, pointer_y=9.0, delta_x=-3, delta_y=2, screen_x=109.0, screen_y=10.0, style=Style(bgcolor=Color('#121212', ColorType.TRUECOLOR, triplet=ColorTriplet(red=18, green=18, blue=18)))) >>> Horizontal() method=None
MouseMove(Vertical(), x=3, y=9, pointer_x=3.0, pointer_y=9.0, delta_x=-3, delta_y=2, screen_x=109.0, screen_y=10.0, style=Style(bgcolor=Color('#121212', ColorType.TRUECOLOR, triplet=ColorTriplet(red=18, green=18, blue=18)))) >>> MainScreen() method=None
MouseMove(Vertical(), x=3, y=9, pointer_x=3.0, pointer_y=9.0, delta_x=-3, delta_y=2, screen_x=109.0, screen_y=10.0, style=Style(bgcolor=Color('#121212', ColorType.TRUECOLOR, triplet=ColorTriplet(red=18, green=18, blue=18)))) >>> MidiRouterApp(title='MidiRouterApp', classes={'-dark-mode'}, pseudo_classes={'focus', 'dark'}) method=None
MouseMove(Vertical(), x=2, y=9, pointer_x=2.0, pointer_y=9.0, delta_x=-1, screen_x=108.0, screen_y=10.0, style=Style(bgcolor=Color('#121212', ColorType.TRUECOLOR, triplet=ColorTriplet(red=18, green=18, blue=18)))) >>> Vertical() method=None
MouseMove(Vertical(), x=2, y=9, pointer_x=2.0, pointer_y=9.0, delta_x=-1, screen_x=108.0, screen_y=10.0, style=Style(bgcolor=Color('#121212', ColorType.TRUECOLOR, triplet=ColorTriplet(red=18, green=18, blue=18)))) >>> Horizontal() method=None
MouseMove(Vertical(), x=2, y=9, pointer_x=2.0, pointer_y=9.0, delta_x=-1, screen_x=108.0, screen_y=10.0, style=Style(bgcolor=Color('#121212', ColorType.TRUECOLOR, triplet=ColorTriplet(red=18, green=18, blue=18)))) >>> MainScreen() method=None
MouseMove(Vertical(), x=2, y=9, pointer_x=2.0, pointer_y=9.0, delta_x=-1, screen_x=108.0, screen_y=10.0, style=Style(bgcolor=Color('#121212', ColorType.TRUECOLOR, triplet=ColorTriplet(red=18, green=18, blue=18)))) >>> MidiRouterApp(title='MidiRouterApp', classes={'-dark-mode'}, pseudo_classes={'focus', 'dark'}) method=None
MouseMove(Vertical(), x=0, y=10, pointer_x=0.0, pointer_y=10.0, delta_x=-2, delta_y=1, screen_x=106.0, screen_y=11.0, style=Style(bgcolor=Color('#121212', ColorType.TRUECOLOR, triplet=ColorTriplet(red=18, green=18, blue=18)))) >>> Vertical() method=None
MouseMove(Vertical(), x=0, y=10, pointer_x=0.0, pointer_y=10.0, delta_x=-2, delta_y=1, screen_x=106.0, screen_y=11.0, style=Style(bgcolor=Color('#121212', ColorType.TRUECOLOR, triplet=ColorTriplet(red=18, green=18, blue=18)))) >>> Horizontal() method=None
MouseMove(Vertical(), x=0, y=10, pointer_x=0.0, pointer_y=10.0, delta_x=-2, delta_y=1, screen_x=106.0, screen_y=11.0, style=Style(bgcolor=Color('#121212', ColorType.TRUECOLOR, triplet=ColorTriplet(red=18, green=18, blue=18)))) >>> MainScreen() method=None
MouseMove(Vertical(), x=0, y=10, pointer_x=0.0, pointer_y=10.0, delta_x=-2, delta_y=1, screen_x=106.0, screen_y=11.0, style=Style(bgcolor=Color('#121212', ColorType.TRUECOLOR, triplet=ColorTriplet(red=18, green=18, blue=18)))) >>> MidiRouterApp(title='MidiRouterApp', classes={'-dark-mode'}, pseudo_classes={'focus', 'dark'}) method=None
MouseMove(Vertical(), x=0, y=11, pointer_x=0.0, pointer_y=11.0, delta_y=1, screen_x=106.0, screen_y=12.0, style=Style(bgcolor=Color('#121212', ColorType.TRUECOLOR, triplet=ColorTriplet(red=18, green=18, blue=18)))) >>> Vertical() method=None
MouseMove(Vertical(), x=0, y=11, pointer_x=0.0, pointer_y=11.0, delta_y=1, screen_x=106.0, screen_y=12.0, style=Style(bgcolor=Color('#121212', ColorType.TRUECOLOR, triplet=ColorTriplet(red=18, green=18, blue=18)))) >>> Horizontal() method=None
MouseMove(Vertical(), x=0, y=11, pointer_x=0.0, pointer_y=11.0, delta_y=1, screen_x=106.0, screen_y=12.0, style=Style(bgcolor=Color('#121212', ColorType.TRUECOLOR, triplet=ColorTriplet(red=18, green=18, blue=18)))) >>> MainScreen() method=None
MouseMove(Vertical(), x=0, y=11, pointer_x=0.0, pointer_y=11.0, delta_y=1, screen_x=106.0, screen_y=12.0, style=Style(bgcolor=Color('#121212', ColorType.TRUECOLOR, triplet=ColorTriplet(red=18, green=18, blue=18)))) >>> MidiRouterApp(title='MidiRouterApp', classes={'-dark-mode'}, pseudo_classes={'focus', 'dark'}) method=None
Leave() >>> Vertical() method=<Widget.on_leave>
Enter() >>> Routes(id='routes-view') method=<Widget.on_enter>
MouseMove(Routes(id='routes-view'), x=105, y=12, pointer_x=105.0, pointer_y=12.0, delta_x=-1, delta_y=1, screen_y=13.0, style=Style(color=Color('#ff0000', ColorType.TRUECOLOR, triplet=ColorTriplet(red=255, green=0, blue=0)), bgcolor=Color('#121212', ColorType.TRUECOLOR, triplet=ColorTriplet(red=18, green=18, blue=18)))) >>> Routes(id='routes-view') method=None
Leave() >>> Horizontal() method=<Widget.on_leave>
Enter() >>> Horizontal() method=<Widget.on_enter>
MouseMove(Routes(id='routes-view'), x=105, y=12, pointer_x=105.0, pointer_y=12.0, delta_x=-1, delta_y=1, screen_y=13.0, style=Style(color=Color('#ff0000', ColorType.TRUECOLOR, triplet=ColorTriplet(red=255, green=0, blue=0)), bgcolor=Color('#121212', ColorType.TRUECOLOR, triplet=ColorTriplet(red=18, green=18, blue=18)))) >>> Horizontal() method=None
Leave() >>> MainScreen() method=<Widget.on_leave>
Enter() >>> MainScreen() method=<Widget.on_enter>
MouseMove(Routes(id='routes-view'), x=105, y=12, pointer_x=105.0, pointer_y=12.0, delta_x=-1, delta_y=1, screen_y=13.0, style=Style(color=Color('#ff0000', ColorType.TRUECOLOR, triplet=ColorTriplet(red=255, green=0, blue=0)), bgcolor=Color('#121212', ColorType.TRUECOLOR, triplet=ColorTriplet(red=18, green=18, blue=18)))) >>> MainScreen() method=None
Leave() >>> MidiRouterApp(title='MidiRouterApp', classes={'-dark-mode'}, pseudo_classes={'focus', 'dark'}) method=None
Enter() >>> MidiRouterApp(title='MidiRouterApp', classes={'-dark-mode'}, pseudo_classes={'focus', 'dark'}) method=None
MouseMove(Routes(id='routes-view'), x=105, y=12, pointer_x=105.0, pointer_y=12.0, delta_x=-1, delta_y=1, screen_y=13.0, style=Style(color=Color('#ff0000', ColorType.TRUECOLOR, triplet=ColorTriplet(red=255, green=0, blue=0)), bgcolor=Color('#121212', ColorType.TRUECOLOR, triplet=ColorTriplet(red=18, green=18, blue=18)))) >>> MidiRouterApp(title='MidiRouterApp', classes={'-dark-mode'}, pseudo_classes={'focus', 'dark'}) method=None
MouseMove(Routes(id='routes-view'), x=105, y=13, pointer_x=105.0, pointer_y=13.0, delta_y=1, screen_y=14.0, style=Style(color=Color('#ff0000', ColorType.TRUECOLOR, triplet=ColorTriplet(red=255, green=0, blue=0)), bgcolor=Color('#121212', ColorType.TRUECOLOR, triplet=ColorTriplet(red=18, green=18, blue=18)))) >>> Routes(id='routes-view') method=None
MouseMove(Routes(id='routes-view'), x=105, y=13, pointer_x=105.0, pointer_y=13.0, delta_y=1, screen_y=14.0, style=Style(color=Color('#ff0000', ColorType.TRUECOLOR, triplet=ColorTriplet(red=255, green=0, blue=0)), bgcolor=Color('#121212', ColorType.TRUECOLOR, triplet=ColorTriplet(red=18, green=18, blue=18)))) >>> Horizontal() method=None
MouseMove(Routes(id='routes-view'), x=105, y=13, pointer_x=105.0, pointer_y=13.0, delta_y=1, screen_y=14.0, style=Style(color=Color('#ff0000', ColorType.TRUECOLOR, triplet=ColorTriplet(red=255, green=0, blue=0)), bgcolor=Color('#121212', ColorType.TRUECOLOR, triplet=ColorTriplet(red=18, green=18, blue=18)))) >>> MainScreen() method=None
MouseMove(Routes(id='routes-view'), x=105, y=13, pointer_x=105.0, pointer_y=13.0, delta_y=1, screen_y=14.0, style=Style(color=Color('#ff0000', ColorType.TRUECOLOR, triplet=ColorTriplet(red=255, green=0, blue=0)), bgcolor=Color('#121212', ColorType.TRUECOLOR, triplet=ColorTriplet(red=18, green=18, blue=18)))) >>> MidiRouterApp(title='MidiRouterApp', classes={'-dark-mode'}, pseudo_classes={'focus', 'dark'}) method=None
MouseMove(Routes(id='routes-view'), x=105, y=14, pointer_x=105.0, pointer_y=14.0, delta_y=1, screen_y=15.0, style=Style(color=Color('#ff0000', ColorType.TRUECOLOR, triplet=ColorTriplet(red=255, green=0, blue=0)), bgcolor=Color('#121212', ColorType.TRUECOLOR, triplet=ColorTriplet(red=18, green=18, blue=18)))) >>> Routes(id='routes-view') method=None
MouseMove(Routes(id='routes-view'), x=105, y=14, pointer_x=105.0, pointer_y=14.0, delta_y=1, screen_y=15.0, style=Style(color=Color('#ff0000', ColorType.TRUECOLOR, triplet=ColorTriplet(red=255, green=0, blue=0)), bgcolor=Color('#121212', ColorType.TRUECOLOR, triplet=ColorTriplet(red=18, green=18, blue=18)))) >>> Horizontal() method=None
MouseMove(Routes(id='routes-view'), x=105, y=14, pointer_x=105.0, pointer_y=14.0, delta_y=1, screen_y=15.0, style=Style(color=Color('#ff0000', ColorType.TRUECOLOR, triplet=ColorTriplet(red=255, green=0, blue=0)), bgcolor=Color('#121212', ColorType.TRUECOLOR, triplet=ColorTriplet(red=18, green=18, blue=18)))) >>> MainScreen() method=None
MouseMove(Routes(id='routes-view'), x=105, y=14, pointer_x=105.0, pointer_y=14.0, delta_y=1, screen_y=15.0, style=Style(color=Color('#ff0000', ColorType.TRUECOLOR, triplet=ColorTriplet(red=255, green=0, blue=0)), bgcolor=Color('#121212', ColorType.TRUECOLOR, triplet=ColorTriplet(red=18, green=18, blue=18)))) >>> MidiRouterApp(title='MidiRouterApp', classes={'-dark-mode'}, pseudo_classes={'focus', 'dark'}) method=None
Leave() >>> Routes(id='routes-view') method=<Widget.on_leave>
Enter() >>> Vertical() method=<Widget.on_enter>
MouseMove(Vertical(), x=0, y=14, pointer_x=0.0, pointer_y=14.0, delta_x=1, screen_x=106.0, screen_y=15.0, style=Style(bgcolor=Color('#121212', ColorType.TRUECOLOR, triplet=ColorTriplet(red=18, green=18, blue=18)))) >>> Vertical() method=None
Leave() >>> Horizontal() method=<Widget.on_leave>
Enter() >>> Horizontal() method=<Widget.on_enter>
MouseMove(Vertical(), x=0, y=14, pointer_x=0.0, pointer_y=14.0, delta_x=1, screen_x=106.0, screen_y=15.0, style=Style(bgcolor=Color('#121212', ColorType.TRUECOLOR, triplet=ColorTriplet(red=18, green=18, blue=18)))) >>> Horizontal() method=None
Leave() >>> MainScreen() method=<Widget.on_leave>
Enter() >>> MainScreen() method=<Widget.on_enter>
MouseMove(Vertical(), x=0, y=14, pointer_x=0.0, pointer_y=14.0, delta_x=1, screen_x=106.0, screen_y=15.0, style=Style(bgcolor=Color('#121212', ColorType.TRUECOLOR, triplet=ColorTriplet(red=18, green=18, blue=18)))) >>> MainScreen() method=None
Leave() >>> MidiRouterApp(title='MidiRouterApp', classes={'-dark-mode'}, pseudo_classes={'focus', 'dark'}) method=None
Enter() >>> MidiRouterApp(title='MidiRouterApp', classes={'-dark-mode'}, pseudo_classes={'focus', 'dark'}) method=None
MouseMove(Vertical(), x=0, y=14, pointer_x=0.0, pointer_y=14.0, delta_x=1, screen_x=106.0, screen_y=15.0, style=Style(bgcolor=Color('#121212', ColorType.TRUECOLOR, triplet=ColorTriplet(red=18, green=18, blue=18)))) >>> MidiRouterApp(title='MidiRouterApp', classes={'-dark-mode'}, pseudo_classes={'focus', 'dark'}) method=None
MouseMove(Vertical(), x=1, y=14, pointer_x=1.0, pointer_y=14.0, delta_x=1, screen_x=107.0, screen_y=15.0, style=Style(bgcolor=Color('#121212', ColorType.TRUECOLOR, triplet=ColorTriplet(red=18, green=18, blue=18)))) >>> Vertical() method=None
MouseMove(Vertical(), x=1, y=14, pointer_x=1.0, pointer_y=14.0, delta_x=1, screen_x=107.0, screen_y=15.0, style=Style(bgcolor=Color('#121212', ColorType.TRUECOLOR, triplet=ColorTriplet(red=18, green=18, blue=18)))) >>> Horizontal() method=None
MouseMove(Vertical(), x=1, y=14, pointer_x=1.0, pointer_y=14.0, delta_x=1, screen_x=107.0, screen_y=15.0, style=Style(bgcolor=Color('#121212', ColorType.TRUECOLOR, triplet=ColorTriplet(red=18, green=18, blue=18)))) >>> MainScreen() method=None
MouseMove(Vertical(), x=1, y=14, pointer_x=1.0, pointer_y=14.0, delta_x=1, screen_x=107.0, screen_y=15.0, style=Style(bgcolor=Color('#121212', ColorType.TRUECOLOR, triplet=ColorTriplet(red=18, green=18, blue=18)))) >>> MidiRouterApp(title='MidiRouterApp', classes={'-dark-mode'}, pseudo_classes={'focus', 'dark'}) method=None
MouseMove(Vertical(), x=3, y=14, pointer_x=3.0, pointer_y=14.0, delta_x=2, screen_x=109.0, screen_y=15.0, style=Style(bgcolor=Color('#121212', ColorType.TRUECOLOR, triplet=ColorTriplet(red=18, green=18, blue=18)))) >>> Vertical() method=None
MouseMove(Vertical(), x=3, y=14, pointer_x=3.0, pointer_y=14.0, delta_x=2, screen_x=109.0, screen_y=15.0, style=Style(bgcolor=Color('#121212', ColorType.TRUECOLOR, triplet=ColorTriplet(red=18, green=18, blue=18)))) >>> Horizontal() method=None
MouseMove(Vertical(), x=3, y=14, pointer_x=3.0, pointer_y=14.0, delta_x=2, screen_x=109.0, screen_y=15.0, style=Style(bgcolor=Color('#121212', ColorType.TRUECOLOR, triplet=ColorTriplet(red=18, green=18, blue=18)))) >>> MainScreen() method=None
MouseMove(Vertical(), x=3, y=14, pointer_x=3.0, pointer_y=14.0, delta_x=2, screen_x=109.0, screen_y=15.0, style=Style(bgcolor=Color('#121212', ColorType.TRUECOLOR, triplet=ColorTriplet(red=18, green=18, blue=18)))) >>> MidiRouterApp(title='MidiRouterApp', classes={'-dark-mode'}, pseudo_classes={'focus', 'dark'}) method=None
MouseMove(Vertical(), x=5, y=13, pointer_x=5.0, pointer_y=13.0, delta_x=2, delta_y=-1, screen_x=111.0, screen_y=14.0, style=Style(bgcolor=Color('#121212', ColorType.TRUECOLOR, triplet=ColorTriplet(red=18, green=18, blue=18)))) >>> Vertical() method=None
MouseMove(Vertical(), x=5, y=13, pointer_x=5.0, pointer_y=13.0, delta_x=2, delta_y=-1, screen_x=111.0, screen_y=14.0, style=Style(bgcolor=Color('#121212', ColorType.TRUECOLOR, triplet=ColorTriplet(red=18, green=18, blue=18)))) >>> Horizontal() method=None
MouseMove(Vertical(), x=5, y=13, pointer_x=5.0, pointer_y=13.0, delta_x=2, delta_y=-1, screen_x=111.0, screen_y=14.0, style=Style(bgcolor=Color('#121212', ColorType.TRUECOLOR, triplet=ColorTriplet(red=18, green=18, blue=18)))) >>> MainScreen() method=None
MouseMove(Vertical(), x=5, y=13, pointer_x=5.0, pointer_y=13.0, delta_x=2, delta_y=-1, screen_x=111.0, screen_y=14.0, style=Style(bgcolor=Color('#121212', ColorType.TRUECOLOR, triplet=ColorTriplet(red=18, green=18, blue=18)))) >>> MidiRouterApp(title='MidiRouterApp', classes={'-dark-mode'}, pseudo_classes={'focus', 'dark'}) method=None
MouseMove(Vertical(), x=6, y=13, pointer_x=6.0, pointer_y=13.0, delta_x=1, screen_x=112.0, screen_y=14.0, style=Style(bgcolor=Color('#121212', ColorType.TRUECOLOR, triplet=ColorTriplet(red=18, green=18, blue=18)))) >>> Vertical() method=None
MouseMove(Vertical(), x=6, y=13, pointer_x=6.0, pointer_y=13.0, delta_x=1, screen_x=112.0, screen_y=14.0, style=Style(bgcolor=Color('#121212', ColorType.TRUECOLOR, triplet=ColorTriplet(red=18, green=18, blue=18)))) >>> Horizontal() method=None
MouseMove(Vertical(), x=6, y=13, pointer_x=6.0, pointer_y=13.0, delta_x=1, screen_x=112.0, screen_y=14.0, style=Style(bgcolor=Color('#121212', ColorType.TRUECOLOR, triplet=ColorTriplet(red=18, green=18, blue=18)))) >>> MainScreen() method=None
MouseMove(Vertical(), x=6, y=13, pointer_x=6.0, pointer_y=13.0, delta_x=1, screen_x=112.0, screen_y=14.0, style=Style(bgcolor=Color('#121212', ColorType.TRUECOLOR, triplet=ColorTriplet(red=18, green=18, blue=18)))) >>> MidiRouterApp(title='MidiRouterApp', classes={'-dark-mode'}, pseudo_classes={'focus', 'dark'}) method=None
MouseMove(Vertical(), x=8, y=13, pointer_x=8.0, pointer_y=13.0, delta_x=2, screen_x=114.0, screen_y=14.0, style=Style(bgcolor=Color('#121212', ColorType.TRUECOLOR, triplet=ColorTriplet(red=18, green=18, blue=18)))) >>> Vertical() method=None
MouseMove(Vertical(), x=8, y=13, pointer_x=8.0, pointer_y=13.0, delta_x=2, screen_x=114.0, screen_y=14.0, style=Style(bgcolor=Color('#121212', ColorType.TRUECOLOR, triplet=ColorTriplet(red=18, green=18, blue=18)))) >>> Horizontal() method=None
MouseMove(Vertical(), x=8, y=13, pointer_x=8.0, pointer_y=13.0, delta_x=2, screen_x=114.0, screen_y=14.0, style=Style(bgcolor=Color('#121212', ColorType.TRUECOLOR, triplet=ColorTriplet(red=18, green=18, blue=18)))) >>> MainScreen() method=None
MouseMove(Vertical(), x=8, y=13, pointer_x=8.0, pointer_y=13.0, delta_x=2, screen_x=114.0, screen_y=14.0, style=Style(bgcolor=Color('#121212', ColorType.TRUECOLOR, triplet=ColorTriplet(red=18, green=18, blue=18)))) >>> MidiRouterApp(title='MidiRouterApp', classes={'-dark-mode'}, pseudo_classes={'focus', 'dark'}) method=None
MouseMove(Vertical(), x=9, y=13, pointer_x=9.0, pointer_y=13.0, delta_x=1, screen_x=115.0, screen_y=14.0, style=Style(bgcolor=Color('#121212', ColorType.TRUECOLOR, triplet=ColorTriplet(red=18, green=18, blue=18)))) >>> Vertical() method=None
MouseMove(Vertical(), x=9, y=13, pointer_x=9.0, pointer_y=13.0, delta_x=1, screen_x=115.0, screen_y=14.0, style=Style(bgcolor=Color('#121212', ColorType.TRUECOLOR, triplet=ColorTriplet(red=18, green=18, blue=18)))) >>> Horizontal() method=None
MouseMove(Vertical(), x=9, y=13, pointer_x=9.0, pointer_y=13.0, delta_x=1, screen_x=115.0, screen_y=14.0, style=Style(bgcolor=Color('#121212', ColorType.TRUECOLOR, triplet=ColorTriplet(red=18, green=18, blue=18)))) >>> MainScreen() method=None
MouseMove(Vertical(), x=9, y=13, pointer_x=9.0, pointer_y=13.0, delta_x=1, screen_x=115.0, screen_y=14.0, style=Style(bgcolor=Color('#121212', ColorType.TRUECOLOR, triplet=ColorTriplet(red=18, green=18, blue=18)))) >>> MidiRouterApp(title='MidiRouterApp', classes={'-dark-mode'}, pseudo_classes={'focus', 'dark'}) method=None
MouseMove(Vertical(), x=10, y=12, pointer_x=10.0, pointer_y=12.0, delta_x=1, delta_y=-1, screen_x=116.0, screen_y=13.0, style=Style(bgcolor=Color('#121212', ColorType.TRUECOLOR, triplet=ColorTriplet(red=18, green=18, blue=18)))) >>> Vertical() method=None
MouseMove(Vertical(), x=10, y=12, pointer_x=10.0, pointer_y=12.0, delta_x=1, delta_y=-1, screen_x=116.0, screen_y=13.0, style=Style(bgcolor=Color('#121212', ColorType.TRUECOLOR, triplet=ColorTriplet(red=18, green=18, blue=18)))) >>> Horizontal() method=None
MouseMove(Vertical(), x=10, y=12, pointer_x=10.0, pointer_y=12.0, delta_x=1, delta_y=-1, screen_x=116.0, screen_y=13.0, style=Style(bgcolor=Color('#121212', ColorType.TRUECOLOR, triplet=ColorTriplet(red=18, green=18, blue=18)))) >>> MainScreen() method=None
MouseMove(Vertical(), x=10, y=12, pointer_x=10.0, pointer_y=12.0, delta_x=1, delta_y=-1, screen_x=116.0, screen_y=13.0, style=Style(bgcolor=Color('#121212', ColorType.TRUECOLOR, triplet=ColorTriplet(red=18, green=18, blue=18)))) >>> MidiRouterApp(title='MidiRouterApp', classes={'-dark-mode'}, pseudo_classes={'focus', 'dark'}) method=None
MouseMove(Vertical(), x=11, y=12, pointer_x=11.0, pointer_y=12.0, delta_x=1, screen_x=117.0, screen_y=13.0, style=Style(bgcolor=Color('#121212', ColorType.TRUECOLOR, triplet=ColorTriplet(red=18, green=18, blue=18)))) >>> Vertical() method=None
MouseMove(Vertical(), x=11, y=12, pointer_x=11.0, pointer_y=12.0, delta_x=1, screen_x=117.0, screen_y=13.0, style=Style(bgcolor=Color('#121212', ColorType.TRUECOLOR, triplet=ColorTriplet(red=18, green=18, blue=18)))) >>> Horizontal() method=None
MouseMove(Vertical(), x=11, y=12, pointer_x=11.0, pointer_y=12.0, delta_x=1, screen_x=117.0, screen_y=13.0, style=Style(bgcolor=Color('#121212', ColorType.TRUECOLOR, triplet=ColorTriplet(red=18, green=18, blue=18)))) >>> MainScreen() method=None
MouseMove(Vertical(), x=11, y=12, pointer_x=11.0, pointer_y=12.0, delta_x=1, screen_x=117.0, screen_y=13.0, style=Style(bgcolor=Color('#121212', ColorType.TRUECOLOR, triplet=ColorTriplet(red=18, green=18, blue=18)))) >>> MidiRouterApp(title='MidiRouterApp', classes={'-dark-mode'}, pseudo_classes={'focus', 'dark'}) method=None
MouseMove(Vertical(), x=12, y=12, pointer_x=12.0, pointer_y=12.0, delta_x=1, screen_x=118.0, screen_y=13.0, style=Style(bgcolor=Color('#121212', ColorType.TRUECOLOR, triplet=ColorTriplet(red=18, green=18, blue=18)))) >>> Vertical() method=None
MouseMove(Vertical(), x=12, y=12, pointer_x=12.0, pointer_y=12.0, delta_x=1, screen_x=118.0, screen_y=13.0, style=Style(bgcolor=Color('#121212', ColorType.TRUECOLOR, triplet=ColorTriplet(red=18, green=18, blue=18)))) >>> Horizontal() method=None
MouseMove(Vertical(), x=12, y=12, pointer_x=12.0, pointer_y=12.0, delta_x=1, screen_x=118.0, screen_y=13.0, style=Style(bgcolor=Color('#121212', ColorType.TRUECOLOR, triplet=ColorTriplet(red=18, green=18, blue=18)))) >>> MainScreen() method=None
MouseMove(Vertical(), x=12, y=12, pointer_x=12.0, pointer_y=12.0, delta_x=1, screen_x=118.0, screen_y=13.0, style=Style(bgcolor=Color('#121212', ColorType.TRUECOLOR, triplet=ColorTriplet(red=18, green=18, blue=18)))) >>> MidiRouterApp(title='MidiRouterApp', classes={'-dark-mode'}, pseudo_classes={'focus', 'dark'}) method=None
MouseMove(Vertical(), x=13, y=12, pointer_x=13.0, pointer_y=12.0, delta_x=1, screen_x=119.0, screen_y=13.0, style=Style(bgcolor=Color('#121212', ColorType.TRUECOLOR, triplet=ColorTriplet(red=18, green=18, blue=18)))) >>> Vertical() method=None
MouseMove(Vertical(), x=13, y=12, pointer_x=13.0, pointer_y=12.0, delta_x=1, screen_x=119.0, screen_y=13.0, style=Style(bgcolor=Color('#121212', ColorType.TRUECOLOR, triplet=ColorTriplet(red=18, green=18, blue=18)))) >>> Horizontal() method=None
MouseMove(Vertical(), x=13, y=12, pointer_x=13.0, pointer_y=12.0, delta_x=1, screen_x=119.0, screen_y=13.0, style=Style(bgcolor=Color('#121212', ColorType.TRUECOLOR, triplet=ColorTriplet(red=18, green=18, blue=18)))) >>> MainScreen() method=None
MouseMove(Vertical(), x=13, y=12, pointer_x=13.0, pointer_y=12.0, delta_x=1, screen_x=119.0, screen_y=13.0, style=Style(bgcolor=Color('#121212', ColorType.TRUECOLOR, triplet=ColorTriplet(red=18, green=18, blue=18)))) >>> MidiRouterApp(title='MidiRouterApp', classes={'-dark-mode'}, pseudo_classes={'focus', 'dark'}) method=None
AppBlur() >>> MidiRouterApp(title='MidiRouterApp', classes={'-dark-mode'}, pseudo_classes={'focus', 'dark'}) method=<App.on_app_blur>
focus was removed
Blur() >>> ListView() method=<Widget.on_blur>
InvokeLater(callback=functools.partial(<bound method Screen.refresh_bindings of MainScreen()>)) >>> MainScreen() method=<MessagePump.on_invoke_later>
Update(HeaderTitle()) >>> MainScreen() method=<Screen.on_update>
Update(ListView()) >>> MainScreen() method=<Screen.on_update>
DescendantBlur(widget=ListView()) >>> Routes(id='routes-view') method=None
Update(Label()) >>> MainScreen() method=<Screen.on_update>
Update(ListItem(classes='-highlight')) >>> MainScreen() method=<Screen.on_update>
Update(Label()) >>> MainScreen() method=<Screen.on_update>
Update(ListItem()) >>> MainScreen() method=<Screen.on_update>
DescendantBlur(widget=ListView()) >>> Horizontal() method=None
InvokeLater(callback=functools.partial(<function App._update_mouse_over.<locals>.check_mouse at 0x0000016732E1F920>)) >>> MidiRouterApp(title='MidiRouterApp', classes={'-dark-mode'}, pseudo_classes={'dark', 'blur'}) method=<MessagePump.on_invoke_later>
DescendantBlur(widget=ListView()) >>> MainScreen() method=None
MouseMove(Vertical(), x=13, y=12, pointer_x=13.0, pointer_y=12.0, screen_x=119.0, screen_y=13.0, meta=True, style=Style(bgcolor=Color('#121212', ColorType.TRUECOLOR, triplet=ColorTriplet(red=18, green=18, blue=18)))) >>> Vertical() method=None
DescendantBlur(widget=ListView()) >>> MidiRouterApp(title='MidiRouterApp', classes={'-dark-mode'}, pseudo_classes={'dark', 'blur'}) method=None
MouseMove(Vertical(), x=13, y=12, pointer_x=13.0, pointer_y=12.0, screen_x=119.0, screen_y=13.0, meta=True, style=Style(bgcolor=Color('#121212', ColorType.TRUECOLOR, triplet=ColorTriplet(red=18, green=18, blue=18)))) >>> Horizontal() method=None
MouseMove(Vertical(), x=13, y=12, pointer_x=13.0, pointer_y=12.0, screen_x=119.0, screen_y=13.0, meta=True, style=Style(bgcolor=Color('#121212', ColorType.TRUECOLOR, triplet=ColorTriplet(red=18, green=18, blue=18)))) >>> MainScreen() method=None
MouseMove(Vertical(), x=13, y=12, pointer_x=13.0, pointer_y=12.0, screen_x=119.0, screen_y=13.0, meta=True, style=Style(bgcolor=Color('#121212', ColorType.TRUECOLOR, triplet=ColorTriplet(red=18, green=18, blue=18)))) >>> MidiRouterApp(title='MidiRouterApp', classes={'-dark-mode'}, pseudo_classes={'dark', 'blur'}) method=None
InvokeLater(callback=functools.partial(<function App._update_mouse_over.<locals>.check_mouse at 0x0000016733191B20>)) >>> MidiRouterApp(title='MidiRouterApp', classes={'-dark-mode'}, pseudo_classes={'dark', 'blur'}) method=<MessagePump.on_invoke_later>
Prune() >>> MainScreen() method=<Widget.on_prune>
Prune() >>> ToastRack(id='textual-toastrack', classes='-textual-system') method=<Widget.on_prune>
Prune() >>> Tooltip(id='textual-tooltip', classes='-textual-system') method=<Widget.on_prune>
Unmount() >>> Tooltip(id='textual-tooltip', classes='-textual-system') method=<Widget.on_unmount>
Prune() >>> Header() method=<Widget.on_prune>
Prune() >>> Horizontal() method=<Widget.on_prune>
Prune() >>> Footer() method=<Widget.on_prune>
Prune() >>> ScrollBar(name='vertical', classes='-textual-system', window_virtual_size=100, window_size=0, position=0, thickness=2) method=<Widget.on_prune>
Unmount() >>> ScrollBar(name='vertical', classes='-textual-system', window_virtual_size=100, window_size=0, position=0, thickness=2) method=<Widget.on_unmount>
Prune() >>> HeaderIcon() method=<Widget.on_prune>
Unmount() >>> HeaderIcon() method=<Widget.on_unmount>
Prune() >>> HeaderTitle() method=<Widget.on_prune>
Unmount() >>> HeaderTitle() method=<Widget.on_unmount>
Prune() >>> HeaderClockSpace() method=<Widget.on_prune>
Unmount() >>> HeaderClockSpace() method=<Widget.on_unmount>
Prune() >>> Routes(id='routes-view') method=<Widget.on_prune>
Prune() >>> Vertical() method=<Widget.on_prune>
Prune() >>> FooterKey(classes='-compact -command-palette') method=<Widget.on_prune>
Unmount() >>> FooterKey(classes='-compact -command-palette') method=<Widget.on_unmount>
Prune() >>> ListView() method=<Widget.on_prune>
Prune() >>> Label(id='midi-router-label') method=<Widget.on_prune>
Unmount() >>> Label(id='midi-router-label') method=<Widget.on_unmount>
Prune() >>> Label() method=<Widget.on_prune>
Unmount() >>> Label() method=<Widget.on_unmount>
Unmount() >>> ToastRack(id='textual-toastrack', classes='-textual-system') method=<Widget.on_unmount>
Unmount() >>> Header() method=<Widget.on_unmount>
Prune() >>> ListItem() method=<Widget.on_prune>
Prune() >>> ListItem(classes='-highlight') method=<Widget.on_prune>
Unmount() >>> Footer() method=<Footer.on_unmount>
Unmount() >>> Footer() method=<Widget.on_unmount>
Prune() >>> Label() method=<Widget.on_prune>
Unmount() >>> Label() method=<Widget.on_unmount>
Prune() >>> Label() method=<Widget.on_prune>
Unmount() >>> Label() method=<Widget.on_unmount>
Unmount() >>> Vertical() method=<Widget.on_unmount>
Unmount() >>> ListItem() method=<Widget.on_unmount>
Unmount() >>> ListItem(classes='-highlight') method=<Widget.on_unmount>
Unmount() >>> ListView() method=<Widget.on_unmount>
Unmount() >>> Routes(id='routes-view') method=<Widget.on_unmount>
Unmount() >>> Horizontal() method=<Widget.on_unmount>
Unmount() >>> MainScreen() method=<Widget.on_unmount>
Prune() >>> Screen(id='_default') method=<Widget.on_prune>
Prune() >>> ToastRack(id='textual-toastrack', classes='-textual-system') method=<Widget.on_prune>
Prune() >>> Tooltip(id='textual-tooltip', classes='-textual-system') method=<Widget.on_prune>
Unmount() >>> Tooltip(id='textual-tooltip', classes='-textual-system') method=<Widget.on_unmount>
Prune() >>> ScrollBar(name='vertical', classes='-textual-system', window_virtual_size=100, window_size=0, position=0, thickness=2) method=<Widget.on_prune>
Unmount() >>> ScrollBar(name='vertical', classes='-textual-system', window_virtual_size=100, window_size=0, position=0, thickness=2) method=<Widget.on_unmount>
Unmount() >>> ToastRack(id='textual-toastrack', classes='-textual-system') method=<Widget.on_unmount>
Unmount() >>> Screen(id='_default') method=<Widget.on_unmount>
Unmount() >>> MidiRouterApp(title='MidiRouterApp', classes={'-dark-mode'}, pseudo_classes={'dark', 'blur'}) method=None
